r,c,prob,yhat_raw,yhat_clustered
905,2099,0.711990263474641,0,0
516,1214,0.713336200177551,0,0
392,1297,0.7045602709806073,0,0
772,1882,0.6689935163571238,0,0
80,1741,0.7290617249283287,0,0
847,1332,0.713336200177551,0,0
1357,907,0.7367407108710181,0,0
433,1866,0.7274510706103533,0,0
678,812,0.7855431361780173,1,0
585,505,0.8540379341840119,1,0
678,2103,0.6129739688241392,0,0
519,629,0.8540379341840119,1,0
907,1052,0.713336200177551,0,0
339,927,0.8221890694693323,1,0
636,1386,0.713336200177551,0,0
730,1961,0.24473203414484335,0,0
421,1073,0.711990263474641,0,0
644,740,0.7653894589865652,0,0
198,1596,0.7274510706103533,0,0
429,1172,0.7045602709806073,0,0
449,829,0.8235438219141987,1,0
348,1002,0.7653894589865652,0,0
245,1184,0.729815105485368,0,0
737,746,0.7444542440454819,0,0
822,869,0.7531184320683209,0,0
830,1263,0.713336200177551,0,0
835,918,0.7531184320683209,0,0
815,1504,0.713336200177551,0,0
1289,946,0.713336200177551,0,0
720,2118,0.6027197451656674,0,0
632,687,0.8193268561712257,1,0
956,2281,0.7531184320683209,0,0
508,1785,0.711990263474641,0,0
847,1119,0.713336200177551,0,0
849,1309,0.713336200177551,0,0
525,1930,0.711990263474641,0,0
610,1572,0.711990263474641,0,0
617,1532,0.711990263474641,0,0
239,1431,0.711990263474641,0,0
783,1803,0.7045602709806073,0,0
975,2172,0.713336200177551,0,0
899,1340,0.7274510706103533,0,0
927,1968,0.7055446717777563,0,0
577,1294,0.713336200177551,0,0
602,2133,0.713336200177551,0,0
534,623,0.8255094056554834,1,0
1032,1057,0.7274510706103533,0,0
582,1985,0.711990263474641,0,0
937,1869,0.713336200177551,0,0
718,1462,0.711990263474641,0,0
703,1665,0.711990263474641,0,0
451,948,0.7531184320683209,0,0
550,1207,0.713336200177551,0,0
591,1468,0.711990263474641,0,0
459,1325,0.711990263474641,0,0
295,1229,0.713336200177551,0,0
564,1222,0.713336200177551,0,0
450,1178,0.6129739688241392,0,0
744,2113,0.711990263474641,0,0
886,1765,0.713336200177551,0,0
1508,818,0.7653894589865652,0,0
391,1374,0.46063928870757276,0,0
418,1600,0.24473203414484335,0,0
922,1382,0.7290617249283287,0,0
822,1090,0.713336200177551,0,0
484,876,0.7854751849997674,0,0
621,1077,0.7290617249283287,0,0
453,1608,0.711990263474641,0,0
349,1363,0.7045602709806073,0,0
358,1651,0.5702064420670645,0,0
261,1364,0.713336200177551,0,0
515,1203,0.713336200177551,0,0
333,1105,0.713336200177551,0,0
389,1961,0.729815105485368,0,0
878,1202,0.713336200177551,0,0
729,810,0.7621373909238652,0,0
346,1902,0.7055446717777563,0,0
551,1380,0.711990263474641,0,0
1029,1145,0.7290617249283287,0,0
789,939,0.7367407108710181,0,0
379,1766,0.711990263474641,0,0
779,2197,0.713336200177551,0,0
754,1711,0.7045602709806073,0,0
978,1998,0.713336200177551,0,0
352,1208,0.720428641330266,0,0
791,1087,0.713336200177551,0,0
393,1208,0.713336200177551,0,0
594,1142,0.713336200177551,0,0
498,936,0.7274510706103533,0,0
529,727,0.8193268561712257,1,0
576,1411,0.711990263474641,0,0
1022,1892,0.8069369088429615,1,0
755,1762,0.7045602709806073,0,0
469,1519,0.711990263474641,0,0
760,1665,0.7055446717777563,0,0
233,1405,0.713336200177551,0,0
445,878,0.8255094056554834,1,0
248,1460,0.711990263474641,0,0
288,1582,0.711990263474641,0,0
789,1805,0.6027197451656674,0,0
582,1279,0.711990263474641,0,0
441,1802,0.713336200177551,0,0
827,2062,0.7045602709806073,0,0
804,1374,0.713336200177551,0,0
285,1438,0.713336200177551,0,0
768,1901,0.6689935163571238,0,0
949,1816,0.7274510706103533,0,0
417,919,0.7854751849997674,0,0
493,1266,0.711990263474641,0,0
581,1360,0.713336200177551,0,0
588,1732,0.711990263474641,0,0
545,1416,0.713336200177551,0,0
175,1542,0.7274510706103533,0,0
216,1169,0.7653894589865652,0,0
738,2182,0.711990263474641,0,0
579,2136,0.7274510706103533,0,0
813,1713,0.6027197451656674,0,0
542,500,0.8540379341840119,1,0
546,718,0.8069369088429615,1,0
668,1357,0.713336200177551,0,0
180,1696,0.7290617249283287,0,0
301,1690,0.713336200177551,0,0
442,1430,0.6129739688241392,0,0
532,1532,0.7045602709806073,0,0
462,1054,0.713336200177551,0,0
762,1881,0.6027197451656674,0,0
199,1314,0.7653894589865652,0,0
752,1237,0.711990263474641,0,0
784,1110,0.713336200177551,0,0
879,2107,0.711990263474641,0,0
1337,885,0.7290617249283287,0,0
582,1631,0.711990263474641,0,0
777,1675,0.711990263474641,0,0
822,871,0.7367407108710181,0,0
375,1723,0.711990263474641,0,0
795,825,0.7367407108710181,0,0
825,1192,0.713336200177551,0,0
248,1703,0.713336200177551,0,0
610,588,0.7855431361780173,1,0
428,917,0.7697265752001661,0,0
549,1612,0.711990263474641,0,0
985,2151,0.713336200177551,0,0
384,1693,0.711990263474641,0,0
226,1789,0.7290617249283287,0,0
922,2120,0.713336200177551,0,0
528,1043,0.713336200177551,0,0
683,2232,0.7274510706103533,0,0
515,1910,0.711990263474641,0,0
900,2161,0.711990263474641,0,0
1024,2190,0.713336200177551,0,0
1029,2144,0.713336200177551,0,0
951,1057,0.713336200177551,0,0
690,1961,0.7045602709806073,0,0
704,1543,0.711990263474641,0,0
829,2042,0.6027197451656674,0,0
421,1044,0.713336200177551,0,0
432,929,0.7621373909238652,0,0
1151,1027,0.7531184320683209,0,0
614,1453,0.713336200177551,0,0
1259,917,0.713336200177551,0,0
658,1541,0.713336200177551,0,0
1167,968,0.7367407108710181,0,0
715,1290,0.7055446717777563,0,0
974,2213,0.713336200177551,0,0
692,1550,0.711990263474641,0,0
842,1375,0.713336200177551,0,0
668,2221,0.7274510706103533,0,0
527,484,0.8608697156636808,1,0
228,1763,0.7274510706103533,0,0
591,1215,0.713336200177551,0,0
946,1370,0.7367407108710181,0,0
151,1757,0.7290617249283287,0,0
594,1644,0.711990263474641,0,0
242,1083,0.7653894589865652,0,0
656,1785,0.7045602709806073,0,0
452,1166,0.7045602709806073,0,0
709,995,0.713336200177551,0,0
669,1092,0.7274510706103533,0,0
1316,986,0.7274510706103533,0,0
388,1428,0.7045602709806073,0,0
719,960,0.7290617249283287,0,0
754,1218,0.713336200177551,0,0
599,791,0.7531184320683209,0,0
327,1745,0.711990263474641,0,0
446,1870,0.7274510706103533,0,0
576,1160,0.713336200177551,0,0
548,839,0.7531184320683209,0,0
303,1330,0.713336200177551,0,0
675,1984,0.3339940902685344,0,0
969,1083,0.713336200177551,0,0
313,1433,0.711990263474641,0,0
1021,973,0.7367407108710181,0,0
557,1642,0.711990263474641,0,0
440,1349,0.711990263474641,0,0
632,1212,0.713336200177551,0,0
621,1434,0.713336200177551,0,0
991,1999,0.711990263474641,0,0
366,960,0.7531184320683209,0,0
740,1609,0.713336200177551,0,0
633,1516,0.711990263474641,0,0
950,1922,0.713336200177551,0,0
486,1855,0.711990263474641,0,0
963,1200,0.7367407108710181,0,0
238,1578,0.713336200177551,0,0
581,1382,0.713336200177551,0,0
499,678,0.8221890694693323,1,0
211,1705,0.7274510706103533,0,0
560,624,0.8193268561712257,1,0
667,1944,0.7045602709806073,0,0
489,811,0.8193268561712257,1,0
286,1725,0.711990263474641,0,0
659,924,0.7290617249283287,0,0
522,799,0.813136839180823,1,0
657,1197,0.713336200177551,0,0
273,1901,0.7274510706103533,0,0
533,938,0.7290617249283287,0,0
277,1955,0.7274510706103533,0,0
563,687,0.7854751849997674,0,0
439,1006,0.7290617249283287,0,0
290,1053,0.7653894589865652,0,0
389,1932,0.711990263474641,0,0
352,1791,0.7045602709806073,0,0
530,1312,0.711990263474641,0,0
818,1132,0.713336200177551,0,0
484,1974,0.713336200177551,0,0
950,1275,0.7531184320683209,0,0
788,1067,0.713336200177551,0,0
649,908,0.7290617249283287,0,0
1197,981,0.7653894589865652,0,0
283,948,0.8540379341840119,1,0
718,1357,0.713336200177551,0,0
426,1653,0.6027197451656674,0,0
587,2067,0.713336200177551,0,0
633,1686,0.5702064420670645,0,0
406,785,0.8540379341840119,1,0
402,1375,0.6027197451656674,0,0
922,1012,0.713336200177551,0,0
577,1822,0.6129739688241392,0,0
280,937,0.8944378660555131,1,0
502,2085,0.7274510706103533,0,0
677,692,0.7842399257600282,0,0
647,1493,0.713336200177551,0,0
715,2087,0.6027197451656674,0,0
390,1652,0.711990263474641,0,0
987,1920,0.7274510706103533,0,0
133,1688,0.7290617249283287,0,0
249,1448,0.7045602709806073,0,0
906,1269,0.713336200177551,0,0
592,1671,0.7045602709806073,0,0
278,1229,0.713336200177551,0,0
652,2164,0.711990263474641,0,0
700,2003,0.713336200177551,0,0
1025,1111,0.7290617249283287,0,0
1156,2014,0.713336200177551,0,0
811,1448,0.713336200177551,0,0
641,1157,0.713336200177551,0,0
602,2093,0.711990263474641,0,0
770,1375,0.713336200177551,0,0
320,1690,0.713336200177551,0,0
844,1298,0.713336200177551,0,0
566,1598,0.713336200177551,0,0
827,1775,0.711990263474641,0,0
643,1389,0.713336200177551,0,0
224,1771,0.7290617249283287,0,0
469,1982,0.7290617249283287,0,0
187,1207,0.7531184320683209,0,0
644,1711,0.7045602709806073,0,0
952,1012,0.7274510706103533,0,0
145,1395,0.7367407108710181,0,0
557,1988,0.713336200177551,0,0
652,1356,0.713336200177551,0,0
1017,2016,0.713336200177551,0,0
558,1579,0.713336200177551,0,0
981,1824,0.7290617249283287,0,0
368,741,0.8540379341840119,1,0
1438,815,0.7531184320683209,0,0
747,1650,0.7055446717777563,0,0
823,1099,0.713336200177551,0,0
573,1254,0.713336200177551,0,0
227,1499,0.713336200177551,0,0
789,1919,0.3339940902685344,0,0
546,2052,0.711990263474641,0,0
468,1277,0.711990263474641,0,0
962,2011,0.713336200177551,0,0
789,1174,0.711990263474641,0,0
775,1959,0.6689935163571238,0,0
842,1370,0.713336200177551,0,0
295,1828,0.713336200177551,0,0
589,816,0.7531184320683209,0,0
950,1232,0.7290617249283287,0,0
640,1195,0.713336200177551,0,0
416,773,0.8540379341840119,1,0
780,1523,0.713336200177551,0,0
481,1168,0.713336200177551,0,0
726,1762,0.5702064420670645,0,0
568,924,0.7274510706103533,0,0
581,597,0.8193268561712257,1,0
192,1419,0.7290617249283287,0,0
415,1886,0.711990263474641,0,0
684,819,0.7855431361780173,1,0
705,1164,0.713336200177551,0,0
446,765,0.8221890694693323,1,0
122,1738,0.7274510706103533,0,0
885,2286,0.7290617249283287,0,0
569,2068,0.711990263474641,0,0
1399,891,0.7290617249283287,0,0
243,1591,0.713336200177551,0,0
685,1687,0.7055446717777563,0,0
742,1810,0.639190727070103,0,0
302,1607,0.711990263474641,0,0
124,1769,0.7290617249283287,0,0
600,1293,0.713336200177551,0,0
241,1940,0.7290617249283287,0,0
315,716,0.9424330346155027,1,0
177,1290,0.7697265752001661,0,0
653,1661,0.711990263474641,0,0
532,1418,0.711990263474641,0,0
717,1459,0.711990263474641,0,0
573,682,0.7855431361780173,1,0
688,979,0.7290617249283287,0,0
773,878,0.7531184320683209,0,0
220,1245,0.7531184320683209,0,0
629,1368,0.713336200177551,0,0
823,1734,0.711990263474641,0,0
793,1561,0.713336200177551,0,0
226,1422,0.713336200177551,0,0
1121,2107,0.7290617249283287,0,0
1170,2084,0.7274510706103533,0,0
1518,804,0.7653894589865652,0,0
634,735,0.7531184320683209,0,0
607,718,0.7854751849997674,0,0
140,1495,0.7290617249283287,0,0
568,945,0.7274510706103533,0,0
925,1288,0.7274510706103533,0,0
1279,2035,0.7290617249283287,0,0
354,1868,0.713336200177551,0,0
988,1097,0.7274510706103533,0,0
803,1613,0.7045602709806073,0,0
934,969,0.7621373909238652,0,0
382,1087,0.7045602709806073,0,0
1069,1966,0.713336200177551,0,0
864,1471,0.713336200177551,0,0
544,738,0.8193268561712257,1,0
697,1165,0.713336200177551,0,0
1067,958,0.7367407108710181,0,0
434,667,0.8540379341840119,1,0
793,1626,0.7055446717777563,0,0
1059,1987,0.713336200177551,0,0
529,1382,0.7045602709806073,0,0
830,1993,0.46063928870757276,0,0
870,1600,0.713336200177551,0,0
360,788,0.8540379341840119,1,0
664,823,0.7653894589865652,0,0
490,743,0.8193268561712257,1,0
857,2004,0.711990263474641,0,0
247,1478,0.713336200177551,0,0
845,1401,0.713336200177551,0,0
638,1710,0.7045602709806073,0,0
1058,2103,0.711990263474641,0,0
696,984,0.7290617249283287,0,0
599,1194,0.7274510706103533,0,0
1014,2103,0.711990263474641,0,0
420,899,0.8193268561712257,1,0
668,831,0.7531184320683209,0,0
1013,1053,0.7274510706103533,0,0
479,1516,0.711990263474641,0,0
910,1089,0.713336200177551,0,0
599,1653,0.711990263474641,0,0
422,1919,0.713336200177551,0,0
605,904,0.7274510706103533,0,0
486,1779,0.6027197451656674,0,0
262,1403,0.713336200177551,0,0
1055,2148,0.713336200177551,0,0
686,929,0.729815105485368,0,0
364,807,0.8540379341840119,1,0
373,1543,0.4716880409057244,0,0
819,1821,0.7045602709806073,0,0
697,1461,0.7055446717777563,0,0
1170,2086,0.7274510706103533,0,0
524,1457,0.711990263474641,0,0
628,1926,0.711990263474641,0,0
1400,822,0.7367407108710181,0,0
741,1754,0.7055446717777563,0,0
337,1451,0.711990263474641,0,0
622,1145,0.713336200177551,0,0
1533,802,0.7854751849997674,0,0
474,1458,0.7045602709806073,0,0
484,1371,0.7045602709806073,0,0
662,1644,0.6027197451656674,0,0
703,1659,0.711990263474641,0,0
258,1186,0.7290617249283287,0,0
703,1645,0.713336200177551,0,0
1345,988,0.7274510706103533,0,0
511,493,0.8540379341840119,1,0
659,1772,0.7045602709806073,0,0
939,1189,0.7290617249283287,0,0
244,1385,0.713336200177551,0,0
603,1838,0.4716880409057244,0,0
648,855,0.7531184320683209,0,0
618,1168,0.720428641330266,0,0
531,1311,0.711990263474641,0,0
326,1723,0.713336200177551,0,0
266,1570,0.711990263474641,0,0
524,1844,0.711990263474641,0,0
842,1843,0.7045602709806073,0,0
568,2088,0.713336200177551,0,0
622,1640,0.711990263474641,0,0
1057,2163,0.7290617249283287,0,0
880,1020,0.713336200177551,0,0
1324,893,0.7290617249283287,0,0
832,1620,0.713336200177551,0,0
639,1660,0.711990263474641,0,0
600,1195,0.7274510706103533,0,0
867,1562,0.713336200177551,0,0
422,1975,0.7274510706103533,0,0
545,651,0.8193268561712257,1,0
898,1900,0.7045602709806073,0,0
581,2013,0.713336200177551,0,0
348,2029,0.7290617249283287,0,0
800,962,0.7531184320683209,0,0
1060,1048,0.7290617249283287,0,0
683,1721,0.7045602709806073,0,0
800,1837,0.7055446717777563,0,0
433,913,0.7842399257600282,0,0
734,1690,0.711990263474641,0,0
701,989,0.7290617249283287,0,0
866,1225,0.713336200177551,0,0
735,985,0.7274510706103533,0,0
719,1528,0.711990263474641,0,0
594,1589,0.713336200177551,0,0
598,1917,0.711990263474641,0,0
660,890,0.7290617249283287,0,0
767,1599,0.711990263474641,0,0
208,1522,0.713336200177551,0,0
257,1672,0.713336200177551,0,0
1383,848,0.7290617249283287,0,0
990,2045,0.713336200177551,0,0
234,1581,0.713336200177551,0,0
307,995,0.8540379341840119,1,0
241,1511,0.711990263474641,0,0
940,2072,0.713336200177551,0,0
109,1722,0.7274510706103533,0,0
1294,977,0.729815105485368,0,0
741,1854,0.7045602709806073,0,0
300,1983,0.7274510706103533,0,0
871,1988,0.6027197451656674,0,0
975,2135,0.713336200177551,0,0
690,2237,0.7274510706103533,0,0
850,1928,0.711990263474641,0,0
483,1681,0.3339940902685344,0,0
159,1406,0.7531184320683209,0,0
701,1821,0.3339940902685344,0,0
706,1058,0.713336200177551,0,0
120,1683,0.7531184320683209,0,0
1006,1087,0.7290617249283287,0,0
917,1100,0.713336200177551,0,0
280,1752,0.711990263474641,0,0
733,2136,0.7045602709806073,0,0
350,1793,0.7045602709806073,0,0
1394,916,0.713336200177551,0,0
993,2223,0.713336200177551,0,0
353,1710,0.713336200177551,0,0
599,1921,0.713336200177551,0,0
594,684,0.7855431361780173,1,0
527,1161,0.711990263474641,0,0
498,705,0.8221890694693323,1,0
807,1169,0.713336200177551,0,0
479,706,0.8193268561712257,1,0
571,1246,0.713336200177551,0,0
830,1601,0.711990263474641,0,0
476,852,0.8069369088429615,1,0
185,1378,0.729815105485368,0,0
427,1663,0.4716880409057244,0,0
873,2126,0.713336200177551,0,0
911,1967,0.7045602709806073,0,0
666,1406,0.713336200177551,0,0
1437,901,0.7531184320683209,0,0
678,1323,0.711990263474641,0,0
689,1631,0.711990263474641,0,0
490,675,0.8540379341840119,1,0
586,1745,0.7045602709806073,0,0
793,1374,0.720428641330266,0,0
387,1758,0.664869021727954,0,0
349,1289,0.711990263474641,0,0
994,2011,0.711990263474641,0,0
982,1041,0.720428641330266,0,0
424,1279,0.7045602709806073,0,0
646,1191,0.713336200177551,0,0
452,1995,0.7290617249283287,0,0
625,1611,0.7045602709806073,0,0
461,1339,0.7045602709806073,0,0
953,2143,0.713336200177551,0,0
285,1275,0.713336200177551,0,0
966,1056,0.720428641330266,0,0
191,1457,0.7274510706103533,0,0
646,966,0.7274510706103533,0,0
846,1712,0.7045602709806073,0,0
839,1148,0.711990263474641,0,0
399,1795,0.711990263474641,0,0
563,1187,0.7274510706103533,0,0
252,1925,0.7367407108710181,0,0
334,1950,0.720428641330266,0,0
1017,1841,0.7290617249283287,0,0
502,1517,0.7045602709806073,0,0
668,1674,0.6689935163571238,0,0
656,1219,0.713336200177551,0,0
460,1137,0.711990263474641,0,0
257,1721,0.713336200177551,0,0
355,2034,0.7290617249283287,0,0
794,1997,0.6558415889194821,0,0
756,1469,0.713336200177551,0,0
879,2050,0.7045602709806073,0,0
220,1605,0.713336200177551,0,0
449,1109,0.7274510706103533,0,0
832,1898,0.6027197451656674,0,0
300,1310,0.713336200177551,0,0
608,1577,0.713336200177551,0,0
473,2016,0.7290617249283287,0,0
894,2114,0.7055446717777563,0,0
638,966,0.7274510706103533,0,0
430,1848,0.711990263474641,0,0
168,1789,0.7367407108710181,0,0
632,1409,0.713336200177551,0,0
713,1115,0.711990263474641,0,0
477,2085,0.7290617249283287,0,0
380,1313,0.711990263474641,0,0
579,1683,0.7045602709806073,0,0
424,1347,0.3339940902685344,0,0
876,973,0.7531184320683209,0,0
505,1984,0.713336200177551,0,0
831,2244,0.713336200177551,0,0
544,1594,0.711990263474641,0,0
353,1933,0.711990263474641,0,0
845,2007,0.3339940902685344,0,0
480,570,0.8540379341840119,1,0
818,1983,0.3339940902685344,0,0
677,1370,0.713336200177551,0,0
887,2084,0.713336200177551,0,0
831,1391,0.713336200177551,0,0
948,1066,0.713336200177551,0,0
654,1643,0.711990263474641,0,0
402,2024,0.713336200177551,0,0
549,1723,0.7055446717777563,0,0
623,1238,0.713336200177551,0,0
861,1014,0.713336200177551,0,0
565,882,0.7290617249283287,0,0
440,1652,0.7045602709806073,0,0
315,1297,0.713336200177551,0,0
514,1725,0.7045602709806073,0,0
307,1271,0.7274510706103533,0,0
663,1996,0.6027197451656674,0,0
614,1308,0.711990263474641,0,0
469,1080,0.7045602709806073,0,0
970,1148,0.7290617249283287,0,0
482,1746,0.7045602709806073,0,0
171,1483,0.7274510706103533,0,0
598,814,0.7531184320683209,0,0
577,1179,0.7274510706103533,0,0
483,2063,0.7290617249283287,0,0
643,1124,0.7274510706103533,0,0
432,1219,0.6027197451656674,0,0
718,1227,0.713336200177551,0,0
708,870,0.7531184320683209,0,0
900,1847,0.7055446717777563,0,0
440,919,0.7653894589865652,0,0
377,1425,0.7045602709806073,0,0
874,2147,0.713336200177551,0,0
522,861,0.7290617249283287,0,0
662,1845,0.711990263474641,0,0
190,1287,0.7653894589865652,0,0
791,1482,0.713336200177551,0,0
1259,981,0.7653894589865652,0,0
600,2130,0.7274510706103533,0,0
215,1398,0.7274510706103533,0,0
861,1229,0.713336200177551,0,0
982,1919,0.7274510706103533,0,0
300,2003,0.729815105485368,0,0
561,1002,0.713336200177551,0,0
578,1846,0.711990263474641,0,0
688,1157,0.711990263474641,0,0
415,1105,0.711990263474641,0,0
695,1823,0.3339940902685344,0,0
1371,806,0.8235438219141987,1,0
223,1290,0.7531184320683209,0,0
668,2134,0.711990263474641,0,0
428,1996,0.7290617249283287,0,0
752,1786,0.6027197451656674,0,0
534,690,0.8193268561712257,1,0
863,1580,0.713336200177551,0,0
836,971,0.7697265752001661,0,0
811,2169,0.711990263474641,0,0
362,1848,0.713336200177551,0,0
952,1864,0.720428641330266,0,0
266,1972,0.7290617249283287,0,0
843,1848,0.6689935163571238,0,0
620,1554,0.713336200177551,0,0
570,2064,0.713336200177551,0,0
531,750,0.8069369088429615,1,0
631,1441,0.713336200177551,0,0
509,2025,0.713336200177551,0,0
583,985,0.713336200177551,0,0
645,1174,0.713336200177551,0,0
512,1352,0.713336200177551,0,0
787,1543,0.713336200177551,0,0
563,1033,0.713336200177551,0,0
638,1309,0.713336200177551,0,0
508,463,0.8540379341840119,1,0
183,1328,0.7621373909238652,0,0
327,1991,0.7274510706103533,0,0
304,1450,0.711990263474641,0,0
714,1789,0.711990263474641,0,0
975,2185,0.713336200177551,0,0
681,1921,0.3339940902685344,0,0
579,886,0.7290617249283287,0,0
679,1383,0.713336200177551,0,0
683,2191,0.713336200177551,0,0
1109,2117,0.711990263474641,0,0
628,1555,0.713336200177551,0,0
564,1526,0.713336200177551,0,0
889,2269,0.7274510706103533,0,0
702,984,0.7290617249283287,0,0
480,2066,0.7290617249283287,0,0
815,1797,0.711990263474641,0,0
1076,2068,0.711990263474641,0,0
853,988,0.7290617249283287,0,0
839,1842,0.6129739688241392,0,0
920,2240,0.711990263474641,0,0
532,1910,0.7055446717777563,0,0
618,1994,0.6689935163571238,0,0
322,1951,0.713336200177551,0,0
769,1772,0.711990263474641,0,0
1173,1042,0.7531184320683209,0,0
369,742,0.8540379341840119,1,0
417,1508,0.6027197451656674,0,0
870,1312,0.713336200177551,0,0
926,1957,0.7045602709806073,0,0
518,589,0.8540379341840119,1,0
588,1885,0.7045602709806073,0,0
308,1534,0.711990263474641,0,0
649,1921,0.711990263474641,0,0
528,463,0.8944378660555131,1,0
274,1204,0.713336200177551,0,0
1122,2020,0.713336200177551,0,0
284,1687,0.711990263474641,0,0
266,1017,0.8540379341840119,1,0
394,1373,0.46063928870757276,0,0
681,842,0.729815105485368,0,0
244,1268,0.7290617249283287,0,0
132,1521,0.7290617249283287,0,0
1277,915,0.713336200177551,0,0
613,528,0.8540379341840119,1,0
864,1925,0.6027197451656674,0,0
316,1152,0.713336200177551,0,0
795,1018,0.713336200177551,0,0
194,1787,0.7290617249283287,0,0
308,1724,0.711990263474641,0,0
367,1932,0.711990263474641,0,0
883,1375,0.713336200177551,0,0
1041,1062,0.7274510706103533,0,0
923,1899,0.7055446717777563,0,0
870,1483,0.713336200177551,0,0
528,1022,0.713336200177551,0,0
778,1987,0.3339940902685344,0,0
695,938,0.7290617249283287,0,0
905,1814,0.711990263474641,0,0
998,1207,0.8540379341840119,1,0
947,1198,0.7290617249283287,0,0
932,1985,0.711990263474641,0,0
152,1576,0.7290617249283287,0,0
426,1708,0.7055446717777563,0,0
532,1455,0.7055446717777563,0,0
902,2272,0.7274510706103533,0,0
701,2138,0.7045602709806073,0,0
589,1556,0.713336200177551,0,0
809,2130,0.711990263474641,0,0
245,1436,0.713336200177551,0,0
553,1341,0.713336200177551,0,0
1060,2042,0.713336200177551,0,0
397,1752,0.6027197451656674,0,0
501,569,0.8540379341840119,1,0
526,1847,0.7045602709806073,0,0
513,1943,0.711990263474641,0,0
395,1357,0.6689935163571238,0,0
406,1341,0.3339940902685344,0,0
1042,1964,0.713336200177551,0,0
520,1813,0.711990263474641,0,0
603,651,0.8221890694693323,1,0
139,1536,0.7290617249283287,0,0
467,2052,0.7274510706103533,0,0
1123,2036,0.711990263474641,0,0
78,1751,0.729815105485368,0,0
948,1096,0.7274510706103533,0,0
715,1569,0.713336200177551,0,0
997,2256,0.7274510706103533,0,0
633,1989,0.6689935163571238,0,0
395,1421,0.6027197451656674,0,0
720,2019,0.711990263474641,0,0
571,510,0.8540379341840119,1,0
517,573,0.8540379341840119,1,0
631,926,0.7274510706103533,0,0
906,2248,0.713336200177551,0,0
815,2227,0.711990263474641,0,0
866,1429,0.711990263474641,0,0
634,1342,0.713336200177551,0,0
607,1178,0.7274510706103533,0,0
600,1335,0.713336200177551,0,0
676,2015,0.4746481511938844,0,0
638,1397,0.713336200177551,0,0
672,957,0.729815105485368,0,0
909,1241,0.713336200177551,0,0
676,1417,0.713336200177551,0,0
527,1637,0.7055446717777563,0,0
207,1610,0.713336200177551,0,0
820,1225,0.713336200177551,0,0
513,1015,0.713336200177551,0,0
1425,793,0.7854751849997674,0,0
420,1053,0.720428641330266,0,0
386,1906,0.713336200177551,0,0
569,1446,0.713336200177551,0,0
795,2178,0.7045602709806073,0,0
505,1462,0.6027197451656674,0,0
1209,978,0.7653894589865652,0,0
691,877,0.7290617249283287,0,0
518,1491,0.7045602709806073,0,0
712,1950,0.7055446717777563,0,0
963,1026,0.713336200177551,0,0
616,1883,0.7045602709806073,0,0
537,1977,0.713336200177551,0,0
613,822,0.7653894589865652,0,0
1036,1044,0.7274510706103533,0,0
861,1852,0.711990263474641,0,0
368,1259,0.711990263474641,0,0
463,1363,0.7055446717777563,0,0
750,2192,0.711990263474641,0,0
756,2050,0.6027197451656674,0,0
573,1542,0.713336200177551,0,0
829,905,0.7531184320683209,0,0
478,813,0.8540379341840119,1,0
856,1231,0.713336200177551,0,0
942,1002,0.7274510706103533,0,0
666,1057,0.7274510706103533,0,0
1116,1004,0.7531184320683209,0,0
631,725,0.7531184320683209,0,0
537,487,0.8608697156636808,1,0
264,1826,0.7290617249283287,0,0
316,1620,0.711990263474641,0,0
505,887,0.7290617249283287,0,0
510,1145,0.711990263474641,0,0
1120,1034,0.729815105485368,0,0
795,1074,0.713336200177551,0,0
195,1762,0.7290617249283287,0,0
645,1513,0.713336200177551,0,0
747,1765,0.6027197451656674,0,0
927,989,0.7531184320683209,0,0
981,2017,0.713336200177551,0,0
415,903,0.8193268561712257,1,0
513,1870,0.6315538754814155,0,0
593,1774,0.711990263474641,0,0
765,1410,0.713336200177551,0,0
426,869,0.8255094056554834,1,0
802,942,0.7621373909238652,0,0
659,2170,0.713336200177551,0,0
311,1690,0.711990263474641,0,0
456,1583,0.7045602709806073,0,0
353,1255,0.711990263474641,0,0
1379,940,0.713336200177551,0,0
803,881,0.729815105485368,0,0
512,1389,0.7055446717777563,0,0
422,793,0.8255094056554834,1,0
525,1329,0.711990263474641,0,0
402,1657,0.6027197451656674,0,0
922,1963,0.711990263474641,0,0
754,1088,0.713336200177551,0,0
874,1012,0.713336200177551,0,0
500,2111,0.7274510706103533,0,0
195,1186,0.7854751849997674,0,0
639,1766,0.711990263474641,0,0
891,1434,0.713336200177551,0,0
536,1283,0.711990263474641,0,0
585,643,0.7854751849997674,0,0
397,1519,0.6027197451656674,0,0
471,1947,0.7274510706103533,0,0
587,513,0.8540379341840119,1,0
595,514,0.8540379341840119,1,0
1278,2054,0.7290617249283287,0,0
404,2047,0.7274510706103533,0,0
213,1191,0.7653894589865652,0,0
392,2049,0.713336200177551,0,0
894,1093,0.713336200177551,0,0
888,1966,0.6689935163571238,0,0
353,1534,0.7045602709806073,0,0
461,1383,0.711990263474641,0,0
301,1935,0.7274510706103533,0,0
487,1913,0.713336200177551,0,0
870,1555,0.713336200177551,0,0
696,1230,0.713336200177551,0,0
625,764,0.729815105485368,0,0
471,1722,0.7045602709806073,0,0
707,1867,0.713336200177551,0,0
527,745,0.8193268561712257,1,0
796,2085,0.5702064420670645,0,0
417,2097,0.7290617249283287,0,0
758,1991,0.3339940902685344,0,0
401,2057,0.7290617249283287,0,0
448,746,0.8221890694693323,1,0
978,2055,0.713336200177551,0,0
681,1830,0.4210733418648213,0,0
340,975,0.7854751849997674,0,0
608,1545,0.711990263474641,0,0
940,1299,0.7290617249283287,0,0
537,1874,0.3339940902685344,0,0
328,1093,0.7274510706103533,0,0
628,2000,0.711990263474641,0,0
865,1270,0.713336200177551,0,0
286,1629,0.713336200177551,0,0
704,1244,0.713336200177551,0,0
586,596,0.8193268561712257,1,0
664,924,0.729815105485368,0,0
692,980,0.7290617249283287,0,0
513,1124,0.713336200177551,0,0
680,964,0.7290617249283287,0,0
933,1181,0.7274510706103533,0,0
665,1217,0.713336200177551,0,0
1180,2089,0.7274510706103533,0,0
722,2046,0.7045602709806073,0,0
542,1692,0.4746481511938844,0,0
215,1475,0.713336200177551,0,0
277,942,0.8540379341840119,1,0
857,2018,0.4716880409057244,0,0
240,1319,0.7290617249283287,0,0
527,1050,0.713336200177551,0,0
672,1419,0.713336200177551,0,0
364,725,0.8540379341840119,1,0
612,1387,0.713336200177551,0,0
468,1711,0.4716880409057244,0,0
1019,2232,0.713336200177551,0,0
776,1231,0.713336200177551,0,0
301,1081,0.7290617249283287,0,0
879,2120,0.713336200177551,0,0
495,1126,0.7055446717777563,0,0
424,2100,0.7290617249283287,0,0
465,1269,0.711990263474641,0,0
1458,858,0.7621373909238652,0,0
316,1901,0.713336200177551,0,0
299,1358,0.713336200177551,0,0
815,1426,0.713336200177551,0,0
1413,878,0.7531184320683209,0,0
387,1117,0.711990263474641,0,0
921,1887,0.7045602709806073,0,0
508,1720,0.4746481511938844,0,0
616,1720,0.7045602709806073,0,0
714,2048,0.4716880409057244,0,0
344,1524,0.7045602709806073,0,0
465,1320,0.711990263474641,0,0
275,1093,0.729815105485368,0,0
925,1268,0.713336200177551,0,0
1149,2035,0.711990263474641,0,0
341,1192,0.713336200177551,0,0
306,1401,0.713336200177551,0,0
247,1214,0.7290617249283287,0,0
221,1475,0.713336200177551,0,0
497,1578,0.6129739688241392,0,0
692,1830,0.7045602709806073,0,0
253,1319,0.7274510706103533,0,0
300,1928,0.7274510706103533,0,0
958,1334,0.7367407108710181,0,0
839,2159,0.7045602709806073,0,0
381,976,0.7531184320683209,0,0
527,1816,0.711990263474641,0,0
483,1162,0.711990263474641,0,0
147,1517,0.7290617249283287,0,0
422,1555,0.3339940902685344,0,0
791,1795,0.6689935163571238,0,0
680,1336,0.713336200177551,0,0
342,1372,0.711990263474641,0,0
1072,975,0.7531184320683209,0,0
777,1115,0.713336200177551,0,0
721,1435,0.711990263474641,0,0
1326,837,0.7653894589865652,0,0
526,742,0.8193268561712257,1,0
402,1623,0.6027197451656674,0,0
274,1375,0.711990263474641,0,0
1133,1032,0.7531184320683209,0,0
656,2151,0.711990263474641,0,0
389,1095,0.711990263474641,0,0
426,795,0.8255094056554834,1,0
400,1408,0.7045602709806073,0,0
286,1073,0.729815105485368,0,0
1383,953,0.7367407108710181,0,0
486,1253,0.713336200177551,0,0
596,1388,0.713336200177551,0,0
429,876,0.8540379341840119,1,0
880,2125,0.713336200177551,0,0
467,1615,0.713336200177551,0,0
798,2193,0.711990263474641,0,0
493,776,0.8221890694693323,1,0
242,1209,0.7367407108710181,0,0
794,1301,0.713336200177551,0,0
644,1214,0.713336200177551,0,0
426,773,0.8540379341840119,1,0
586,1212,0.713336200177551,0,0
149,1581,0.7290617249283287,0,0
853,1739,0.7045602709806073,0,0
767,776,0.7531184320683209,0,0
534,2037,0.713336200177551,0,0
761,1997,0.4716880409057244,0,0
648,763,0.7531184320683209,0,0
168,1565,0.7274510706103533,0,0
382,1573,0.711990263474641,0,0
885,2287,0.7290617249283287,0,0
805,1252,0.713336200177551,0,0
521,1908,0.7055446717777563,0,0
448,1532,0.711990263474641,0,0
475,1281,0.711990263474641,0,0
736,1273,0.711990263474641,0,0
309,1463,0.713336200177551,0,0
896,2041,0.7045602709806073,0,0
663,994,0.7274510706103533,0,0
478,2095,0.7290617249283287,0,0
557,2003,0.713336200177551,0,0
934,1196,0.7274510706103533,0,0
941,985,0.7854751849997674,0,0
884,1008,0.713336200177551,0,0
551,1454,0.711990263474641,0,0
777,1777,0.7055446717777563,0,0
719,2230,0.720428641330266,0,0
520,462,0.8540379341840119,1,0
222,1243,0.7531184320683209,0,0
515,561,0.8540379341840119,1,0
751,1384,0.713336200177551,0,0
430,1122,0.713336200177551,0,0
744,1004,0.713336200177551,0,0
195,1282,0.7653894589865652,0,0
1044,2036,0.713336200177551,0,0
988,1866,0.7290617249283287,0,0
400,1948,0.713336200177551,0,0
363,1162,0.713336200177551,0,0
653,1055,0.7290617249283287,0,0
320,1587,0.711990263474641,0,0
778,1151,0.713336200177551,0,0
478,541,0.8540379341840119,1,0
661,1943,0.711990263474641,0,0
751,1918,0.7045602709806073,0,0
1357,870,0.729815105485368,0,0
213,1456,0.713336200177551,0,0
376,1728,0.711990263474641,0,0
664,1324,0.713336200177551,0,0
657,822,0.7653894589865652,0,0
492,2088,0.7290617249283287,0,0
361,1756,0.713336200177551,0,0
1373,955,0.7290617249283287,0,0
618,981,0.7274510706103533,0,0
622,2020,0.711990263474641,0,0
727,1718,0.711990263474641,0,0
755,1151,0.713336200177551,0,0
256,1969,0.7274510706103533,0,0
307,1587,0.711990263474641,0,0
1351,976,0.7274510706103533,0,0
484,1277,0.711990263474641,0,0
1539,798,0.7854751849997674,0,0
762,911,0.7367407108710181,0,0
655,1006,0.720428641330266,0,0
351,1791,0.7045602709806073,0,0
579,1751,0.711990263474641,0,0
1013,2060,0.713336200177551,0,0
960,1384,0.7367407108710181,0,0
615,983,0.7274510706103533,0,0
521,2115,0.7290617249283287,0,0
476,2113,0.7274510706103533,0,0
943,1328,0.7444542440454819,0,0
659,1973,0.711990263474641,0,0
268,1736,0.713336200177551,0,0
766,1803,0.7055446717777563,0,0
972,1192,0.7531184320683209,0,0
198,1801,0.7290617249283287,0,0
288,1964,0.7290617249283287,0,0
719,862,0.7531184320683209,0,0
845,1706,0.7045602709806073,0,0
603,2165,0.7290617249283287,0,0
738,1084,0.713336200177551,0,0
387,2072,0.7531184320683209,0,0
531,806,0.8193268561712257,1,0
908,1098,0.713336200177551,0,0
815,2156,0.711990263474641,0,0
1093,2069,0.711990263474641,0,0
1070,2151,0.711990263474641,0,0
1033,2270,0.7290617249283287,0,0
1214,1032,0.7290617249283287,0,0
532,1482,0.7045602709806073,0,0
1011,1843,0.7290617249283287,0,0
429,1887,0.713336200177551,0,0
917,1241,0.713336200177551,0,0
489,2090,0.7290617249283287,0,0
1409,899,0.713336200177551,0,0
443,1955,0.7290617249283287,0,0
423,1232,0.711990263474641,0,0
1017,2082,0.713336200177551,0,0
795,2045,0.7045602709806073,0,0
1015,1071,0.7290617249283287,0,0
820,1737,0.7045602709806073,0,0
865,1435,0.711990263474641,0,0
401,1355,0.6689935163571238,0,0
415,1016,0.7290617249283287,0,0
1065,2033,0.713336200177551,0,0
999,2105,0.711990263474641,0,0
778,1417,0.713336200177551,0,0
292,990,0.8540379341840119,1,0
117,1712,0.7274510706103533,0,0
920,1897,0.711990263474641,0,0
1373,851,0.729815105485368,0,0
356,1661,0.7055446717777563,0,0
780,1403,0.713336200177551,0,0
69,1733,0.729815105485368,0,0
566,952,0.713336200177551,0,0
722,1829,0.4716880409057244,0,0
374,717,0.8540379341840119,1,0
754,2048,0.6027197451656674,0,0
573,1419,0.713336200177551,0,0
1011,1929,0.713336200177551,0,0
449,517,0.8540379341840119,1,0
260,1916,0.7367407108710181,0,0
565,687,0.7854751849997674,0,0
366,1661,0.7045602709806073,0,0
916,1872,0.711990263474641,0,0
1083,2064,0.711990263474641,0,0
865,1780,0.6027197451656674,0,0
780,1509,0.713336200177551,0,0
496,1938,0.713336200177551,0,0
972,2256,0.7274510706103533,0,0
570,731,0.8255094056554834,1,0
614,1775,0.7055446717777563,0,0
345,906,0.8608697156636808,1,0
374,1951,0.7290617249283287,0,0
739,1360,0.713336200177551,0,0
1002,2095,0.711990263474641,0,0
377,730,0.8540379341840119,1,0
570,1339,0.713336200177551,0,0
1051,951,0.7367407108710181,0,0
487,1088,0.7055446717777563,0,0
715,855,0.7653894589865652,0,0
1190,965,0.7444542440454819,0,0
783,1649,0.711990263474641,0,0
893,1162,0.713336200177551,0,0
882,1770,0.713336200177551,0,0
431,1110,0.713336200177551,0,0
695,2233,0.7274510706103533,0,0
166,1318,0.7653894589865652,0,0
560,1923,0.711990263474641,0,0
1117,2110,0.713336200177551,0,0
525,1764,0.4716880409057244,0,0
409,870,0.8221890694693323,1,0
620,822,0.7621373909238652,0,0
1373,952,0.7274510706103533,0,0
175,1501,0.7274510706103533,0,0
838,1954,0.4746481511938844,0,0
604,1742,0.7045602709806073,0,0
724,782,0.7531184320683209,0,0
911,1969,0.5975156790148556,0,0
448,891,0.7855431361780173,1,0
785,1957,0.6027197451656674,0,0
618,725,0.7531184320683209,0,0
454,559,0.8540379341840119,1,0
266,1152,0.7290617249283287,0,0
917,1154,0.713336200177551,0,0
1040,1914,0.713336200177551,0,0
679,1447,0.713336200177551,0,0
989,1946,0.713336200177551,0,0
789,1890,0.711990263474641,0,0
726,757,0.7367407108710181,0,0
232,1529,0.713336200177551,0,0
1094,2045,0.711990263474641,0,0
972,1138,0.7290617249283287,0,0
580,1469,0.711990263474641,0,0
421,920,0.7653894589865652,0,0
917,1018,0.713336200177551,0,0
749,992,0.713336200177551,0,0
438,1003,0.7290617249283287,0,0
1481,869,0.7854751849997674,0,0
964,1978,0.713336200177551,0,0
964,2114,0.713336200177551,0,0
557,1964,0.7055446717777563,0,0
302,1365,0.713336200177551,0,0
848,1342,0.713336200177551,0,0
278,1224,0.713336200177551,0,0
736,2159,0.6027197451656674,0,0
776,1365,0.7274510706103533,0,0
1407,861,0.7274510706103533,0,0
431,1184,0.6027197451656674,0,0
1481,801,0.7855431361780173,1,0
672,954,0.729815105485368,0,0
681,1528,0.711990263474641,0,0
1517,830,0.729815105485368,0,0
419,1029,0.7274510706103533,0,0
369,1456,0.7045602709806073,0,0
1013,2023,0.713336200177551,0,0
969,2262,0.7274510706103533,0,0
468,2105,0.7274510706103533,0,0
824,1015,0.713336200177551,0,0
189,1675,0.7290617249283287,0,0
367,1901,0.711990263474641,0,0
470,1992,0.7290617249283287,0,0
880,1974,0.7055446717777563,0,0
632,2115,0.711990263474641,0,0
246,1926,0.7290617249283287,0,0
807,1061,0.713336200177551,0,0
591,1064,0.713336200177551,0,0
814,1662,0.711990263474641,0,0
1054,962,0.7290617249283287,0,0
687,1509,0.711990263474641,0,0
697,2021,0.4210733418648213,0,0
618,2044,0.711990263474641,0,0
808,1678,0.7045602709806073,0,0
1341,907,0.7531184320683209,0,0
791,1688,0.7045602709806073,0,0
293,1774,0.713336200177551,0,0
447,1645,0.4716880409057244,0,0
922,1168,0.713336200177551,0,0
640,2249,0.7274510706103533,0,0
820,1735,0.6027197451656674,0,0
752,1179,0.713336200177551,0,0
915,1005,0.713336200177551,0,0
941,1991,0.713336200177551,0,0
838,1304,0.713336200177551,0,0
872,2025,0.4716880409057244,0,0
628,1200,0.713336200177551,0,0
621,1182,0.713336200177551,0,0
1454,812,0.7653894589865652,0,0
732,1327,0.713336200177551,0,0
463,766,0.8255094056554834,1,0
1040,1066,0.7290617249283287,0,0
723,1053,0.711990263474641,0,0
543,1998,0.713336200177551,0,0
568,1499,0.711990263474641,0,0
661,2225,0.720428641330266,0,0
1369,944,0.7531184320683209,0,0
1119,2053,0.711990263474641,0,0
841,1265,0.713336200177551,0,0
308,1802,0.711990263474641,0,0
364,1666,0.711990263474641,0,0
798,1111,0.713336200177551,0,0
761,1835,0.711990263474641,0,0
857,2131,0.713336200177551,0,0
894,1422,0.7290617249283287,0,0
716,2123,0.6027197451656674,0,0
709,1900,0.7055446717777563,0,0
458,1001,0.720428641330266,0,0
768,1259,0.713336200177551,0,0
959,2051,0.713336200177551,0,0
798,2135,0.711990263474641,0,0
1032,2157,0.713336200177551,0,0
327,794,0.8540379341840119,1,0
1139,1013,0.7367407108710181,0,0
891,1316,0.713336200177551,0,0
771,2214,0.713336200177551,0,0
552,1949,0.7045602709806073,0,0
499,1536,0.667962801040694,0,0
438,1417,0.4716880409057244,0,0
579,1778,0.6689935163571238,0,0
807,1154,0.713336200177551,0,0
572,1538,0.713336200177551,0,0
534,1909,0.7055446717777563,0,0
674,1625,0.711990263474641,0,0
678,1724,0.6129739688241392,0,0
846,1738,0.6027197451656674,0,0
729,936,0.7290617249283287,0,0
843,1899,0.5702064420670645,0,0
1267,926,0.713336200177551,0,0
500,1787,0.7045602709806073,0,0
391,1150,0.7055446717777563,0,0
268,1187,0.7274510706103533,0,0
1465,836,0.7854751849997674,0,0
369,868,0.8193268561712257,1,0
651,1451,0.713336200177551,0,0
592,677,0.8193268561712257,1,0
618,1070,0.7274510706103533,0,0
353,1805,0.711990263474641,0,0
270,1128,0.7290617249283287,0,0
715,2163,0.7045602709806073,0,0
308,1488,0.713336200177551,0,0
579,1368,0.713336200177551,0,0
1011,2093,0.711990263474641,0,0
826,1749,0.7045602709806073,0,0
634,1376,0.713336200177551,0,0
495,994,0.7274510706103533,0,0
1033,1014,0.7290617249283287,0,0
414,1924,0.713336200177551,0,0
341,826,0.8540379341840119,1,0
331,1157,0.713336200177551,0,0
588,1624,0.711990263474641,0,0
927,2203,0.711990263474641,0,0
1022,1115,0.7290617249283287,0,0
625,1067,0.7290617249283287,0,0
359,1479,0.24473203414484335,0,0
997,2105,0.713336200177551,0,0
291,1625,0.711990263474641,0,0
208,1413,0.7290617249283287,0,0
676,2009,0.3339940902685344,0,0
672,2002,0.6689935163571238,0,0
522,1358,0.711990263474641,0,0
466,1594,0.6027197451656674,0,0
289,1887,0.7274510706103533,0,0
682,769,0.7531184320683209,0,0
681,1090,0.713336200177551,0,0
85,1738,0.7290617249283287,0,0
840,1803,0.6027197451656674,0,0
178,1656,0.7290617249283287,0,0
604,1803,0.7055446717777563,0,0
393,1362,0.5392876543954171,0,0
679,2251,0.7274510706103533,0,0
482,1832,0.7055446717777563,0,0
859,1016,0.713336200177551,0,0
674,1303,0.713336200177551,0,0
268,1500,0.713336200177551,0,0
498,1974,0.713336200177551,0,0
561,1611,0.713336200177551,0,0
252,1089,0.7653894589865652,0,0
258,1475,0.713336200177551,0,0
452,1587,0.7045602709806073,0,0
193,1409,0.7290617249283287,0,0
640,1460,0.713336200177551,0,0
429,1273,0.6027197451656674,0,0
273,1423,0.711990263474641,0,0
837,2099,0.6689935163571238,0,0
585,1942,0.713336200177551,0,0
394,1217,0.713336200177551,0,0
680,1075,0.713336200177551,0,0
666,1298,0.713336200177551,0,0
531,1628,0.7045602709806073,0,0
248,1697,0.713336200177551,0,0
984,2243,0.7290617249283287,0,0
355,845,0.8540379341840119,1,0
531,1331,0.711990263474641,0,0
386,1252,0.7045602709806073,0,0
1017,1937,0.711990263474641,0,0
530,1282,0.713336200177551,0,0
828,1047,0.713336200177551,0,0
779,1714,0.7055446717777563,0,0
793,1094,0.713336200177551,0,0
561,1703,0.6027197451656674,0,0
495,2115,0.7290617249283287,0,0
364,1733,0.713336200177551,0,0
544,962,0.720428641330266,0,0
859,940,0.7653894589865652,0,0
576,1519,0.711990263474641,0,0
501,1067,0.713336200177551,0,0
896,2248,0.713336200177551,0,0
405,1077,0.713336200177551,0,0
296,1231,0.713336200177551,0,0
669,931,0.729815105485368,0,0
483,651,0.8540379341840119,1,0
1070,1911,0.7274510706103533,0,0
334,1386,0.7055446717777563,0,0
608,1351,0.713336200177551,0,0
549,1352,0.711990263474641,0,0
982,2277,0.7290617249283287,0,0
1311,958,0.713336200177551,0,0
631,1964,0.711990263474641,0,0
607,663,0.813136839180823,1,0
432,747,0.8540379341840119,1,0
1155,2056,0.711990263474641,0,0
305,1970,0.7274510706103533,0,0
629,728,0.7531184320683209,0,0
530,839,0.7531184320683209,0,0
884,2271,0.7274510706103533,0,0
591,1731,0.713336200177551,0,0
1037,978,0.7367407108710181,0,0
578,1088,0.720428641330266,0,0
527,1756,0.7045602709806073,0,0
537,1580,0.711990263474641,0,0
88,1719,0.7290617249283287,0,0
864,2199,0.711990263474641,0,0
1085,2137,0.713336200177551,0,0
176,1465,0.7274510706103533,0,0
160,1413,0.7531184320683209,0,0
366,1544,0.3339940902685344,0,0
469,1144,0.7045602709806073,0,0
301,1748,0.713336200177551,0,0
518,1645,0.7055446717777563,0,0
611,1199,0.713336200177551,0,0
602,1933,0.713336200177551,0,0
639,1739,0.7045602709806073,0,0
581,1253,0.713336200177551,0,0
369,1936,0.713336200177551,0,0
978,2194,0.713336200177551,0,0
365,1496,0.7045602709806073,0,0
613,2016,0.6689935163571238,0,0
924,1078,0.713336200177551,0,0
608,698,0.8193268561712257,1,0
663,1601,0.711990263474641,0,0
530,1657,0.7055446717777563,0,0
546,776,0.8235438219141987,1,0
350,918,0.8193268561712257,1,0
628,1788,0.7045602709806073,0,0
745,2187,0.711990263474641,0,0
242,1489,0.713336200177551,0,0
652,1026,0.7274510706103533,0,0
480,1747,0.711990263474641,0,0
1028,2140,0.713336200177551,0,0
964,1029,0.713336200177551,0,0
782,2248,0.713336200177551,0,0
816,2105,0.711990263474641,0,0
400,1043,0.713336200177551,0,0
916,1996,0.711990263474641,0,0
1306,878,0.7531184320683209,0,0
551,554,0.8540379341840119,1,0
926,1999,0.711990263474641,0,0
981,1045,0.7274510706103533,0,0
920,1289,0.713336200177551,0,0
830,1397,0.713336200177551,0,0
907,944,0.7697265752001661,0,0
722,1855,0.7045602709806073,0,0
541,549,0.8540379341840119,1,0
858,968,0.7842399257600282,0,0
490,678,0.8540379341840119,1,0
354,1881,0.713336200177551,0,0
792,1532,0.713336200177551,0,0
571,600,0.8193268561712257,1,0
194,1769,0.7290617249283287,0,0
836,2158,0.711990263474641,0,0
440,762,0.8235438219141987,1,0
679,1774,0.6027197451656674,0,0
448,831,0.8235438219141987,1,0
781,1732,0.711990263474641,0,0
672,1617,0.7055446717777563,0,0
497,766,0.8193268561712257,1,0
947,1302,0.7531184320683209,0,0
280,1016,0.8540379341840119,1,0
820,2150,0.711990263474641,0,0
712,941,0.7290617249283287,0,0
627,1432,0.713336200177551,0,0
408,869,0.8235438219141987,1,0
577,1911,0.711990263474641,0,0
878,1260,0.713336200177551,0,0
375,1014,0.7531184320683209,0,0
490,2010,0.7290617249283287,0,0
725,1332,0.711990263474641,0,0
803,849,0.7367407108710181,0,0
789,1312,0.713336200177551,0,0
631,2133,0.711990263474641,0,0
300,1043,0.7653894589865652,0,0
868,1850,0.7045602709806073,0,0
187,1369,0.729815105485368,0,0
749,1542,0.711990263474641,0,0
429,1622,0.24473203414484335,0,0
376,1945,0.7274510706103533,0,0
666,1717,0.7045602709806073,0,0
993,2263,0.7274510706103533,0,0
492,1779,0.711990263474641,0,0
595,1448,0.711990263474641,0,0
434,658,0.8540379341840119,1,0
1004,1101,0.7274510706103533,0,0
300,1653,0.713336200177551,0,0
636,1398,0.713336200177551,0,0
489,1893,0.711990263474641,0,0
576,1557,0.711990263474641,0,0
533,1839,0.7055446717777563,0,0
618,846,0.7854751849997674,0,0
469,688,0.8540379341840119,1,0
509,1247,0.713336200177551,0,0
315,1263,0.7274510706103533,0,0
518,1280,0.711990263474641,0,0
563,1851,0.6129739688241392,0,0
849,1498,0.711990263474641,0,0
696,1809,0.3339940902685344,0,0
407,846,0.8255094056554834,1,0
464,1315,0.7045602709806073,0,0
536,1209,0.7274510706103533,0,0
385,1158,0.711990263474641,0,0
931,2056,0.713336200177551,0,0
1060,1016,0.729815105485368,0,0
461,857,0.8540379341840119,1,0
344,1019,0.7367407108710181,0,0
836,1142,0.713336200177551,0,0
876,1878,0.711990263474641,0,0
1112,1071,0.729815105485368,0,0
891,1771,0.7274510706103533,0,0
568,1733,0.7055446717777563,0,0
660,1072,0.7274510706103533,0,0
343,1123,0.713336200177551,0,0
711,1133,0.711990263474641,0,0
740,1417,0.7274510706103533,0,0
810,1059,0.713336200177551,0,0
707,1557,0.711990263474641,0,0
850,1783,0.711990263474641,0,0
471,1769,0.713336200177551,0,0
1224,959,0.7290617249283287,0,0
110,1695,0.7367407108710181,0,0
502,1311,0.711990263474641,0,0
829,1406,0.713336200177551,0,0
579,1065,0.720428641330266,0,0
878,1378,0.713336200177551,0,0
417,929,0.7653894589865652,0,0
821,1762,0.7055446717777563,0,0
440,1540,0.713336200177551,0,0
1235,2026,0.7854751849997674,0,0
925,1293,0.7274510706103533,0,0
582,558,0.8540379341840119,1,0
1321,927,0.7653894589865652,0,0
350,1470,0.24473203414484335,0,0
538,1624,0.711990263474641,0,0
549,2078,0.713336200177551,0,0
884,1816,0.6027197451656674,0,0
941,2002,0.713336200177551,0,0
741,2255,0.7274510706103533,0,0
167,1563,0.7274510706103533,0,0
854,2233,0.7055446717777563,0,0
428,1922,0.713336200177551,0,0
1381,899,0.713336200177551,0,0
618,1301,0.713336200177551,0,0
432,1804,0.713336200177551,0,0
742,1449,0.713336200177551,0,0
716,1226,0.713336200177551,0,0
387,894,0.8540379341840119,1,0
598,1845,0.711990263474641,0,0
580,2026,0.7055446717777563,0,0
353,1054,0.713336200177551,0,0
298,1556,0.713336200177551,0,0
218,1303,0.7531184320683209,0,0
918,1108,0.713336200177551,0,0
805,1687,0.7055446717777563,0,0
797,1263,0.713336200177551,0,0
742,1147,0.711990263474641,0,0
316,1792,0.7055446717777563,0,0
420,1602,0.6027197451656674,0,0
384,1648,0.6027197451656674,0,0
897,1211,0.713336200177551,0,0
826,1388,0.7274510706103533,0,0
263,1065,0.7854751849997674,0,0
691,2217,0.7274510706103533,0,0
1023,2250,0.7274510706103533,0,0
458,1319,0.711990263474641,0,0
716,761,0.7367407108710181,0,0
604,2156,0.7290617249283287,0,0
974,1975,0.713336200177551,0,0
466,649,0.8540379341840119,1,0
562,1681,0.4736078478279997,0,0
1477,829,0.7854751849997674,0,0
475,899,0.7854751849997674,0,0
603,1234,0.713336200177551,0,0
1007,1918,0.713336200177551,0,0
818,2027,0.3339940902685344,0,0
808,2003,0.6027197451656674,0,0
94,1709,0.7290617249283287,0,0
373,1737,0.711990263474641,0,0
492,2113,0.7274510706103533,0,0
222,1376,0.7274510706103533,0,0
650,1253,0.713336200177551,0,0
1359,853,0.7290617249283287,0,0
951,2259,0.713336200177551,0,0
391,1768,0.7045602709806073,0,0
918,1806,0.713336200177551,0,0
488,2012,0.7290617249283287,0,0
852,1681,0.713336200177551,0,0
641,2142,0.711990263474641,0,0
693,1141,0.713336200177551,0,0
929,2165,0.713336200177551,0,0
550,1701,0.6027197451656674,0,0
281,1133,0.7274510706103533,0,0
303,1401,0.711990263474641,0,0
262,1266,0.713336200177551,0,0
606,574,0.8255094056554834,1,0
236,1573,0.713336200177551,0,0
842,1343,0.7274510706103533,0,0
907,2096,0.713336200177551,0,0
635,1188,0.713336200177551,0,0
779,1509,0.713336200177551,0,0
657,1464,0.713336200177551,0,0
644,1625,0.7045602709806073,0,0
1312,869,0.7531184320683209,0,0
371,912,0.7855431361780173,1,0
801,1892,0.711990263474641,0,0
1349,844,0.7531184320683209,0,0
230,1740,0.713336200177551,0,0
705,2139,0.711990263474641,0,0
799,1723,0.7045602709806073,0,0
1246,2041,0.7290617249283287,0,0
311,1404,0.711990263474641,0,0
80,1716,0.7290617249283287,0,0
572,770,0.7854751849997674,0,0
402,1959,0.7274510706103533,0,0
844,2078,0.7055446717777563,0,0
107,1707,0.7274510706103533,0,0
702,1083,0.713336200177551,0,0
214,1267,0.7531184320683209,0,0
608,1419,0.713336200177551,0,0
754,1078,0.713336200177551,0,0
489,1022,0.713336200177551,0,0
307,1895,0.713336200177551,0,0
439,872,0.8540379341840119,1,0
663,1365,0.713336200177551,0,0
1051,971,0.7367407108710181,0,0
602,1733,0.713336200177551,0,0
838,1624,0.713336200177551,0,0
948,2213,0.713336200177551,0,0
720,1884,0.6027197451656674,0,0
668,1485,0.713336200177551,0,0
389,2031,0.713336200177551,0,0
837,1359,0.7274510706103533,0,0
1158,956,0.7854751849997674,0,0
376,1150,0.7055446717777563,0,0
716,1797,0.7045602709806073,0,0
791,2069,0.6027197451656674,0,0
969,2226,0.713336200177551,0,0
351,1887,0.713336200177551,0,0
856,1047,0.713336200177551,0,0
777,1766,0.711990263474641,0,0
338,911,0.8540379341840119,1,0
964,2040,0.713336200177551,0,0
936,1797,0.713336200177551,0,0
742,1346,0.713336200177551,0,0
797,1012,0.713336200177551,0,0
962,2208,0.713336200177551,0,0
800,844,0.7367407108710181,0,0
837,1355,0.7274510706103533,0,0
409,1197,0.7055446717777563,0,0
984,1097,0.7274510706103533,0,0
816,1883,0.711990263474641,0,0
462,815,0.8540379341840119,1,0
289,1909,0.720428641330266,0,0
554,704,0.8193268561712257,1,0
515,1024,0.713336200177551,0,0
276,1853,0.720428641330266,0,0
782,1975,0.7055446717777563,0,0
379,875,0.7854751849997674,0,0
1198,2018,0.7290617249283287,0,0
712,984,0.7290617249283287,0,0
428,1203,0.7045602709806073,0,0
713,2120,0.6027197451656674,0,0
818,1713,0.711990263474641,0,0
436,1297,0.7045602709806073,0,0
235,1616,0.713336200177551,0,0
745,1442,0.713336200177551,0,0
663,1607,0.711990263474641,0,0
1059,2071,0.711990263474641,0,0
428,1099,0.713336200177551,0,0
533,495,0.8540379341840119,1,0
852,1296,0.713336200177551,0,0
944,946,0.7531184320683209,0,0
497,2051,0.7274510706103533,0,0
1116,2022,0.713336200177551,0,0
671,1021,0.713336200177551,0,0
1413,918,0.7290617249283287,0,0
726,1484,0.713336200177551,0,0
920,1883,0.711990263474641,0,0
779,1637,0.711990263474641,0,0
518,529,0.8540379341840119,1,0
137,1524,0.7290617249283287,0,0
719,1502,0.713336200177551,0,0
725,1425,0.713336200177551,0,0
656,837,0.7653894589865652,0,0
412,1062,0.713336200177551,0,0
896,1180,0.713336200177551,0,0
712,1225,0.713336200177551,0,0
1412,832,0.7653894589865652,0,0
314,1183,0.713336200177551,0,0
485,1520,0.711990263474641,0,0
304,1391,0.713336200177551,0,0
488,609,0.8540379341840119,1,0
946,1014,0.713336200177551,0,0
688,2061,0.713336200177551,0,0
189,1172,0.7854751849997674,0,0
1205,1023,0.7274510706103533,0,0
857,1015,0.711990263474641,0,0
695,720,0.7854751849997674,0,0
958,1782,0.7274510706103533,0,0
132,1515,0.7290617249283287,0,0
487,1668,0.3339940902685344,0,0
473,2074,0.7290617249283287,0,0
461,1360,0.711990263474641,0,0
570,1398,0.713336200177551,0,0
479,2089,0.7290617249283287,0,0
438,628,0.8540379341840119,1,0
564,739,0.8235438219141987,1,0
593,656,0.7854751849997674,0,0
341,1249,0.713336200177551,0,0
856,1922,0.6027197451656674,0,0
870,2224,0.6027197451656674,0,0
353,1747,0.711990263474641,0,0
817,2074,0.7055446717777563,0,0
1301,970,0.7290617249283287,0,0
860,2069,0.6129739688241392,0,0
565,700,0.8069369088429615,1,0
473,1510,0.713336200177551,0,0
1182,2056,0.7274510706103533,0,0
309,1573,0.711990263474641,0,0
343,2017,0.7274510706103533,0,0
456,1332,0.711990263474641,0,0
160,1553,0.7274510706103533,0,0
1034,1078,0.7290617249283287,0,0
854,1122,0.713336200177551,0,0
459,1657,0.711990263474641,0,0
419,1467,0.3339940902685344,0,0
583,1223,0.7274510706103533,0,0
411,1317,0.713336200177551,0,0
419,1793,0.6027197451656674,0,0
851,2163,0.7055446717777563,0,0
1152,2071,0.713336200177551,0,0
582,1104,0.713336200177551,0,0
158,1361,0.7531184320683209,0,0
227,1542,0.713336200177551,0,0
561,1623,0.711990263474641,0,0
406,1668,0.711990263474641,0,0
428,1393,0.7045602709806073,0,0
538,1997,0.713336200177551,0,0
543,1246,0.713336200177551,0,0
296,944,0.8608697156636808,1,0
246,1466,0.711990263474641,0,0
377,780,0.8540379341840119,1,0
1345,887,0.7290617249283287,0,0
198,1284,0.7653894589865652,0,0
848,2099,0.6689935163571238,0,0
666,1304,0.713336200177551,0,0
794,1124,0.713336200177551,0,0
1273,2063,0.7290617249283287,0,0
540,1611,0.6027197451656674,0,0
857,1622,0.713336200177551,0,0
506,1190,0.713336200177551,0,0
838,1210,0.713336200177551,0,0
738,1320,0.713336200177551,0,0
299,1784,0.711990263474641,0,0
513,637,0.8540379341840119,1,0
1148,2010,0.720428641330266,0,0
931,958,0.7621373909238652,0,0
784,2010,0.7055446717777563,0,0
852,1489,0.713336200177551,0,0
539,1472,0.713336200177551,0,0
263,1884,0.7274510706103533,0,0
1010,1001,0.7290617249283287,0,0
484,1143,0.7055446717777563,0,0
525,1265,0.7055446717777563,0,0
655,1108,0.713336200177551,0,0
444,1567,0.711990263474641,0,0
1082,2149,0.713336200177551,0,0
280,1732,0.713336200177551,0,0
483,623,0.8540379341840119,1,0
673,1822,0.3339940902685344,0,0
1072,2063,0.711990263474641,0,0
792,2218,0.711990263474641,0,0
940,1873,0.713336200177551,0,0
418,1633,0.6027197451656674,0,0
818,1158,0.713336200177551,0,0
790,968,0.7367407108710181,0,0
1021,2280,0.7290617249283287,0,0
244,1800,0.713336200177551,0,0
582,1414,0.713336200177551,0,0
787,862,0.7531184320683209,0,0
788,797,0.7290617249283287,0,0
503,1210,0.713336200177551,0,0
837,902,0.7621373909238652,0,0
1046,977,0.7367407108710181,0,0
381,787,0.8540379341840119,1,0
631,2006,0.711990263474641,0,0
628,2163,0.713336200177551,0,0
762,1482,0.713336200177551,0,0
565,1832,0.6027197451656674,0,0
535,596,0.8540379341840119,1,0
778,1803,0.7045602709806073,0,0
720,709,0.7367407108710181,0,0
1093,2140,0.713336200177551,0,0
502,1653,0.7045602709806073,0,0
630,790,0.7531184320683209,0,0
663,1539,0.713336200177551,0,0
275,1818,0.7290617249283287,0,0
693,853,0.7531184320683209,0,0
1090,2105,0.713336200177551,0,0
156,1358,0.7531184320683209,0,0
792,2008,0.7055446717777563,0,0
286,1174,0.713336200177551,0,0
784,1204,0.713336200177551,0,0
1075,1972,0.713336200177551,0,0
246,1102,0.7653894589865652,0,0
871,1868,0.6027197451656674,0,0
738,1641,0.711990263474641,0,0
967,2049,0.713336200177551,0,0
180,1374,0.729815105485368,0,0
739,1054,0.713336200177551,0,0
486,996,0.7274510706103533,0,0
741,2036,0.6027197451656674,0,0
689,1409,0.711990263474641,0,0
861,1787,0.7055446717777563,0,0
918,2160,0.713336200177551,0,0
425,1927,0.720428641330266,0,0
253,1813,0.713336200177551,0,0
969,1929,0.713336200177551,0,0
834,1249,0.713336200177551,0,0
584,2059,0.713336200177551,0,0
387,1259,0.7045602709806073,0,0
984,2035,0.711990263474641,0,0
334,1961,0.720428641330266,0,0
792,2013,0.6558415889194821,0,0
857,1323,0.713336200177551,0,0
542,1440,0.713336200177551,0,0
882,1122,0.713336200177551,0,0
537,511,0.8540379341840119,1,0
175,1434,0.7290617249283287,0,0
598,1326,0.713336200177551,0,0
179,1395,0.729815105485368,0,0
696,1460,0.7055446717777563,0,0
379,977,0.7621373909238652,0,0
863,1901,0.711990263474641,0,0
691,2026,0.6027197451656674,0,0
371,1986,0.7367407108710181,0,0
911,1856,0.711990263474641,0,0
516,1841,0.6689935163571238,0,0
388,776,0.8540379341840119,1,0
658,839,0.7653894589865652,0,0
303,2000,0.729815105485368,0,0
1007,1056,0.7274510706103533,0,0
612,1024,0.720428641330266,0,0
584,803,0.7531184320683209,0,0
1255,918,0.7274510706103533,0,0
668,2263,0.7290617249283287,0,0
683,1764,0.6129739688241392,0,0
886,2021,0.6027197451656674,0,0
797,1679,0.711990263474641,0,0
807,1326,0.713336200177551,0,0
717,1804,0.6027197451656674,0,0
570,1317,0.713336200177551,0,0
769,1439,0.713336200177551,0,0
634,1601,0.7045602709806073,0,0
884,1400,0.713336200177551,0,0
707,1480,0.711990263474641,0,0
275,1604,0.713336200177551,0,0
850,2114,0.711990263474641,0,0
341,1365,0.711990263474641,0,0
650,727,0.7531184320683209,0,0
628,1645,0.7045602709806073,0,0
1015,2006,0.711990263474641,0,0
524,1471,0.7055446717777563,0,0
732,1853,0.6689935163571238,0,0
817,1885,0.7045602709806073,0,0
462,533,0.8540379341840119,1,0
587,657,0.7854751849997674,0,0
446,1484,0.711990263474641,0,0
828,1071,0.713336200177551,0,0
437,984,0.7367407108710181,0,0
556,2012,0.713336200177551,0,0
393,1292,0.7045602709806073,0,0
698,1931,0.6027197451656674,0,0
411,1531,0.711990263474641,0,0
1262,906,0.713336200177551,0,0
435,1523,0.711990263474641,0,0
606,846,0.7653894589865652,0,0
298,1614,0.713336200177551,0,0
954,1142,0.7274510706103533,0,0
554,803,0.7653894589865652,0,0
1444,833,0.7653894589865652,0,0
773,1093,0.713336200177551,0,0
736,1569,0.713336200177551,0,0
421,1220,0.711990263474641,0,0
485,1985,0.713336200177551,0,0
775,1877,0.6689935163571238,0,0
932,997,0.7274510706103533,0,0
881,1379,0.713336200177551,0,0
549,1863,0.6027197451656674,0,0
913,953,0.7653894589865652,0,0
167,1419,0.7531184320683209,0,0
483,892,0.7531184320683209,0,0
405,963,0.7621373909238652,0,0
833,1539,0.713336200177551,0,0
223,1432,0.713336200177551,0,0
802,1533,0.713336200177551,0,0
690,837,0.7621373909238652,0,0
519,1045,0.713336200177551,0,0
492,520,0.8540379341840119,1,0
534,540,0.8540379341840119,1,0
631,1970,0.7045602709806073,0,0
853,1794,0.7045602709806073,0,0
465,971,0.7274510706103533,0,0
782,2225,0.713336200177551,0,0
625,1805,0.6689935163571238,0,0
329,1418,0.711990263474641,0,0
1021,1897,0.7290617249283287,0,0
891,1375,0.713336200177551,0,0
904,2237,0.7055446717777563,0,0
1009,2075,0.713336200177551,0,0
423,1731,0.711990263474641,0,0
778,2057,0.6027197451656674,0,0
257,1470,0.713336200177551,0,0
526,2047,0.713336200177551,0,0
705,2231,0.7290617249283287,0,0
690,1442,0.713336200177551,0,0
1396,833,0.7531184320683209,0,0
401,1493,0.6027197451656674,0,0
996,1930,0.713336200177551,0,0
813,1360,0.720428641330266,0,0
994,2227,0.713336200177551,0,0
691,906,0.7290617249283287,0,0
802,2191,0.711990263474641,0,0
540,1050,0.713336200177551,0,0
608,1792,0.711990263474641,0,0
362,979,0.7531184320683209,0,0
754,1414,0.713336200177551,0,0
800,1227,0.713336200177551,0,0
870,2173,0.711990263474641,0,0
1115,2120,0.720428641330266,0,0
446,1040,0.713336200177551,0,0
633,1485,0.713336200177551,0,0
485,2058,0.7274510706103533,0,0
555,2102,0.7274510706103533,0,0
361,1808,0.713336200177551,0,0
714,1210,0.713336200177551,0,0
696,2258,0.7274510706103533,0,0
488,640,0.8540379341840119,1,0
481,1596,0.6689935163571238,0,0
893,1816,0.7055446717777563,0,0
184,1458,0.7274510706103533,0,0
420,1593,0.28098215597776693,0,0
788,2210,0.7045602709806073,0,0
494,2066,0.7274510706103533,0,0
502,1646,0.6027197451656674,0,0
402,2062,0.7290617249283287,0,0
584,2037,0.711990263474641,0,0
623,1366,0.713336200177551,0,0
496,612,0.8540379341840119,1,0
399,1535,0.7274510706103533,0,0
268,1921,0.7274510706103533,0,0
645,939,0.7290617249283287,0,0
890,1177,0.713336200177551,0,0
562,880,0.7290617249283287,0,0
701,1035,0.711990263474641,0,0
878,1817,0.7045602709806073,0,0
704,1103,0.713336200177551,0,0
692,993,0.720428641330266,0,0
581,1170,0.713336200177551,0,0
583,2063,0.713336200177551,0,0
544,870,0.7290617249283287,0,0
526,1219,0.713336200177551,0,0
953,1910,0.713336200177551,0,0
1376,916,0.713336200177551,0,0
248,1566,0.713336200177551,0,0
623,1593,0.711990263474641,0,0
282,1106,0.7274510706103533,0,0
532,1044,0.713336200177551,0,0
350,1852,0.711990263474641,0,0
522,1113,0.713336200177551,0,0
568,768,0.7854751849997674,0,0
728,2238,0.7274510706103533,0,0
752,1081,0.711990263474641,0,0
986,1023,0.7274510706103533,0,0
496,1135,0.7055446717777563,0,0
623,1517,0.713336200177551,0,0
703,935,0.7290617249283287,0,0
163,1620,0.7290617249283287,0,0
752,1163,0.713336200177551,0,0
796,2171,0.711990263474641,0,0
722,1303,0.713336200177551,0,0
555,632,0.813136839180823,1,0
1147,971,0.7854751849997674,0,0
867,1628,0.713336200177551,0,0
249,1708,0.713336200177551,0,0
722,1078,0.713336200177551,0,0
924,2137,0.713336200177551,0,0
296,1126,0.713336200177551,0,0
367,1974,0.7367407108710181,0,0
1005,1119,0.720428641330266,0,0
645,2090,0.713336200177551,0,0
732,1821,0.711990263474641,0,0
758,1713,0.711990263474641,0,0
920,1292,0.720428641330266,0,0
174,1452,0.7290617249283287,0,0
524,1306,0.711990263474641,0,0
500,1954,0.713336200177551,0,0
1072,2113,0.711990263474641,0,0
346,2024,0.7274510706103533,0,0
252,1403,0.7055446717777563,0,0
272,1337,0.713336200177551,0,0
854,1114,0.713336200177551,0,0
549,1714,0.7055446717777563,0,0
269,1826,0.7290617249283287,0,0
774,796,0.7531184320683209,0,0
664,2167,0.7045602709806073,0,0
922,1169,0.713336200177551,0,0
430,1646,0.3339940902685344,0,0
1183,2059,0.7274510706103533,0,0
852,1749,0.711990263474641,0,0
171,1378,0.7531184320683209,0,0
281,933,0.8540379341840119,1,0
265,1535,0.711990263474641,0,0
178,1610,0.7290617249283287,0,0
373,953,0.7621373909238652,0,0
959,1215,0.7531184320683209,0,0
559,1813,0.713336200177551,0,0
697,1027,0.713336200177551,0,0
817,1632,0.711990263474641,0,0
934,1087,0.713336200177551,0,0
428,1733,0.713336200177551,0,0
588,1194,0.713336200177551,0,0
730,2128,0.7045602709806073,0,0
461,1841,0.713336200177551,0,0
1018,2086,0.713336200177551,0,0
1063,1009,0.729815105485368,0,0
504,1934,0.713336200177551,0,0
859,987,0.7290617249283287,0,0
927,1166,0.713336200177551,0,0
333,881,0.8540379341840119,1,0
462,884,0.8193268561712257,1,0
424,1817,0.720428641330266,0,0
161,1742,0.7290617249283287,0,0
133,1488,0.7290617249283287,0,0
465,1343,0.711990263474641,0,0
872,1834,0.711990263474641,0,0
837,1477,0.713336200177551,0,0
1206,1032,0.7274510706103533,0,0
278,1084,0.729815105485368,0,0
832,1030,0.713336200177551,0,0
702,2054,0.711990263474641,0,0
1291,924,0.7274510706103533,0,0
511,1861,0.711990263474641,0,0
794,1667,0.711990263474641,0,0
628,1180,0.713336200177551,0,0
898,1389,0.713336200177551,0,0
1486,853,0.7855431361780173,1,0
942,2148,0.713336200177551,0,0
1455,788,0.8193268561712257,1,0
834,1786,0.6689935163571238,0,0
422,1947,0.7274510706103533,0,0
928,981,0.7531184320683209,0,0
248,1452,0.711990263474641,0,0
713,2126,0.6689935163571238,0,0
469,1319,0.7045602709806073,0,0
400,1079,0.713336200177551,0,0
678,1662,0.7055446717777563,0,0
732,1925,0.3339940902685344,0,0
799,1637,0.7055446717777563,0,0
486,1588,0.7045602709806073,0,0
419,1372,0.6027197451656674,0,0
686,1969,0.4716880409057244,0,0
518,1615,0.5702064420670645,0,0
293,1808,0.713336200177551,0,0
1154,2023,0.713336200177551,0,0
421,2044,0.720428641330266,0,0
322,958,0.8255094056554834,1,0
739,1445,0.713336200177551,0,0
1381,906,0.713336200177551,0,0
651,925,0.7290617249283287,0,0
402,1205,0.713336200177551,0,0
564,740,0.8221890694693323,1,0
462,651,0.8540379341840119,1,0
255,1701,0.713336200177551,0,0
668,1248,0.713336200177551,0,0
637,737,0.7531184320683209,0,0
1073,1985,0.713336200177551,0,0
583,1845,0.713336200177551,0,0
890,962,0.7531184320683209,0,0
348,803,0.8608697156636808,1,0
672,1736,0.7045602709806073,0,0
783,1896,0.6027197451656674,0,0
788,965,0.7367407108710181,0,0
1257,939,0.7274510706103533,0,0
380,674,0.8540379341840119,1,0
519,1080,0.713336200177551,0,0
307,1744,0.711990263474641,0,0
899,2206,0.713336200177551,0,0
1193,995,0.7274510706103533,0,0
572,1246,0.713336200177551,0,0
761,1201,0.713336200177551,0,0
1001,2039,0.713336200177551,0,0
346,1805,0.713336200177551,0,0
834,1498,0.713336200177551,0,0
745,1641,0.711990263474641,0,0
1190,1044,0.7290617249283287,0,0
548,622,0.8069369088429615,1,0
943,2261,0.713336200177551,0,0
763,1028,0.713336200177551,0,0
862,1096,0.713336200177551,0,0
972,1066,0.7274510706103533,0,0
506,1427,0.711990263474641,0,0
936,1888,0.7055446717777563,0,0
956,1124,0.713336200177551,0,0
721,808,0.7855431361780173,1,0
574,1019,0.713336200177551,0,0
1293,2041,0.7274510706103533,0,0
542,783,0.8540379341840119,1,0
802,1214,0.713336200177551,0,0
935,1907,0.7045602709806073,0,0
537,2108,0.7290617249283287,0,0
1346,843,0.7531184320683209,0,0
1331,937,0.729815105485368,0,0
638,1551,0.711990263474641,0,0
298,951,0.8880958836862791,1,0
856,1017,0.713336200177551,0,0
211,1439,0.7274510706103533,0,0
755,2066,0.713336200177551,0,0
617,1461,0.713336200177551,0,0
410,855,0.8235438219141987,1,0
437,1853,0.713336200177551,0,0
553,1204,0.720428641330266,0,0
442,964,0.7621373909238652,0,0
698,924,0.7290617249283287,0,0
1395,907,0.713336200177551,0,0
613,1452,0.711990263474641,0,0
384,1173,0.711990263474641,0,0
739,1061,0.713336200177551,0,0
330,1633,0.711990263474641,0,0
249,1150,0.7367407108710181,0,0
793,850,0.7367407108710181,0,0
655,737,0.7854751849997674,0,0
404,622,0.8540379341840119,1,0
316,1058,0.7290617249283287,0,0
913,1988,0.7045602709806073,0,0
517,1955,0.713336200177551,0,0
857,946,0.7531184320683209,0,0
875,997,0.713336200177551,0,0
566,841,0.7531184320683209,0,0
968,2054,0.713336200177551,0,0
585,974,0.713336200177551,0,0
738,1743,0.7045602709806073,0,0
1164,966,0.7367407108710181,0,0
219,1821,0.7290617249283287,0,0
1198,2067,0.7290617249283287,0,0
522,1848,0.7045602709806073,0,0
663,1170,0.713336200177551,0,0
583,2014,0.713336200177551,0,0
785,1486,0.713336200177551,0,0
739,1747,0.711990263474641,0,0
707,2255,0.7290617249283287,0,0
891,1445,0.7274510706103533,0,0
624,1600,0.711990263474641,0,0
760,1181,0.713336200177551,0,0
554,1913,0.7045602709806073,0,0
800,2053,0.711990263474641,0,0
506,742,0.8235438219141987,1,0
505,822,0.8235438219141987,1,0
574,1575,0.713336200177551,0,0
759,1755,0.711990263474641,0,0
408,1749,0.3339940902685344,0,0
742,985,0.7274510706103533,0,0
996,1951,0.711990263474641,0,0
548,1233,0.713336200177551,0,0
548,2100,0.7274510706103533,0,0
586,490,0.8540379341840119,1,0
437,2111,0.7290617249283287,0,0
560,966,0.713336200177551,0,0
225,1816,0.7290617249283287,0,0
652,1809,0.711990263474641,0,0
382,1339,0.711990263474641,0,0
473,1177,0.7045602709806073,0,0
570,1940,0.7045602709806073,0,0
421,1201,0.711990263474641,0,0
718,1515,0.711990263474641,0,0
711,1521,0.711990263474641,0,0
735,934,0.7290617249283287,0,0
720,844,0.7621373909238652,0,0
706,1910,0.6129739688241392,0,0
582,1527,0.711990263474641,0,0
505,1198,0.713336200177551,0,0
954,1156,0.7290617249283287,0,0
475,1367,0.7045602709806073,0,0
444,690,0.8540379341840119,1,0
941,1267,0.7290617249283287,0,0
735,1236,0.711990263474641,0,0
348,806,0.8540379341840119,1,0
1111,1986,0.7274510706103533,0,0
1437,845,0.7653894589865652,0,0
164,1696,0.7290617249283287,0,0
995,2215,0.713336200177551,0,0
819,939,0.7653894589865652,0,0
403,1068,0.713336200177551,0,0
882,1048,0.713336200177551,0,0
508,1716,0.4716880409057244,0,0
728,2047,0.711990263474641,0,0
658,2175,0.711990263474641,0,0
731,2030,0.7045602709806073,0,0
278,1026,0.8540379341840119,1,0
936,1880,0.711990263474641,0,0
192,1308,0.7653894589865652,0,0
127,1684,0.7531184320683209,0,0
506,1635,0.667962801040694,0,0
243,1343,0.713336200177551,0,0
527,2063,0.7274510706103533,0,0
466,1574,0.711990263474641,0,0
191,1230,0.7653894589865652,0,0
670,1653,0.7055446717777563,0,0
712,709,0.729815105485368,0,0
396,1183,0.713336200177551,0,0
656,1429,0.713336200177551,0,0
1086,2020,0.713336200177551,0,0
595,583,0.8193268561712257,1,0
1005,1059,0.7290617249283287,0,0
306,1564,0.711990263474641,0,0
581,1643,0.711990263474641,0,0
757,1188,0.713336200177551,0,0
648,657,0.8069369088429615,1,0
514,1998,0.713336200177551,0,0
320,1402,0.711990263474641,0,0
556,463,0.9424330346155027,1,0
520,1507,0.7045602709806073,0,0
532,1096,0.713336200177551,0,0
621,1034,0.7274510706103533,0,0
727,2239,0.7274510706103533,0,0
708,1394,0.713336200177551,0,0
660,728,0.7531184320683209,0,0
1337,834,0.7531184320683209,0,0
857,1152,0.713336200177551,0,0
664,1178,0.7274510706103533,0,0
552,1170,0.713336200177551,0,0
627,1507,0.713336200177551,0,0
359,2002,0.713336200177551,0,0
821,1377,0.7274510706103533,0,0
754,1520,0.713336200177551,0,0
1043,1986,0.713336200177551,0,0
1047,975,0.7367407108710181,0,0
554,1886,0.6027197451656674,0,0
584,1743,0.7045602709806073,0,0
999,2081,0.711990263474641,0,0
813,1158,0.713336200177551,0,0
410,2023,0.713336200177551,0,0
1096,2055,0.713336200177551,0,0
512,1987,0.713336200177551,0,0
511,1490,0.711990263474641,0,0
382,798,0.8540379341840119,1,0
316,1274,0.713336200177551,0,0
686,1547,0.713336200177551,0,0
882,1146,0.713336200177551,0,0
482,1278,0.711990263474641,0,0
897,977,0.7367407108710181,0,0
643,1163,0.713336200177551,0,0
1125,2085,0.713336200177551,0,0
872,1143,0.713336200177551,0,0
144,1764,0.729815105485368,0,0
538,1704,0.3339940902685344,0,0
827,1217,0.713336200177551,0,0
1265,946,0.7274510706103533,0,0
919,1970,0.6689935163571238,0,0
646,1457,0.713336200177551,0,0
765,926,0.7290617249283287,0,0
710,1774,0.6027197451656674,0,0
791,1218,0.713336200177551,0,0
1248,969,0.729815105485368,0,0
494,1751,0.6027197451656674,0,0
1125,1045,0.7290617249283287,0,0
522,1100,0.713336200177551,0,0
691,1580,0.713336200177551,0,0
808,2090,0.6027197451656674,0,0
1017,2233,0.713336200177551,0,0
905,2072,0.713336200177551,0,0
564,1071,0.713336200177551,0,0
485,813,0.8255094056554834,1,0
536,1972,0.713336200177551,0,0
817,2029,0.4716880409057244,0,0
315,1345,0.713336200177551,0,0
614,1034,0.720428641330266,0,0
894,2046,0.7045602709806073,0,0
521,1731,0.7045602709806073,0,0
594,997,0.713336200177551,0,0
832,1698,0.711990263474641,0,0
533,1378,0.711990263474641,0,0
526,1260,0.7055446717777563,0,0
1068,1905,0.7290617249283287,0,0
901,2146,0.713336200177551,0,0
828,1902,0.7045602709806073,0,0
549,641,0.8221890694693323,1,0
657,2187,0.713336200177551,0,0
378,928,0.7621373909238652,0,0
619,1414,0.713336200177551,0,0
768,1275,0.713336200177551,0,0
1134,2000,0.8235438219141987,1,0
661,1815,0.5702064420670645,0,0
588,1667,0.7045602709806073,0,0
838,1071,0.713336200177551,0,0
241,1305,0.7290617249283287,0,0
529,1339,0.711990263474641,0,0
406,1693,0.7055446717777563,0,0
420,1967,0.7290617249283287,0,0
849,1901,0.5702064420670645,0,0
302,1772,0.711990263474641,0,0
786,1600,0.711990263474641,0,0
508,1761,0.6027197451656674,0,0
511,798,0.7855431361780173,1,0
785,1346,0.713336200177551,0,0
395,916,0.8069369088429615,1,0
773,1983,0.3339940902685344,0,0
800,1024,0.713336200177551,0,0
920,1127,0.713336200177551,0,0
397,1755,0.4716880409057244,0,0
279,1781,0.713336200177551,0,0
633,845,0.7531184320683209,0,0
593,602,0.8193268561712257,1,0
162,1724,0.7274510706103533,0,0
644,2086,0.713336200177551,0,0
130,1717,0.7290617249283287,0,0
247,1146,0.7367407108710181,0,0
401,811,0.8540379341840119,1,0
241,1841,0.7274510706103533,0,0
713,1916,0.6027197451656674,0,0
1225,2036,0.729815105485368,0,0
689,1322,0.711990263474641,0,0
564,1973,0.7055446717777563,0,0
804,989,0.7290617249283287,0,0
431,1606,0.6027197451656674,0,0
389,1502,0.6027197451656674,0,0
947,980,0.7653894589865652,0,0
654,2135,0.713336200177551,0,0
295,1760,0.711990263474641,0,0
485,1445,0.711990263474641,0,0
903,2173,0.713336200177551,0,0
811,1709,0.711990263474641,0,0
1026,991,0.7531184320683209,0,0
197,1504,0.713336200177551,0,0
777,2060,0.7055446717777563,0,0
674,1678,0.7045602709806073,0,0
137,1783,0.7290617249283287,0,0
379,732,0.8540379341840119,1,0
550,802,0.7854751849997674,0,0
343,1816,0.713336200177551,0,0
340,1067,0.713336200177551,0,0
408,1446,0.3017429445555336,0,0
527,794,0.8090533109593636,1,0
957,1776,0.7274510706103533,0,0
1027,1904,0.713336200177551,0,0
896,1122,0.713336200177551,0,0
873,2086,0.711990263474641,0,0
560,998,0.713336200177551,0,0
1242,965,0.7290617249283287,0,0
378,1520,0.4716880409057244,0,0
209,1322,0.7367407108710181,0,0
648,1189,0.713336200177551,0,0
751,1560,0.713336200177551,0,0
786,1966,0.711990263474641,0,0
737,798,0.7367407108710181,0,0
265,1462,0.711990263474641,0,0
952,1263,0.7531184320683209,0,0
376,1891,0.711990263474641,0,0
394,1738,0.3339940902685344,0,0
468,1763,0.711990263474641,0,0
655,834,0.7854751849997674,0,0
987,1914,0.7290617249283287,0,0
447,853,0.8540379341840119,1,0
919,1099,0.713336200177551,0,0
260,1021,0.8540379341840119,1,0
1081,2119,0.713336200177551,0,0
707,946,0.729815105485368,0,0
890,2079,0.711990263474641,0,0
809,2148,0.711990263474641,0,0
787,1138,0.713336200177551,0,0
727,1180,0.713336200177551,0,0
864,1550,0.713336200177551,0,0
598,598,0.8193268561712257,1,0
698,1134,0.713336200177551,0,0
466,1920,0.711990263474641,0,0
523,662,0.8540379341840119,1,0
798,1307,0.713336200177551,0,0
747,1371,0.713336200177551,0,0
199,1671,0.7290617249283287,0,0
620,1894,0.711990263474641,0,0
725,1143,0.711990263474641,0,0
156,1750,0.7290617249283287,0,0
775,1501,0.713336200177551,0,0
666,1207,0.713336200177551,0,0
390,1144,0.7045602709806073,0,0
682,918,0.7290617249283287,0,0
624,1316,0.713336200177551,0,0
1394,892,0.7274510706103533,0,0
826,2113,0.711990263474641,0,0
199,1365,0.7290617249283287,0,0
417,1867,0.7290617249283287,0,0
840,1614,0.713336200177551,0,0
687,1175,0.713336200177551,0,0
165,1610,0.7290617249283287,0,0
936,1278,0.7290617249283287,0,0
283,992,0.8540379341840119,1,0
474,740,0.8255094056554834,1,0
241,1190,0.7367407108710181,0,0
952,1800,0.7274510706103533,0,0
716,1255,0.6689935163571238,0,0
1033,1025,0.7274510706103533,0,0
406,975,0.7531184320683209,0,0
189,1391,0.7290617249283287,0,0
432,1590,0.6027197451656674,0,0
270,1521,0.713336200177551,0,0
502,925,0.7290617249283287,0,0
744,2097,0.711990263474641,0,0
621,966,0.7274510706103533,0,0
1048,997,0.7290617249283287,0,0
740,2062,0.711990263474641,0,0
533,611,0.8540379341840119,1,0
503,1352,0.7055446717777563,0,0
625,2124,0.711990263474641,0,0
243,1680,0.713336200177551,0,0
230,1673,0.713336200177551,0,0
458,602,0.8540379341840119,1,0
555,1451,0.711990263474641,0,0
172,1731,0.7290617249283287,0,0
702,1371,0.713336200177551,0,0
298,936,0.8540379341840119,1,0
400,1314,0.711990263474641,0,0
647,2000,0.6027197451656674,0,0
207,1766,0.7290617249283287,0,0
836,1792,0.711990263474641,0,0
372,1971,0.7531184320683209,0,0
786,1872,0.711990263474641,0,0
710,1673,0.711990263474641,0,0
877,1563,0.7290617249283287,0,0
1000,1124,0.7290617249283287,0,0
331,1211,0.713336200177551,0,0
466,950,0.7290617249283287,0,0
235,1254,0.7290617249283287,0,0
704,1154,0.713336200177551,0,0
613,1799,0.711990263474641,0,0
933,1007,0.713336200177551,0,0
1276,937,0.713336200177551,0,0
387,1318,0.713336200177551,0,0
512,2069,0.7274510706103533,0,0
498,1416,0.7045602709806073,0,0
574,1389,0.713336200177551,0,0
930,2233,0.7045602709806073,0,0
361,743,0.8540379341840119,1,0
977,961,0.8221890694693323,1,0
471,561,0.8540379341840119,1,0
853,1904,0.6027197451656674,0,0
647,1457,0.713336200177551,0,0
577,821,0.7531184320683209,0,0
580,1908,0.711990263474641,0,0
557,2047,0.7055446717777563,0,0
1017,1053,0.7274510706103533,0,0
178,1502,0.7274510706103533,0,0
539,1550,0.713336200177551,0,0
383,1555,0.6027197451656674,0,0
636,1801,0.7055446717777563,0,0
165,1432,0.729815105485368,0,0
500,470,0.8540379341840119,1,0
871,1059,0.713336200177551,0,0
286,1146,0.713336200177551,0,0
489,1456,0.711990263474641,0,0
468,1010,0.713336200177551,0,0
843,1772,0.7045602709806073,0,0
695,965,0.7290617249283287,0,0
666,780,0.7531184320683209,0,0
857,1772,0.6027197451656674,0,0
501,1492,0.6689935163571238,0,0
892,1241,0.713336200177551,0,0
555,1804,0.6027197451656674,0,0
733,852,0.7653894589865652,0,0
720,2070,0.4716880409057244,0,0
719,1719,0.711990263474641,0,0
1001,2051,0.713336200177551,0,0
397,1116,0.713336200177551,0,0
312,1536,0.711990263474641,0,0
644,912,0.7290617249283287,0,0
490,1713,0.6027197451656674,0,0
552,1477,0.711990263474641,0,0
271,1597,0.711990263474641,0,0
612,715,0.7854751849997674,0,0
228,1402,0.713336200177551,0,0
850,2067,0.7045602709806073,0,0
462,1771,0.711990263474641,0,0
730,1605,0.713336200177551,0,0
758,1004,0.713336200177551,0,0
373,1626,0.6027197451656674,0,0
670,2100,0.7055446717777563,0,0
520,869,0.7290617249283287,0,0
234,1337,0.7290617249283287,0,0
705,1675,0.711990263474641,0,0
865,1672,0.7274510706103533,0,0
713,1004,0.7274510706103533,0,0
1334,893,0.7290617249283287,0,0
622,2181,0.7290617249283287,0,0
830,1322,0.713336200177551,0,0
600,662,0.7854751849997674,0,0
621,1560,0.713336200177551,0,0
280,1891,0.7274510706103533,0,0
153,1712,0.7274510706103533,0,0
511,629,0.8540379341840119,1,0
1009,2232,0.7274510706103533,0,0
527,949,0.7290617249283287,0,0
460,1680,0.4716880409057244,0,0
1349,886,0.7274510706103533,0,0
1308,996,0.7653894589865652,0,0
772,2062,0.7045602709806073,0,0
547,1494,0.711990263474641,0,0
1030,1893,0.7290617249283287,0,0
326,969,0.8193268561712257,1,0
481,642,0.8540379341840119,1,0
515,1464,0.7055446717777563,0,0
391,846,0.8193268561712257,1,0
812,1567,0.713336200177551,0,0
196,1312,0.7653894589865652,0,0
449,1078,0.711990263474641,0,0
291,1183,0.713336200177551,0,0
656,727,0.7531184320683209,0,0
315,1419,0.711990263474641,0,0
646,1092,0.7274510706103533,0,0
956,2193,0.713336200177551,0,0
893,1499,0.7274510706103533,0,0
608,1406,0.711990263474641,0,0
763,2056,0.7045602709806073,0,0
498,1671,0.713336200177551,0,0
396,945,0.7531184320683209,0,0
680,987,0.7274510706103533,0,0
987,1858,0.7290617249283287,0,0
434,997,0.7367407108710181,0,0
987,1942,0.713336200177551,0,0
518,1795,0.711990263474641,0,0
620,1087,0.7274510706103533,0,0
503,531,0.8540379341840119,1,0
278,1147,0.713336200177551,0,0
500,1075,0.713336200177551,0,0
206,1152,0.7842399257600282,0,0
262,1419,0.711990263474641,0,0
367,1276,0.713336200177551,0,0
1072,1000,0.7367407108710181,0,0
641,1327,0.713336200177551,0,0
405,1152,0.713336200177551,0,0
549,1116,0.713336200177551,0,0
412,1889,0.7274510706103533,0,0
593,1857,0.713336200177551,0,0
662,1401,0.713336200177551,0,0
775,1866,0.711990263474641,0,0
329,1058,0.7274510706103533,0,0
777,1354,0.713336200177551,0,0
438,947,0.7621373909238652,0,0
815,1183,0.713336200177551,0,0
243,1722,0.713336200177551,0,0
468,1372,0.7045602709806073,0,0
532,1154,0.713336200177551,0,0
739,1043,0.713336200177551,0,0
830,1183,0.713336200177551,0,0
777,1345,0.713336200177551,0,0
712,917,0.7290617249283287,0,0
290,1356,0.713336200177551,0,0
895,1410,0.7290617249283287,0,0
466,920,0.7621373909238652,0,0
325,1549,0.7045602709806073,0,0
667,1232,0.713336200177551,0,0
450,1388,0.711990263474641,0,0
467,563,0.8540379341840119,1,0
697,1849,0.3339940902685344,0,0
1029,972,0.7444542440454819,0,0
1472,835,0.7854751849997674,0,0
797,1430,0.713336200177551,0,0
396,1280,0.4736078478279997,0,0
1494,792,0.7854751849997674,0,0
836,1886,0.6027197451656674,0,0
310,1552,0.711990263474641,0,0
644,1578,0.713336200177551,0,0
1074,2031,0.713336200177551,0,0
639,2046,0.7055446717777563,0,0
784,1217,0.713336200177551,0,0
200,1157,0.7854751849997674,0,0
583,1965,0.713336200177551,0,0
242,1345,0.713336200177551,0,0
219,1535,0.713336200177551,0,0
739,2254,0.7274510706103533,0,0
489,1688,0.3339940902685344,0,0
908,2112,0.711990263474641,0,0
756,1071,0.711990263474641,0,0
752,2177,0.711990263474641,0,0
674,2105,0.7045602709806073,0,0
841,1422,0.713336200177551,0,0
431,1006,0.7367407108710181,0,0
389,1534,0.7045602709806073,0,0
316,1713,0.711990263474641,0,0
795,1812,0.711990263474641,0,0
780,1270,0.713336200177551,0,0
653,2010,0.6027197451656674,0,0
903,1084,0.713336200177551,0,0
623,1423,0.713336200177551,0,0
672,1186,0.713336200177551,0,0
329,1366,0.713336200177551,0,0
700,1839,0.6689935163571238,0,0
585,1848,0.713336200177551,0,0
747,1462,0.713336200177551,0,0
509,1945,0.713336200177551,0,0
400,1497,0.28098215597776693,0,0
603,1906,0.711990263474641,0,0
1411,845,0.713336200177551,0,0
377,1256,0.711990263474641,0,0
481,1955,0.713336200177551,0,0
430,1752,0.4716880409057244,0,0
229,1326,0.729815105485368,0,0
626,746,0.7367407108710181,0,0
581,613,0.813136839180823,1,0
654,2002,0.711990263474641,0,0
626,1614,0.711990263474641,0,0
609,724,0.7854751849997674,0,0
959,1047,0.713336200177551,0,0
634,1731,0.7045602709806073,0,0
886,1813,0.7045602709806073,0,0
786,2149,0.711990263474641,0,0
772,957,0.729815105485368,0,0
805,2185,0.713336200177551,0,0
470,2103,0.7290617249283287,0,0
728,1641,0.711990263474641,0,0
974,1930,0.713336200177551,0,0
663,675,0.7854751849997674,0,0
946,1804,0.713336200177551,0,0
228,1579,0.713336200177551,0,0
928,1204,0.720428641330266,0,0
695,1724,0.7045602709806073,0,0
670,2195,0.713336200177551,0,0
371,675,0.8540379341840119,1,0
464,876,0.8069369088429615,1,0
512,1860,0.7045602709806073,0,0
844,2035,0.4736078478279997,0,0
830,2207,0.711990263474641,0,0
694,2028,0.7045602709806073,0,0
367,1955,0.7531184320683209,0,0
895,1322,0.713336200177551,0,0
360,1572,0.6027197451656674,0,0
912,1820,0.713336200177551,0,0
966,2011,0.713336200177551,0,0
791,1179,0.713336200177551,0,0
576,1298,0.711990263474641,0,0
640,1734,0.7045602709806073,0,0
691,1649,0.7045602709806073,0,0
281,1437,0.711990263474641,0,0
503,1316,0.713336200177551,0,0
663,1600,0.711990263474641,0,0
766,1475,0.713336200177551,0,0
1404,902,0.713336200177551,0,0
672,1067,0.7274510706103533,0,0
675,1002,0.7274510706103533,0,0
556,1252,0.711990263474641,0,0
496,1415,0.711990263474641,0,0
412,1732,0.7045602709806073,0,0
480,890,0.7697265752001661,0,0
906,1153,0.713336200177551,0,0
375,1449,0.7045602709806073,0,0
436,2033,0.7290617249283287,0,0
757,1615,0.713336200177551,0,0
638,1312,0.713336200177551,0,0
444,2003,0.7290617249283287,0,0
720,1672,0.711990263474641,0,0
721,1982,0.4210733418648213,0,0
436,651,0.8540379341840119,1,0
346,819,0.8540379341840119,1,0
397,1790,0.711990263474641,0,0
405,1583,0.713336200177551,0,0
1009,2114,0.711990263474641,0,0
552,631,0.7855431361780173,1,0
740,1710,0.711990263474641,0,0
625,666,0.8193268561712257,1,0
740,1992,0.3339940902685344,0,0
1062,2148,0.713336200177551,0,0
460,2115,0.7274510706103533,0,0
780,2258,0.7274510706103533,0,0
188,1815,0.7531184320683209,0,0
801,2174,0.713336200177551,0,0
966,1046,0.7274510706103533,0,0
530,1655,0.7055446717777563,0,0
912,1777,0.713336200177551,0,0
712,1728,0.711990263474641,0,0
356,960,0.7531184320683209,0,0
841,1296,0.713336200177551,0,0
231,1485,0.713336200177551,0,0
420,1673,0.711990263474641,0,0
559,847,0.7653894589865652,0,0
554,1411,0.711990263474641,0,0
664,926,0.7290617249283287,0,0
210,1407,0.7274510706103533,0,0
922,2216,0.711990263474641,0,0
999,1856,0.7290617249283287,0,0
973,1385,0.7531184320683209,0,0
401,1104,0.713336200177551,0,0
245,987,0.8540379341840119,1,0
730,2228,0.713336200177551,0,0
824,1639,0.711990263474641,0,0
617,1043,0.713336200177551,0,0
642,1642,0.7045602709806073,0,0
498,2015,0.7274510706103533,0,0
614,1316,0.711990263474641,0,0
182,1322,0.7531184320683209,0,0
895,1376,0.713336200177551,0,0
396,692,0.8540379341840119,1,0
1054,1015,0.729815105485368,0,0
822,1781,0.711990263474641,0,0
753,915,0.7367407108710181,0,0
562,1874,0.7055446717777563,0,0
132,1524,0.7290617249283287,0,0
429,663,0.8540379341840119,1,0
886,2246,0.713336200177551,0,0
714,1705,0.711990263474641,0,0
781,1060,0.713336200177551,0,0
931,1963,0.713336200177551,0,0
1021,2079,0.713336200177551,0,0
698,1238,0.713336200177551,0,0
452,1297,0.711990263474641,0,0
571,2059,0.711990263474641,0,0
604,1327,0.713336200177551,0,0
937,1297,0.7439060371720104,0,0
760,2245,0.7274510706103533,0,0
428,688,0.8540379341840119,1,0
704,1820,0.3339940902685344,0,0
866,1199,0.713336200177551,0,0
885,1589,0.7653894589865652,0,0
837,1731,0.6027197451656674,0,0
297,1972,0.7274510706103533,0,0
172,1568,0.7274510706103533,0,0
254,1105,0.7531184320683209,0,0
364,1455,0.6027197451656674,0,0
1010,2009,0.711990263474641,0,0
889,1040,0.713336200177551,0,0
734,1443,0.713336200177551,0,0
239,1307,0.7274510706103533,0,0
455,1760,0.28098215597776693,0,0
676,1242,0.713336200177551,0,0
618,951,0.7274510706103533,0,0
679,1976,0.28098215597776693,0,0
976,1892,0.7653894589865652,0,0
971,2096,0.711990263474641,0,0
435,1498,0.6027197451656674,0,0
373,1614,0.3339940902685344,0,0
236,1297,0.7290617249283287,0,0
545,1778,0.6689935163571238,0,0
990,2095,0.711990263474641,0,0
436,1370,0.7055446717777563,0,0
251,1105,0.7653894589865652,0,0
665,1709,0.711990263474641,0,0
420,713,0.8540379341840119,1,0
1179,2043,0.7274510706103533,0,0
607,1376,0.713336200177551,0,0
909,2220,0.711990263474641,0,0
613,1632,0.711990263474641,0,0
451,1665,0.7045602709806073,0,0
505,704,0.8221890694693323,1,0
487,991,0.7274510706103533,0,0
413,755,0.8540379341840119,1,0
101,1698,0.7290617249283287,0,0
142,1481,0.7367407108710181,0,0
1349,963,0.7274510706103533,0,0
864,1628,0.713336200177551,0,0
351,1122,0.713336200177551,0,0
670,1560,0.713336200177551,0,0
537,1970,0.713336200177551,0,0
235,1703,0.713336200177551,0,0
205,1488,0.7274510706103533,0,0
522,453,0.9993302387126036,1,0
715,1144,0.713336200177551,0,0
791,1003,0.713336200177551,0,0
376,1197,0.713336200177551,0,0
788,1605,0.713336200177551,0,0
307,1936,0.720428641330266,0,0
513,992,0.7274510706103533,0,0
848,1534,0.713336200177551,0,0
316,1076,0.713336200177551,0,0
967,1130,0.7274510706103533,0,0
482,1188,0.713336200177551,0,0
618,1255,0.713336200177551,0,0
643,1064,0.7290617249283287,0,0
902,1061,0.713336200177551,0,0
892,1423,0.7290617249283287,0,0
1056,1996,0.713336200177551,0,0
298,1359,0.713336200177551,0,0
732,2102,0.6027197451656674,0,0
662,818,0.7697265752001661,0,0
730,2225,0.711990263474641,0,0
436,1156,0.5392876543954171,0,0
255,1335,0.713336200177551,0,0
745,1017,0.711990263474641,0,0
699,728,0.7854751849997674,0,0
642,2144,0.711990263474641,0,0
577,1601,0.711990263474641,0,0
354,1499,0.4746481511938844,0,0
592,1600,0.711990263474641,0,0
1064,965,0.7531184320683209,0,0
383,1733,0.6129739688241392,0,0
870,2113,0.711990263474641,0,0
1173,1029,0.7274510706103533,0,0
561,1114,0.713336200177551,0,0
467,1013,0.713336200177551,0,0
911,1948,0.7052394063140435,0,0
266,1481,0.713336200177551,0,0
548,967,0.713336200177551,0,0
746,1378,0.720428641330266,0,0
361,1381,0.7045602709806073,0,0
801,2254,0.713336200177551,0,0
1010,972,0.729815105485368,0,0
832,2227,0.711990263474641,0,0
644,1563,0.713336200177551,0,0
531,1580,0.711990263474641,0,0
281,1292,0.713336200177551,0,0
747,2117,0.7045602709806073,0,0
464,2034,0.7290617249283287,0,0
298,1613,0.711990263474641,0,0
358,757,0.8540379341840119,1,0
678,917,0.7290617249283287,0,0
835,1488,0.713336200177551,0,0
396,1681,0.7055446717777563,0,0
262,1628,0.713336200177551,0,0
360,1210,0.713336200177551,0,0
840,1376,0.713336200177551,0,0
828,1222,0.713336200177551,0,0
437,2041,0.7274510706103533,0,0
322,1965,0.713336200177551,0,0
803,1375,0.713336200177551,0,0
729,2173,0.6689935163571238,0,0
424,1974,0.7290617249283287,0,0
1020,983,0.7531184320683209,0,0
401,1853,0.7274510706103533,0,0
572,1137,0.713336200177551,0,0
508,998,0.7274510706103533,0,0
677,1010,0.7274510706103533,0,0
859,2183,0.713336200177551,0,0
162,1374,0.7531184320683209,0,0
603,1494,0.711990263474641,0,0
795,1047,0.711990263474641,0,0
171,1642,0.7290617249283287,0,0
1175,2065,0.713336200177551,0,0
590,1527,0.711990263474641,0,0
966,2237,0.713336200177551,0,0
720,2082,0.6027197451656674,0,0
294,956,0.8608697156636808,1,0
619,849,0.7854751849997674,0,0
677,2124,0.711990263474641,0,0
438,1109,0.7274510706103533,0,0
189,1199,0.7854751849997674,0,0
1306,912,0.7290617249283287,0,0
1189,1038,0.7274510706103533,0,0
726,1283,0.711990263474641,0,0
840,1004,0.713336200177551,0,0
578,1683,0.7055446717777563,0,0
655,1929,0.7045602709806073,0,0
618,1812,0.6027197451656674,0,0
1121,2040,0.711990263474641,0,0
399,1954,0.7290617249283287,0,0
775,1852,0.711990263474641,0,0
709,1067,0.713336200177551,0,0
1213,2075,0.7274510706103533,0,0
306,1627,0.711990263474641,0,0
665,2163,0.7045602709806073,0,0
585,598,0.8069369088429615,1,0
936,1884,0.711990263474641,0,0
161,1293,0.7531184320683209,0,0
1152,2012,0.713336200177551,0,0
694,2135,0.6689935163571238,0,0
679,1800,0.6027197451656674,0,0
739,816,0.729815105485368,0,0
746,2160,0.7055446717777563,0,0
856,1277,0.713336200177551,0,0
940,1927,0.7045602709806073,0,0
393,909,0.8540379341840119,1,0
379,1919,0.711990263474641,0,0
417,1002,0.7531184320683209,0,0
788,1198,0.713336200177551,0,0
565,1038,0.713336200177551,0,0
200,1526,0.713336200177551,0,0
747,2164,0.7055446717777563,0,0
313,1383,0.711990263474641,0,0
832,1011,0.713336200177551,0,0
710,842,0.7855431361780173,1,0
295,1455,0.711990263474641,0,0
660,2036,0.4746481511938844,0,0
1402,839,0.7531184320683209,0,0
215,1741,0.7290617249283287,0,0
581,606,0.8221890694693323,1,0
646,2193,0.720428641330266,0,0
606,678,0.8193268561712257,1,0
748,1966,0.4716880409057244,0,0
297,1559,0.711990263474641,0,0
413,1316,0.713336200177551,0,0
1153,984,0.7621373909238652,0,0
395,2035,0.713336200177551,0,0
596,1928,0.713336200177551,0,0
395,1454,0.6027197451656674,0,0
649,2234,0.7274510706103533,0,0
1264,915,0.713336200177551,0,0
1217,956,0.7290617249283287,0,0
276,1538,0.711990263474641,0,0
967,1202,0.7531184320683209,0,0
1022,1140,0.7290617249283287,0,0
564,1677,0.7045602709806073,0,0
709,1798,0.713336200177551,0,0
633,880,0.7367407108710181,0,0
275,1412,0.713336200177551,0,0
755,1245,0.7055446717777563,0,0
379,1555,0.711990263474641,0,0
497,1801,0.713336200177551,0,0
388,1926,0.713336200177551,0,0
481,1113,0.713336200177551,0,0
521,1352,0.713336200177551,0,0
1498,823,0.7854751849997674,0,0
430,1894,0.713336200177551,0,0
1313,967,0.713336200177551,0,0
486,1539,0.7045602709806073,0,0
261,1755,0.713336200177551,0,0
1061,2107,0.713336200177551,0,0
1406,844,0.713336200177551,0,0
819,1619,0.7045602709806073,0,0
398,1408,0.7045602709806073,0,0
455,1606,0.713336200177551,0,0
656,2224,0.7274510706103533,0,0
939,2244,0.713336200177551,0,0
874,1114,0.713336200177551,0,0
414,1898,0.713336200177551,0,0
750,2058,0.7045602709806073,0,0
821,1066,0.713336200177551,0,0
941,1846,0.713336200177551,0,0
384,1393,0.711990263474641,0,0
450,800,0.8540379341840119,1,0
242,1344,0.713336200177551,0,0
915,2119,0.713336200177551,0,0
397,1230,0.711990263474641,0,0
484,1091,0.711990263474641,0,0
417,1078,0.711990263474641,0,0
833,2013,0.7045602709806073,0,0
1012,995,0.7290617249283287,0,0
667,1569,0.713336200177551,0,0
475,1299,0.7045602709806073,0,0
663,2273,0.7274510706103533,0,0
1080,2063,0.711990263474641,0,0
494,2009,0.7274510706103533,0,0
804,1607,0.7045602709806073,0,0
1424,815,0.7367407108710181,0,0
322,1003,0.8193268561712257,1,0
969,1094,0.7274510706103533,0,0
556,804,0.7653894589865652,0,0
721,1540,0.713336200177551,0,0
988,2024,0.713336200177551,0,0
466,1943,0.7274510706103533,0,0
268,1647,0.713336200177551,0,0
905,2257,0.713336200177551,0,0
735,2114,0.711990263474641,0,0
593,1330,0.713336200177551,0,0
1384,884,0.7274510706103533,0,0
1087,1960,0.713336200177551,0,0
708,1728,0.711990263474641,0,0
550,1888,0.6027197451656674,0,0
371,1834,0.7274510706103533,0,0
1048,2045,0.713336200177551,0,0
882,1304,0.713336200177551,0,0
853,1294,0.713336200177551,0,0
763,1218,0.711990263474641,0,0
699,1064,0.713336200177551,0,0
690,1102,0.713336200177551,0,0
847,1503,0.713336200177551,0,0
632,2211,0.7290617249283287,0,0
1170,2064,0.713336200177551,0,0
364,1454,0.7045602709806073,0,0
590,1687,0.6027197451656674,0,0
699,2033,0.3339940902685344,0,0
835,1574,0.713336200177551,0,0
218,1751,0.7290617249283287,0,0
570,1251,0.713336200177551,0,0
408,1712,0.7055446717777563,0,0
597,1362,0.713336200177551,0,0
547,1202,0.713336200177551,0,0
938,1306,0.7531184320683209,0,0
657,994,0.7274510706103533,0,0
737,1063,0.711990263474641,0,0
728,1305,0.713336200177551,0,0
405,1598,0.711990263474641,0,0
502,839,0.8193268561712257,1,0
879,1161,0.713336200177551,0,0
398,1861,0.720428641330266,0,0
907,2259,0.711990263474641,0,0
478,850,0.7855431361780173,1,0
1177,974,0.7531184320683209,0,0
344,996,0.7621373909238652,0,0
602,2023,0.7045602709806073,0,0
255,1183,0.7290617249283287,0,0
595,885,0.7290617249283287,0,0
404,770,0.8540379341840119,1,0
1082,2062,0.711990263474641,0,0
672,970,0.7290617249283287,0,0
371,1570,0.711990263474641,0,0
398,2033,0.713336200177551,0,0
627,1405,0.713336200177551,0,0
836,1257,0.713336200177551,0,0
828,1925,0.711990263474641,0,0
852,2114,0.7055446717777563,0,0
527,882,0.7290617249283287,0,0
688,1327,0.713336200177551,0,0
665,1485,0.713336200177551,0,0
591,1281,0.711990263474641,0,0
240,1590,0.713336200177551,0,0
188,1644,0.7290617249283287,0,0
518,1853,0.6315538754814155,0,0
776,1668,0.7055446717777563,0,0
584,739,0.7855431361780173,1,0
496,884,0.7531184320683209,0,0
342,1913,0.711990263474641,0,0
483,1505,0.713336200177551,0,0
944,1069,0.7274510706103533,0,0
538,1972,0.713336200177551,0,0
631,1320,0.713336200177551,0,0
142,1551,0.7290617249283287,0,0
335,1056,0.7274510706103533,0,0
537,723,0.7855431361780173,1,0
1421,879,0.7531184320683209,0,0
1351,984,0.7274510706103533,0,0
472,2097,0.7274510706103533,0,0
577,1257,0.713336200177551,0,0
687,836,0.7621373909238652,0,0
216,1801,0.7290617249283287,0,0
531,1160,0.713336200177551,0,0
456,837,0.8540379341840119,1,0
873,1981,0.5702064420670645,0,0
204,1275,0.7531184320683209,0,0
354,728,0.8540379341840119,1,0
783,874,0.7367407108710181,0,0
675,1412,0.713336200177551,0,0
909,1111,0.713336200177551,0,0
585,1624,0.7045602709806073,0,0
471,1841,0.713336200177551,0,0
701,1183,0.7274510706103533,0,0
625,1617,0.7045602709806073,0,0
412,1551,0.6027197451656674,0,0
541,1389,0.713336200177551,0,0
354,890,0.8193268561712257,1,0
698,2213,0.713336200177551,0,0
483,913,0.7621373909238652,0,0
822,1747,0.7045602709806073,0,0
462,955,0.7290617249283287,0,0
131,1545,0.7290617249283287,0,0
399,2026,0.713336200177551,0,0
367,1821,0.713336200177551,0,0
447,924,0.7653894589865652,0,0
401,1530,0.711990263474641,0,0
652,2095,0.711990263474641,0,0
717,1446,0.713336200177551,0,0
624,555,0.8221890694693323,1,0
876,1793,0.7045602709806073,0,0
509,953,0.7274510706103533,0,0
436,1052,0.713336200177551,0,0
514,1541,0.7045602709806073,0,0
942,2234,0.713336200177551,0,0
607,1118,0.713336200177551,0,0
820,1814,0.711990263474641,0,0
382,1792,0.713336200177551,0,0
1022,1107,0.7274510706103533,0,0
621,869,0.7531184320683209,0,0
1481,846,0.7854751849997674,0,0
863,1175,0.713336200177551,0,0
555,1125,0.711990263474641,0,0
653,714,0.7531184320683209,0,0
890,1513,0.713336200177551,0,0
1101,2101,0.713336200177551,0,0
581,1086,0.720428641330266,0,0
496,963,0.720428641330266,0,0
386,1446,0.7055446717777563,0,0
488,2091,0.7290617249283287,0,0
262,1864,0.720428641330266,0,0
657,1224,0.713336200177551,0,0
512,653,0.8540379341840119,1,0
822,1789,0.6027197451656674,0,0
893,1235,0.713336200177551,0,0
1340,879,0.7290617249283287,0,0
298,991,0.8540379341840119,1,0
260,1700,0.713336200177551,0,0
364,1457,0.7045602709806073,0,0
643,966,0.7274510706103533,0,0
307,936,0.8540379341840119,1,0
568,806,0.7653894589865652,0,0
672,712,0.8540379341840119,1,0
215,1219,0.7531184320683209,0,0
1061,2028,0.713336200177551,0,0
1024,1117,0.7274510706103533,0,0
848,914,0.7531184320683209,0,0
589,1865,0.713336200177551,0,0
239,1417,0.713336200177551,0,0
264,933,0.8540379341840119,1,0
513,1290,0.713336200177551,0,0
701,1612,0.713336200177551,0,0
243,1080,0.9650698126850287,1,0
590,1816,0.6027197451656674,0,0
517,709,0.8069369088429615,1,0
685,2144,0.711990263474641,0,0
854,1606,0.713336200177551,0,0
733,1808,0.6689935163571238,0,0
628,1390,0.713336200177551,0,0
1114,1004,0.7531184320683209,0,0
829,1026,0.713336200177551,0,0
452,978,0.7290617249283287,0,0
192,1410,0.7290617249283287,0,0
730,2115,0.6027197451656674,0,0
757,2080,0.7045602709806073,0,0
728,1934,0.711990263474641,0,0
497,925,0.729815105485368,0,0
721,1696,0.7055446717777563,0,0
903,1159,0.713336200177551,0,0
529,1110,0.713336200177551,0,0
549,1718,0.7055446717777563,0,0
608,1454,0.713336200177551,0,0
608,2011,0.6136670576063229,0,0
548,1145,0.711990263474641,0,0
215,1731,0.7274510706103533,0,0
559,1665,0.4736078478279997,0,0
636,2150,0.713336200177551,0,0
356,1939,0.713336200177551,0,0
692,1381,0.711990263474641,0,0
858,2012,0.4716880409057244,0,0
177,1767,0.7290617249283287,0,0
596,1799,0.4716880409057244,0,0
422,1391,0.3339940902685344,0,0
805,2117,0.713336200177551,0,0
856,1669,0.713336200177551,0,0
541,1235,0.713336200177551,0,0
439,901,0.7855431361780173,1,0
717,1938,0.6027197451656674,0,0
874,2041,0.6027197451656674,0,0
396,1623,0.6027197451656674,0,0
1245,2006,0.7367407108710181,0,0
683,1067,0.713336200177551,0,0
600,1069,0.720428641330266,0,0
474,803,0.8221890694693323,1,0
786,1724,0.713336200177551,0,0
1491,862,0.7854751849997674,0,0
795,990,0.7290617249283287,0,0
260,1148,0.7290617249283287,0,0
906,2091,0.713336200177551,0,0
1193,1019,0.7290617249283287,0,0
568,1305,0.711990263474641,0,0
721,1133,0.711990263474641,0,0
323,1099,0.713336200177551,0,0
816,1017,0.713336200177551,0,0
619,1998,0.6689935163571238,0,0
749,920,0.729815105485368,0,0
674,1652,0.7045602709806073,0,0
928,1119,0.713336200177551,0,0
844,1410,0.711990263474641,0,0
563,573,0.8540379341840119,1,0
823,2247,0.713336200177551,0,0
689,1261,0.711990263474641,0,0
594,1214,0.713336200177551,0,0
559,1485,0.713336200177551,0,0
767,1854,0.7055446717777563,0,0
449,1098,0.713336200177551,0,0
789,1211,0.713336200177551,0,0
556,784,0.7854751849997674,0,0
537,1604,0.711990263474641,0,0
586,1767,0.711990263474641,0,0
658,2243,0.7274510706103533,0,0
448,1282,0.711990263474641,0,0
661,2250,0.7274510706103533,0,0
661,2249,0.7274510706103533,0,0
661,2248,0.7274510706103533,0,0
661,2247,0.7274510706103533,0,0
661,2245,0.7274510706103533,0,0
661,2244,0.7274510706103533,0,0
661,2243,0.7274510706103533,0,0
660,2250,0.7274510706103533,0,0
660,2248,0.7290617249283287,0,0
660,2247,0.7274510706103533,0,0
660,2246,0.7274510706103533,0,0
660,2245,0.7274510706103533,0,0
660,2244,0.7274510706103533,0,0
660,2243,0.7274510706103533,0,0
660,2242,0.7274510706103533,0,0
660,2241,0.7274510706103533,0,0
660,2240,0.7290617249283287,0,0
659,2256,0.8540379341840119,1,0
659,2254,0.8255094056554834,1,0
662,2244,0.7274510706103533,0,0
662,2245,0.7274510706103533,0,0
662,2246,0.7274510706103533,0,0
662,2247,0.7274510706103533,0,0
664,2251,0.7274510706103533,0,0
664,2250,0.7274510706103533,0,0
664,2249,0.7274510706103533,0,0
664,2248,0.7274510706103533,0,0
664,2247,0.7274510706103533,0,0
664,2246,0.7274510706103533,0,0
664,2245,0.7274510706103533,0,0
663,2274,0.9967766862969917,1,0
663,2251,0.7274510706103533,0,0
659,2249,0.7274510706103533,0,0
663,2250,0.7274510706103533,0,0
663,2248,0.7274510706103533,0,0
663,2247,0.7274510706103533,0,0
663,2246,0.7274510706103533,0,0
663,2245,0.7274510706103533,0,0
663,2244,0.7274510706103533,0,0
662,2251,0.7274510706103533,0,0
662,2250,0.7274510706103533,0,0
662,2249,0.7274510706103533,0,0
662,2248,0.7274510706103533,0,0
663,2249,0.7274510706103533,0,0
665,2243,0.7274510706103533,0,0
659,2248,0.7274510706103533,0,0
659,2246,0.7274510706103533,0,0
656,2249,0.7274510706103533,0,0
656,2248,0.7274510706103533,0,0
656,2247,0.7274510706103533,0,0
656,2242,0.7274510706103533,0,0
656,2241,0.7274510706103533,0,0
656,2240,0.7274510706103533,0,0
655,2252,0.8193268561712257,1,0
655,2248,0.7274510706103533,0,0
655,2247,0.7274510706103533,0,0
655,2241,0.7274510706103533,0,0
654,2252,0.7854751849997674,0,0
654,2248,0.7274510706103533,0,0
654,2247,0.7274510706103533,0,0
654,2246,0.7290617249283287,0,0
653,2252,0.9650698126850287,1,0
653,2251,0.7274510706103533,0,0
653,2250,0.7290617249283287,0,0
653,2248,0.7290617249283287,0,0
653,2243,0.7274510706103533,0,0
657,2240,0.7274510706103533,0,0
657,2241,0.7274510706103533,0,0
657,2242,0.7274510706103533,0,0
657,2246,0.7274510706103533,0,0
659,2245,0.7274510706103533,0,0
659,2244,0.7274510706103533,0,0
659,2243,0.7274510706103533,0,0
659,2242,0.7274510706103533,0,0
659,2241,0.7274510706103533,0,0
659,2240,0.7274510706103533,0,0
658,2249,0.7274510706103533,0,0
658,2248,0.7274510706103533,0,0
658,2247,0.7274510706103533,0,0
659,2247,0.7274510706103533,0,0
658,2246,0.7274510706103533,0,0
658,2242,0.7274510706103533,0,0
658,2241,0.7274510706103533,0,0
658,2240,0.7274510706103533,0,0
657,2269,0.9967766862969917,1,0
657,2268,0.9967766862969917,1,0
657,2254,0.8540379341840119,1,0
657,2249,0.7274510706103533,0,0
657,2248,0.7274510706103533,0,0
657,2247,0.7274510706103533,0,0
658,2244,0.7274510706103533,0,0
665,2244,0.7274510706103533,0,0
665,2245,0.7274510706103533,0,0
665,2246,0.7274510706103533,0,0
689,2245,0.7274510706103533,0,0
689,2244,0.7274510706103533,0,0
688,2245,0.7274510706103533,0,0
688,2244,0.7274510706103533,0,0
687,2274,0.9967766862969917,1,0
687,2245,0.7274510706103533,0,0
687,2244,0.7274510706103533,0,0
686,2274,0.9967766862969917,1,0
686,2245,0.7274510706103533,0,0
686,2244,0.7274510706103533,0,0
685,2274,0.9967766862969917,1,0
685,2245,0.7274510706103533,0,0
685,2244,0.7274510706103533,0,0
684,2245,0.7274510706103533,0,0
684,2244,0.7274510706103533,0,0
683,2245,0.7290617249283287,0,0
683,2244,0.7274510706103533,0,0
682,2274,0.9743596481581104,1,0
681,2274,0.9743596481581104,1,0
689,2272,0.9890004750216793,1,0
691,2249,0.7274510706103533,0,0
692,2249,0.7274510706103533,0,0
693,2249,0.7290617249283287,0,0
708,2263,0.9967766862969917,1,0
707,2263,0.7653894589865652,0,0
707,2242,0.7274510706103533,0,0
707,2241,0.7274510706103533,0,0
706,2265,0.8540379341840119,1,0
706,2263,0.8540379341840119,1,0
706,2242,0.7274510706103533,0,0
706,2241,0.7274510706103533,0,0
705,2267,0.9890004750216793,1,0
678,2252,0.7274510706103533,0,0
705,2241,0.7274510706103533,0,0
703,2241,0.7274510706103533,0,0
702,2258,0.7274510706103533,0,0
702,2242,0.7274510706103533,0,0
702,2241,0.7274510706103533,0,0
701,2258,0.7274510706103533,0,0
699,2261,0.7274510706103533,0,0
698,2257,0.7274510706103533,0,0
697,2259,0.7274510706103533,0,0
695,2260,0.7274510706103533,0,0
704,2241,0.7274510706103533,0,0
678,2251,0.7274510706103533,0,0
677,2253,0.7274510706103533,0,0
677,2252,0.7274510706103533,0,0
670,2253,0.7274510706103533,0,0
669,2254,0.7274510706103533,0,0
669,2253,0.7274510706103533,0,0
668,2252,0.7274510706103533,0,0
667,2253,0.7274510706103533,0,0
667,2252,0.7274510706103533,0,0
667,2248,0.7274510706103533,0,0
667,2247,0.7274510706103533,0,0
666,2254,0.7274510706103533,0,0
670,2254,0.7274510706103533,0,0
666,2253,0.7274510706103533,0,0
666,2250,0.7274510706103533,0,0
666,2249,0.7274510706103533,0,0
666,2248,0.7274510706103533,0,0
666,2247,0.7274510706103533,0,0
665,2251,0.7274510706103533,0,0
665,2250,0.7274510706103533,0,0
665,2249,0.7274510706103533,0,0
665,2248,0.7274510706103533,0,0
665,2247,0.7274510706103533,0,0
666,2251,0.7274510706103533,0,0
653,2242,0.7274510706103533,0,0
671,2253,0.7274510706103533,0,0
672,2252,0.7274510706103533,0,0
677,2251,0.7274510706103533,0,0
677,2250,0.7274510706103533,0,0
676,2253,0.7274510706103533,0,0
676,2252,0.7274510706103533,0,0
676,2251,0.7274510706103533,0,0
676,2250,0.7274510706103533,0,0
675,2254,0.7274510706103533,0,0
675,2253,0.7274510706103533,0,0
675,2252,0.7274510706103533,0,0
671,2254,0.7274510706103533,0,0
674,2254,0.7274510706103533,0,0
674,2252,0.7274510706103533,0,0
673,2255,0.7274510706103533,0,0
673,2254,0.7274510706103533,0,0
673,2253,0.7274510706103533,0,0
673,2252,0.7274510706103533,0,0
673,2234,0.7274510706103533,0,0
672,2255,0.7274510706103533,0,0
672,2254,0.7274510706103533,0,0
672,2253,0.7274510706103533,0,0
674,2253,0.7274510706103533,0,0
710,2251,0.7274510706103533,0,0
652,2253,0.9650698126850287,1,0
652,2248,0.7274510706103533,0,0
574,477,0.9499869120830097,1,0
573,477,0.9484492666651559,1,0
573,476,0.9890004750216793,1,0
568,473,0.9890004750216793,1,0
568,472,0.9484492666651559,1,0
567,473,0.9890004750216793,1,0
567,472,0.9499869120830097,1,0
566,468,0.9484492666651559,1,0
554,461,0.9424330346155027,1,0
551,459,0.9743596481581104,1,0
550,459,0.9424330346155027,1,0
550,457,0.9890004750216793,1,0
549,460,0.9890004750216793,1,0
549,459,0.9484492666651559,1,0
548,460,0.9890004750216793,1,0
548,459,0.9499869120830097,1,0
547,460,0.9890004750216793,1,0
547,459,0.9890004750216793,1,0
546,459,0.9499869120830097,1,0
574,2130,0.7854751849997674,0,0
574,2131,0.7653894589865652,0,0
576,478,0.9484492666651559,1,0
576,2134,0.9984644378468026,1,0
602,637,0.7855431361780173,1,0
601,2164,0.7854751849997674,0,0
593,2164,0.7367407108710181,0,0
591,2166,0.7653894589865652,0,0
590,2166,0.8221890694693323,1,0
589,2166,0.9890004750216793,1,0
588,2167,0.7274510706103533,0,0
588,2166,0.9967766862969917,1,0
587,2161,0.7274510706103533,0,0
543,458,0.9484492666651559,1,0
585,2166,0.7290617249283287,0,0
580,2141,0.7290617249283287,0,0
580,2140,0.7290617249283287,0,0
578,2157,0.7290617249283287,0,0
578,2156,0.7290617249283287,0,0
578,2149,0.8540379341840119,1,0
578,2148,0.8540379341840119,1,0
578,2147,0.8540379341840119,1,0
578,2146,0.8540379341840119,1,0
578,2136,0.8540379341840119,1,0
582,2162,0.7274510706103533,0,0
603,624,0.9967766862969917,1,0
543,457,0.8608697156636808,1,0
535,454,0.9499869120830097,1,0
448,510,0.9967766862969917,1,0
446,519,0.9424330346155027,1,0
446,517,0.9650698126850287,1,0
446,508,0.9424330346155027,1,0
446,505,0.9890004750216793,1,0
446,504,0.9993302387126036,1,0
445,517,0.9499869120830097,1,0
444,530,0.8608697156636808,1,0
444,513,0.8608697156636808,1,0
444,512,0.8608697156636808,1,0
443,535,0.9876048072165678,1,0
443,531,0.9424330346155027,1,0
443,530,0.9743596481581104,1,0
443,529,0.9743596481581104,1,0
442,535,0.8608697156636808,1,0
442,534,0.9030017659237609,1,0
442,533,0.9388543490242612,1,0
442,532,0.9146915025688322,1,0
442,531,0.931830083379306,1,0
448,511,0.9890004750216793,1,0
448,512,0.9890004750216793,1,0
448,513,0.9890004750216793,1,0
448,514,0.9499869120830097,1,0
534,454,0.9484492666651559,1,0
534,453,0.9484492666651559,1,0
533,454,0.9890004750216793,1,0
532,455,0.9615119485294118,1,0
532,454,0.9890004750216793,1,0
530,452,0.9743596481581104,1,0
529,452,0.9743596481581104,1,0
528,454,0.9890004750216793,1,0
528,453,0.9890004750216793,1,0
542,457,0.9967766862969917,1,0
528,452,0.9743596481581104,1,0
524,453,0.9984644378468026,1,0
520,449,0.9993302387126036,1,0
519,449,0.9993302387126036,1,0
516,452,0.9499869120830097,1,0
501,461,0.9993302387126036,1,0
498,915,0.7290617249283287,0,0
450,491,0.9993302387126036,1,0
448,516,0.9484492666651559,1,0
448,515,0.9890004750216793,1,0
525,453,0.9650698126850287,1,0
603,625,0.9967766862969917,1,0
603,638,0.8193268561712257,1,0
603,639,0.8608697156636808,1,0
648,2250,0.7290617249283287,0,0
648,2249,0.7290617249283287,0,0
648,2236,0.7290617249283287,0,0
647,2252,0.7274510706103533,0,0
647,2251,0.7290617249283287,0,0
647,2236,0.7290617249283287,0,0
646,2252,0.7290617249283287,0,0
646,2251,0.7290617249283287,0,0
646,2250,0.7274510706103533,0,0
644,2254,0.7274510706103533,0,0
644,2253,0.7274510706103533,0,0
637,2243,0.7854751849997674,0,0
635,2241,0.8540379341840119,1,0
633,2238,0.7855431361780173,1,0
633,2237,0.8235438219141987,1,0
633,583,0.8540379341840119,1,0
632,2237,0.7531184320683209,0,0
630,586,0.8540379341840119,1,0
628,2233,0.8540379341840119,1,0
648,2251,0.7854751849997674,0,0
648,2252,0.7274510706103533,0,0
649,2249,0.7274510706103533,0,0
649,2250,0.7290617249283287,0,0
652,2244,0.7274510706103533,0,0
652,2243,0.7274510706103533,0,0
652,664,0.8235438219141987,1,0
651,2253,0.9388543490242612,1,0
651,2252,0.7274510706103533,0,0
651,2251,0.7854751849997674,0,0
651,2250,0.7274510706103533,0,0
651,2249,0.7290617249283287,0,0
651,2248,0.7290617249283287,0,0
628,585,0.9984644378468026,1,0
651,664,0.8540379341840119,1,0
650,2253,0.8193268561712257,1,0
650,2252,0.7274510706103533,0,0
650,2251,0.7854751849997674,0,0
650,2250,0.7274510706103533,0,0
650,2249,0.7274510706103533,0,0
650,2248,0.7274510706103533,0,0
650,663,0.8540379341840119,1,0
649,2252,0.7274510706103533,0,0
649,2251,0.7290617249283287,0,0
651,663,0.8540379341840119,1,0
628,583,0.9967766862969917,1,0
626,587,0.9993302387126036,1,0
622,2228,0.7854751849997674,0,0
608,640,0.8540379341840119,1,0
607,643,0.8608697156636808,1,0
607,642,0.8540379341840119,1,0
607,641,0.8540379341840119,1,0
607,640,0.8540379341840119,1,0
607,638,0.8193268561712257,1,0
606,641,0.8540379341840119,1,0
606,640,0.8193268561712257,1,0
606,639,0.8540379341840119,1,0
608,641,0.8193268561712257,1,0
606,638,0.8193268561712257,1,0
605,640,0.8540379341840119,1,0
605,639,0.8540379341840119,1,0
605,638,0.8193268561712257,1,0
604,641,0.8255094056554834,1,0
604,640,0.7855431361780173,1,0
604,639,0.8540379341840119,1,0
604,638,0.8193268561712257,1,0
603,2173,0.7367407108710181,0,0
603,2172,0.7531184320683209,0,0
605,641,0.8540379341840119,1,0
652,2251,0.7274510706103533,0,0
608,642,0.8540379341840119,1,0
609,640,0.8540379341840119,1,0
622,2227,0.7855431361780173,1,0
622,2226,0.8540379341840119,1,0
622,2225,0.8540379341840119,1,0
622,2218,0.8540379341840119,1,0
622,2217,0.8540379341840119,1,0
622,589,0.9984644378468026,1,0
619,550,0.9984644378468026,1,0
618,594,0.9984644378468026,1,0
618,593,0.9993302387126036,1,0
608,643,0.8540379341840119,1,0
616,600,0.9993302387126036,1,0
613,2193,0.9967766862969917,1,0
612,640,0.8193268561712257,1,0
611,2191,0.9967766862969917,1,0
611,640,0.8235438219141987,1,0
610,641,0.8608697156636808,1,0
610,640,0.8608697156636808,1,0
609,643,0.8540379341840119,1,0
609,642,0.8069369088429615,1,0
609,641,0.8540379341840119,1,0
616,599,0.9993302387126036,1,0
441,536,0.9030017659237609,1,0
711,2252,0.7274510706103533,0,0
712,2250,0.7274510706103533,0,0
995,2279,0.8235438219141987,1,0
995,1916,0.9993302387126036,1,0
995,1863,0.8540379341840119,1,0
995,1192,0.8540379341840119,1,0
995,1191,0.8540379341840119,1,0
995,1190,0.9993302387126036,1,0
995,1189,0.9993302387126036,1,0
995,1186,0.8069369088429615,1,0
994,2280,0.8540379341840119,1,0
994,1863,0.9993302387126036,1,0
993,2280,0.729815105485368,0,0
993,1863,0.9993302387126036,1,0
993,979,0.9993302387126036,1,0
992,1863,0.9993302387126036,1,0
991,1863,0.9993302387126036,1,0
991,977,0.9993302387126036,1,0
990,1863,0.9993302387126036,1,0
989,1825,0.9993302387126036,1,0
989,976,0.9993302387126036,1,0
997,1199,0.9967766862969917,1,0
997,1200,0.9967766862969917,1,0
997,1862,0.7290617249283287,0,0
998,978,0.8796431436158921,1,0
1014,1089,0.9993302387126036,1,0
1013,1148,0.9993302387126036,1,0
1012,1148,0.9993302387126036,1,0
1012,1087,0.9388543490242612,1,0
1011,2281,0.9424330346155027,1,0
1011,1907,0.9993302387126036,1,0
1011,1148,0.8608697156636808,1,0
1011,1079,0.8540379341840119,1,0
1011,1078,0.9993302387126036,1,0
988,1825,0.8540379341840119,1,0
1010,2281,0.8608697156636808,1,0
1010,1078,0.9993302387126036,1,0
1009,1150,0.9030017659237609,1,0
1008,1150,0.9993302387126036,1,0
1008,1083,0.9993302387126036,1,0
1006,971,0.9993302387126036,1,0
1001,2279,0.7854751849997674,0,0
1000,2279,0.7854751849997674,0,0
999,1914,0.9993302387126036,1,0
998,979,0.9993302387126036,1,0
1010,1148,0.8540379341840119,1,0
1014,2283,0.8255094056554834,1,0
988,1210,0.7653894589865652,0,0
988,1206,0.995069128868692,1,0
982,1139,0.9993302387126036,1,0
981,1191,0.9967766862969917,1,0
980,1867,0.8608697156636808,1,0
980,1191,0.9967766862969917,1,0
979,1207,0.9967766862969917,1,0
979,1191,0.9967766862969917,1,0
979,1146,0.9993302387126036,1,0
979,1145,0.9993302387126036,1,0
979,1144,0.9993302387126036,1,0
977,1191,0.9967766862969917,1,0
975,1193,0.9967766862969917,1,0
973,1877,0.8540379341840119,1,0
973,1384,0.8540379341840119,1,0
973,1196,0.9967766862969917,1,0
972,1879,0.8540379341840119,1,0
972,1385,0.7855431361780173,1,0
972,1384,0.8540379341840119,1,0
971,1879,0.9993302387126036,1,0
971,1367,0.9890004750216793,1,0
982,1154,0.9993302387126036,1,0
982,1155,0.9993302387126036,1,0
982,1156,0.9993302387126036,1,0
982,1191,0.9967766862969917,1,0
988,1204,0.9967766862969917,1,0
988,1203,0.9967766862969917,1,0
987,1836,0.9993302387126036,1,0
987,1825,0.9993302387126036,1,0
987,1206,0.8540379341840119,1,0
986,2282,0.9890004750216793,1,0
986,1829,0.9993302387126036,1,0
986,1214,0.8540379341840119,1,0
986,1213,0.8540379341840119,1,0
988,1209,0.7854751849997674,0,0
986,1212,0.9967766862969917,1,0
986,1210,0.9967766862969917,1,0
986,1143,0.8608697156636808,1,0
984,1224,0.7842399257600282,0,0
984,1216,0.9967766862969917,1,0
984,1192,0.8221890694693323,1,0
984,1191,0.8540379341840119,1,0
984,1160,0.9993302387126036,1,0
984,1141,0.9030017659237609,1,0
983,1191,0.8540379341840119,1,0
986,1211,0.9967766862969917,1,0
1015,2283,0.7854751849997674,0,0
1016,1091,0.9993302387126036,1,0
1016,2283,0.9967766862969917,1,0
1045,1118,0.8540379341840119,1,0
1045,1117,0.8540379341840119,1,0
1045,1116,0.8540379341840119,1,0
1045,1115,0.8540379341840119,1,0
1044,1145,0.9650698126850287,1,0
1044,1144,0.9650698126850287,1,0
1044,1143,0.8540379341840119,1,0
1044,1142,0.8540379341840119,1,0
1044,1141,0.8540379341840119,1,0
1043,2160,0.8540379341840119,1,0
1041,2260,0.7274510706103533,0,0
1041,1146,0.8540379341840119,1,0
1041,1144,0.8540379341840119,1,0
1041,954,1.0,1,0
1040,1146,0.8540379341840119,1,0
1040,1144,0.8193268561712257,1,0
1040,1081,0.9993302387126036,1,0
1039,2167,0.9967766862969917,1,0
1039,2166,0.8540379341840119,1,0
1045,1120,0.8540379341840119,1,0
1045,1137,0.8540379341840119,1,0
1045,1138,0.8540379341840119,1,0
1045,1141,0.8540379341840119,1,0
1067,1031,0.9993302387126036,1,0
1060,2164,0.7290617249283287,0,0
1059,2164,0.8235438219141987,1,0
1059,1041,0.9993302387126036,1,0
1055,948,0.9993302387126036,1,0
1054,948,0.9993302387126036,1,0
1052,2167,0.729815105485368,0,0
1052,2166,0.7854751849997674,0,0
1050,2164,0.7444542440454819,0,0
1039,2165,0.8540379341840119,1,0
1050,1075,0.9993302387126036,1,0
1049,1075,0.9993302387126036,1,0
1049,950,0.9650698126850287,1,0
1048,1075,0.9993302387126036,1,0
1046,1118,0.8540379341840119,1,0
1046,1117,0.8540379341840119,1,0
1046,952,0.9993302387126036,1,0
1045,1144,0.8540379341840119,1,0
1045,1143,0.9650698126850287,1,0
1045,1142,0.8540379341840119,1,0
1049,2164,0.7290617249283287,0,0
1039,2164,0.8540379341840119,1,0
1039,1146,0.8540379341840119,1,0
1038,1146,0.8540379341840119,1,0
1026,2279,0.9967766862969917,1,0
1026,961,0.9484492666651559,1,0
1025,2279,0.8540379341840119,1,0
1024,2279,0.9967766862969917,1,0
1022,1836,0.9993302387126036,1,0
1022,1095,0.9993302387126036,1,0
1021,2281,0.8255094056554834,1,0
1021,1146,0.9388543490242612,1,0
1020,2281,0.9890004750216793,1,0
1027,2174,0.8069369088429615,1,0
1020,1890,0.9993302387126036,1,0
1020,1146,0.9993302387126036,1,0
1019,2281,0.8608697156636808,1,0
1019,1146,0.9993302387126036,1,0
1018,2281,0.8608697156636808,1,0
1018,1842,0.9993302387126036,1,0
1018,1147,0.8540379341840119,1,0
1018,1146,0.931830083379306,1,0
1018,1093,0.9993302387126036,1,0
1018,963,0.9993302387126036,1,0
1020,1840,0.9993302387126036,1,0
971,1350,0.9743596481581104,1,0
1027,2176,0.7697265752001661,0,0
1027,2184,0.9484492666651559,1,0
1035,2225,0.9743596481581104,1,0
1034,2225,0.9743596481581104,1,0
1034,1144,0.8540379341840119,1,0
1033,1891,0.9993302387126036,1,0
1032,2222,0.7854751849997674,0,0
1032,2221,0.9484492666651559,1,0
1032,2220,0.9388543490242612,1,0
1032,2216,0.8540379341840119,1,0
1032,2215,0.7531184320683209,0,0
1027,2177,0.9484492666651559,1,0
1032,2214,0.729815105485368,0,0
1031,1889,0.9993302387126036,1,0
1031,1146,0.9993302387126036,1,0
1030,2211,0.8540379341840119,1,0
1030,2206,0.9424330346155027,1,0
1030,1146,0.9993302387126036,1,0
1029,2181,0.9890004750216793,1,0
1029,2180,0.9743596481581104,1,0
1029,2179,0.9890004750216793,1,0
1027,2185,0.8193268561712257,1,0
1032,960,0.9650698126850287,1,0
712,2249,0.7274510706103533,0,0
971,1308,0.9967766862969917,1,0
970,1879,0.8540379341840119,1,0
868,1675,0.8540379341840119,1,0
866,1716,0.8540379341840119,1,0
866,1712,0.9890004750216793,1,0
861,2265,0.9967766862969917,1,0
860,2265,0.8255094056554834,1,0
854,2263,0.7653894589865652,0,0
853,2263,0.7842399257600282,0,0
812,2258,0.8235438219141987,1,0
810,2258,0.9890004750216793,1,0
809,2258,0.995069128868692,1,0
808,2258,0.995069128868692,1,0
807,2258,0.995069128868692,1,0
794,2259,0.9890004750216793,1,0
793,2260,0.8193268561712257,1,0
793,2259,0.8540379341840119,1,0
792,2260,0.7290617249283287,0,0
792,2259,0.7653894589865652,0,0
789,2259,0.8540379341840119,1,0
785,2246,0.713336200177551,0,0
868,2265,0.8193268561712257,1,0
869,2269,0.9967766862969917,1,0
869,2272,0.9499869120830097,1,0
870,1709,0.9890004750216793,1,0
883,1670,0.9876048072165678,1,0
883,1669,0.9743596481581104,1,0
883,1668,0.9743596481581104,1,0
883,1667,0.9743596481581104,1,0
883,1666,0.9967766862969917,1,0
883,1591,0.9743596481581104,1,0
882,1591,0.8540379341840119,1,0
882,1537,0.9743596481581104,1,0
881,1675,0.9890004750216793,1,0
785,2245,0.713336200177551,0,0
881,1659,0.9967766862969917,1,0
876,2271,0.7854751849997674,0,0
874,2271,0.9967766862969917,1,0
874,1678,0.7531184320683209,0,0
873,2271,0.995069128868692,1,0
872,2271,0.9967766862969917,1,0
872,2270,0.9967766862969917,1,0
872,2269,0.9967766862969917,1,0
871,2269,0.7854751849997674,0,0
870,2269,0.9967766862969917,1,0
878,1704,0.8540379341840119,1,0
883,1671,0.9890004750216793,1,0
785,2241,0.713336200177551,0,0
784,2241,0.713336200177551,0,0
718,2263,0.8204754882306071,1,0
718,2254,0.7274510706103533,0,0
717,2263,0.9967766862969917,1,0
717,2253,0.7274510706103533,0,0
717,2252,0.7274510706103533,0,0
716,2263,0.8540379341840119,1,0
715,2258,0.7274510706103533,0,0
714,2255,0.7290617249283287,0,0
714,2252,0.7274510706103533,0,0
713,2263,0.9967766862969917,1,0
713,2257,0.7274510706103533,0,0
713,2252,0.7274510706103533,0,0
713,2251,0.7274510706103533,0,0
713,2250,0.7274510706103533,0,0
713,2249,0.7274510706103533,0,0
712,2257,0.7274510706103533,0,0
712,2254,0.7274510706103533,0,0
712,2252,0.7274510706103533,0,0
712,2251,0.7274510706103533,0,0
719,2254,0.7274510706103533,0,0
720,2266,0.995069128868692,1,0
722,2266,0.7290617249283287,0,0
725,2261,0.7274510706103533,0,0
783,2241,0.713336200177551,0,0
782,2261,0.9967766862969917,1,0
775,2259,0.7290617249283287,0,0
769,2255,0.8286840088300865,1,0
768,2255,0.8286840088300865,1,0
765,2254,0.9967766862969917,1,0
764,2254,0.9743596481581104,1,0
761,2252,0.8255094056554834,1,0
760,2252,0.8193268561712257,1,0
784,2246,0.713336200177551,0,0
757,2250,0.8235438219141987,1,0
741,2260,0.8235438219141987,1,0
740,2260,0.8255094056554834,1,0
739,2260,0.9890004750216793,1,0
738,2260,0.9876048072165678,1,0
737,2260,0.9890004750216793,1,0
736,2260,0.9890004750216793,1,0
734,2260,0.9876048072165678,1,0
732,2262,0.9967766862969917,1,0
731,2264,0.995069128868692,1,0
756,2250,0.8540379341840119,1,0
883,1672,0.9890004750216793,1,0
884,1606,0.7367407108710181,0,0
887,1649,0.9993302387126036,1,0
955,1384,0.995069128868692,1,0
955,1264,0.9967766862969917,1,0
954,2283,0.8540379341840119,1,0
954,1384,0.995069128868692,1,0
953,1384,0.8608697156636808,1,0
952,1385,0.8608697156636808,1,0
951,1385,0.8540379341840119,1,0
951,1285,0.9967766862969917,1,0
950,1385,0.8540379341840119,1,0
949,1385,0.7854751849997674,0,0
948,1388,0.8608697156636808,1,0
948,1387,0.9743596481581104,1,0
944,2277,0.9743596481581104,1,0
944,1391,0.8221890694693323,1,0
937,1389,0.7854751849997674,0,0
935,1389,0.9890004750216793,1,0
933,1387,0.8540379341840119,1,0
932,1387,0.7855431361780173,1,0
931,1387,0.8540379341840119,1,0
956,1384,0.8540379341840119,1,0
957,1384,0.8540379341840119,1,0
959,1386,0.9890004750216793,1,0
959,2280,0.9967766862969917,1,0
970,1386,0.8540379341840119,1,0
969,1879,0.8540379341840119,1,0
969,1363,0.9890004750216793,1,0
969,1202,0.8608697156636808,1,0
967,1881,0.9993302387126036,1,0
967,1390,0.8608697156636808,1,0
966,1390,0.8540379341840119,1,0
966,1308,0.9967766862969917,1,0
965,1388,0.8540379341840119,1,0
930,1387,0.9890004750216793,1,0
965,1308,0.9967766862969917,1,0
964,1308,0.9967766862969917,1,0
964,1285,0.9967766862969917,1,0
963,1388,0.9890004750216793,1,0
962,1388,0.9890004750216793,1,0
962,1310,0.8608697156636808,1,0
962,1287,0.9967766862969917,1,0
961,1388,0.9890004750216793,1,0
961,1216,0.9967766862969917,1,0
960,2280,0.8221890694693323,1,0
964,1388,0.8540379341840119,1,0
929,1757,0.9993302387126036,1,0
929,1387,0.9890004750216793,1,0
927,2271,0.9967766862969917,1,0
903,930,0.9993302387126036,1,0
898,2291,0.729815105485368,0,0
898,2290,0.8540379341840119,1,0
897,930,0.9993302387126036,1,0
896,2290,0.8540379341840119,1,0
896,1416,0.8540379341840119,1,0
896,1415,0.9743596481581104,1,0
896,1411,0.9876048072165678,1,0
896,1410,0.9876048072165678,1,0
904,930,0.9484492666651559,1,0
895,1645,0.8540379341840119,1,0
894,1585,0.8540379341840119,1,0
893,1645,0.9993302387126036,1,0
893,1585,0.9876048072165678,1,0
893,1450,0.9876048072165678,1,0
893,932,0.9993302387126036,1,0
892,1645,0.9993302387126036,1,0
891,1587,0.9743596481581104,1,0
891,1452,0.9876048072165678,1,0
889,1574,0.9743596481581104,1,0
894,1645,0.9993302387126036,1,0
971,1200,0.9967766862969917,1,0
905,930,0.9993302387126036,1,0
907,2288,0.8540379341840119,1,0
926,1757,0.9993302387126036,1,0
926,1756,0.9890004750216793,1,0
925,1755,0.9388543490242612,1,0
925,1754,0.8540379341840119,1,0
920,2271,0.8221890694693323,1,0
920,1387,0.9890004750216793,1,0
919,1761,0.9993302387126036,1,0
918,1387,0.9743596481581104,1,0
916,1389,0.9876048072165678,1,0
906,2288,0.8540379341840119,1,0
915,1390,0.9876048072165678,1,0
913,1390,0.7854751849997674,0,0
912,2280,0.7854751849997674,0,0
911,2280,0.8069369088429615,1,0
910,1392,0.9650698126850287,1,0
909,2285,0.8235438219141987,1,0
909,2284,0.9967766862969917,1,0
909,1768,0.9984644378468026,1,0
908,2287,0.8069369088429615,1,0
908,2286,0.8540379341840119,1,0
914,1390,0.9743596481581104,1,0
1071,1060,0.8540379341840119,1,0
441,535,0.9146915025688322,1,0
441,533,0.9890004750216793,1,0
242,1950,0.7290617249283287,0,0
242,1949,0.7290617249283287,0,0
242,1942,0.7854751849997674,0,0
242,1941,0.7653894589865652,0,0
242,1940,0.7854751849997674,0,0
242,1939,0.7854751849997674,0,0
242,1938,0.7290617249283287,0,0
242,1900,0.7290617249283287,0,0
242,1887,0.7653894589865652,0,0
242,1880,0.7290617249283287,0,0
242,986,0.9984644378468026,1,0
242,985,0.9030017659237609,1,0
242,984,0.9993302387126036,1,0
242,967,0.9993302387126036,1,0
242,966,0.9993302387126036,1,0
241,1928,0.7531184320683209,0,0
241,1923,0.7290617249283287,0,0
241,1904,0.7290617249283287,0,0
241,1900,0.7290617249283287,0,0
242,1951,0.7290617249283287,0,0
242,1952,0.7290617249283287,0,0
242,1953,0.7290617249283287,0,0
242,1954,0.7290617249283287,0,0
244,1910,0.7290617249283287,0,0
244,1893,0.7274510706103533,0,0
244,1892,0.7290617249283287,0,0
244,1064,0.9993302387126036,1,0
244,986,0.9876048072165678,1,0
244,963,0.9890004750216793,1,0
244,962,0.9890004750216793,1,0
244,961,0.9984644378468026,1,0
244,960,0.9967766862969917,1,0
241,1892,0.8069369088429615,1,0
243,1910,0.7444542440454819,0,0
243,1895,0.7290617249283287,0,0
243,1892,0.729815105485368,0,0
243,1887,0.7290617249283287,0,0
243,1076,0.9993302387126036,1,0
242,1959,0.8540379341840119,1,0
242,1958,0.8540379341840119,1,0
242,1957,0.8540379341840119,1,0
242,1956,0.8221890694693323,1,0
242,1955,0.8221890694693323,1,0
243,1899,0.7290617249283287,0,0
244,1961,0.7653894589865652,0,0
241,1090,0.8540379341840119,1,0
240,1934,0.8540379341840119,1,0
239,1917,0.7367407108710181,0,0
239,1102,0.9993302387126036,1,0
238,1879,0.8069369088429615,1,0
238,1871,0.7854751849997674,0,0
238,1104,0.9993302387126036,1,0
238,977,0.9993302387126036,1,0
238,976,0.9993302387126036,1,0
238,975,0.9993302387126036,1,0
238,974,0.9993302387126036,1,0
237,1104,0.9993302387126036,1,0
236,1860,0.7531184320683209,0,0
234,1871,0.9890004750216793,1,0
223,1851,0.8540379341840119,1,0
223,1850,0.9388543490242612,1,0
223,1849,0.9424330346155027,1,0
223,1848,0.8193268561712257,1,0
221,1845,0.813136839180823,1,0
219,1843,0.8540379341840119,1,0
219,1841,0.8540379341840119,1,0
239,1918,0.8540379341840119,1,0
239,1919,0.9743596481581104,1,0
239,1921,0.9967766862969917,1,0
239,1923,0.8540379341840119,1,0
240,1933,0.9650698126850287,1,0
240,1932,0.7855431361780173,1,0
240,1931,0.8193268561712257,1,0
240,1930,0.8608697156636808,1,0
240,1900,0.7290617249283287,0,0
240,1887,0.8193268561712257,1,0
240,1886,0.7653894589865652,0,0
240,1885,0.8540379341840119,1,0
240,1883,0.8193268561712257,1,0
240,1935,0.9743596481581104,1,0
240,1882,0.7290617249283287,0,0
240,1880,0.7444542440454819,0,0
240,981,0.8540379341840119,1,0
240,980,0.8540379341840119,1,0
240,971,0.9993302387126036,1,0
240,970,0.9993302387126036,1,0
240,969,0.9993302387126036,1,0
239,1929,0.8235438219141987,1,0
239,1928,0.9650698126850287,1,0
239,1924,0.8069369088429615,1,0
240,1881,0.7290617249283287,0,0
244,1963,0.8540379341840119,1,0
245,1070,0.9993302387126036,1,0
245,1885,0.7290617249283287,0,0
253,1898,0.7367407108710181,0,0
253,1893,0.7367407108710181,0,0
253,1017,0.8540379341840119,1,0
253,1016,0.8540379341840119,1,0
253,996,0.9967766862969917,1,0
253,986,0.8540379341840119,1,0
253,985,0.8540379341840119,1,0
253,984,0.8540379341840119,1,0
253,979,0.8540379341840119,1,0
253,978,0.8540379341840119,1,0
253,977,0.8540379341840119,1,0
253,976,0.8540379341840119,1,0
253,943,0.9993302387126036,1,0
252,1898,0.7290617249283287,0,0
252,1016,0.8540379341840119,1,0
252,979,0.8540379341840119,1,0
252,978,0.8540379341840119,1,0
252,977,0.8540379341840119,1,0
252,976,0.8540379341840119,1,0
254,976,0.8540379341840119,1,0
254,977,0.8540379341840119,1,0
254,978,0.8540379341840119,1,0
254,979,0.8540379341840119,1,0
257,1971,0.7854751849997674,0,0
257,1970,0.7653894589865652,0,0
257,939,0.9993302387126036,1,0
256,1707,0.713336200177551,0,0
256,980,0.8540379341840119,1,0
256,979,0.8540379341840119,1,0
256,978,0.8540379341840119,1,0
256,977,0.8540379341840119,1,0
256,976,0.8540379341840119,1,0
251,1893,0.7290617249283287,0,0
255,981,0.8540379341840119,1,0
255,979,0.8540379341840119,1,0
255,978,0.8540379341840119,1,0
255,977,0.8540379341840119,1,0
255,976,0.8540379341840119,1,0
254,987,0.8540379341840119,1,0
254,986,0.8540379341840119,1,0
254,985,0.8540379341840119,1,0
254,984,0.8540379341840119,1,0
254,981,0.8540379341840119,1,0
255,980,0.8540379341840119,1,0
251,1890,0.7290617249283287,0,0
251,994,0.9993302387126036,1,0
251,978,0.8540379341840119,1,0
247,1010,0.9890004750216793,1,0
247,1006,0.8540379341840119,1,0
247,1005,0.9146915025688322,1,0
247,1004,0.9146915025688322,1,0
247,1003,0.9993302387126036,1,0
247,1002,0.9993302387126036,1,0
247,1001,0.9993302387126036,1,0
247,1000,0.9993302387126036,1,0
247,991,0.9030017659237609,1,0
247,1011,0.8540379341840119,1,0
246,1963,0.7854751849997674,0,0
246,1890,0.7290617249283287,0,0
246,1885,0.7290617249283287,0,0
246,1061,0.9993302387126036,1,0
246,990,0.8608697156636808,1,0
246,959,0.9030017659237609,1,0
246,957,0.9993302387126036,1,0
245,1963,0.7531184320683209,0,0
245,1910,0.7290617249283287,0,0
245,1887,0.7367407108710181,0,0
246,1891,0.7621373909238652,0,0
219,1840,0.8255094056554834,1,0
247,1885,0.7290617249283287,0,0
248,956,0.8608697156636808,1,0
251,977,0.8540379341840119,1,0
251,976,0.8540379341840119,1,0
251,945,0.9993302387126036,1,0
250,1893,0.7290617249283287,0,0
250,1890,0.7290617249283287,0,0
249,1890,0.7290617249283287,0,0
249,1887,0.7290617249283287,0,0
249,1013,0.9484492666651559,1,0
249,1012,0.9993302387126036,1,0
248,955,0.9993302387126036,1,0
249,999,0.9993302387126036,1,0
249,976,0.8540379341840119,1,0
249,951,0.8540379341840119,1,0
249,950,0.8540379341840119,1,0
249,949,0.8540379341840119,1,0
249,948,0.8540379341840119,1,0
248,1885,0.7290617249283287,0,0
248,999,0.9993302387126036,1,0
248,991,0.8540379341840119,1,0
248,957,0.9424330346155027,1,0
249,992,0.9876048072165678,1,0
257,1972,0.8255094056554834,1,0
219,1839,0.7854751849997674,0,0
209,1831,0.8540379341840119,1,0
141,1313,0.8540379341840119,1,0
141,1312,0.9424330346155027,1,0
141,1305,0.9993302387126036,1,0
141,1304,0.8540379341840119,1,0
140,1652,0.9890004750216793,1,0
140,1418,0.9967766862969917,1,0
139,1555,0.9650698126850287,1,0
139,1379,0.9967766862969917,1,0
139,1378,0.9967766862969917,1,0
139,1377,0.8540379341840119,1,0
138,1654,0.8540379341840119,1,0
137,1553,0.8540379341840119,1,0
137,1467,0.8540379341840119,1,0
137,1383,0.9967766862969917,1,0
136,1658,0.9890004750216793,1,0
135,1551,0.9650698126850287,1,0
135,1407,0.9967766862969917,1,0
135,1385,0.9967766862969917,1,0
134,1660,0.9890004750216793,1,0
141,1556,0.9743596481581104,1,0
142,1650,0.9890004750216793,1,0
143,1314,0.9993302387126036,1,0
143,1558,0.9743596481581104,1,0
147,1333,0.9993302387126036,1,0
147,1332,0.9993302387126036,1,0
147,1328,0.9993302387126036,1,0
147,1326,0.9993302387126036,1,0
147,1325,0.9993302387126036,1,0
147,1324,0.9499869120830097,1,0
146,1580,0.8540379341840119,1,0
146,1578,0.8540379341840119,1,0
146,1422,0.9890004750216793,1,0
133,1783,0.9876048072165678,1,0
146,1295,0.9993302387126036,1,0
145,1299,0.9993302387126036,1,0
144,1789,0.8221890694693323,1,0
144,1576,0.8540379341840119,1,0
144,1575,0.8540379341840119,1,0
144,1574,0.8540379341840119,1,0
144,1573,0.9650698126850287,1,0
144,1299,0.9993302387126036,1,0
143,1560,0.8540379341840119,1,0
143,1559,0.9650698126850287,1,0
145,1322,0.9146915025688322,1,0
147,1334,0.9993302387126036,1,0
133,1547,0.9743596481581104,1,0
133,1396,0.9967766862969917,1,0
77,1760,0.9743596481581104,1,0
77,1759,0.9743596481581104,1,0
77,1758,0.9743596481581104,1,0
77,1757,0.9743596481581104,1,0
70,1743,0.9890004750216793,1,0
69,1717,0.9890004750216793,1,0
68,1741,0.8540379341840119,1,0
67,1741,0.9890004750216793,1,0
66,1739,0.9890004750216793,1,0
66,1737,0.9890004750216793,1,0
66,1732,0.9890004750216793,1,0
66,1731,0.8221890694693323,1,0
66,1727,0.9890004750216793,1,0
66,1726,0.9890004750216793,1,0
66,1725,0.9890004750216793,1,0
66,1724,0.9890004750216793,1,0
66,1723,0.9890004750216793,1,0
60,1747,0.8540379341840119,1,0
511,1066,0.713336200177551,0,0
79,1769,0.9890004750216793,1,0
79,1770,0.8540379341840119,1,0
79,1771,0.8540379341840119,1,0
81,1775,0.9743596481581104,1,0
132,1662,0.9890004750216793,1,0
131,1543,0.9743596481581104,1,0
129,1781,0.9743596481581104,1,0
127,1478,0.8540379341840119,1,0
124,1779,0.9743596481581104,1,0
123,1529,0.9876048072165678,1,0
123,1528,0.8540379341840119,1,0
123,1527,0.9876048072165678,1,0
115,1782,0.9743596481581104,1,0
133,1545,0.9743596481581104,1,0
114,1782,0.9743596481581104,1,0
103,1693,0.9424330346155027,1,0
89,1786,0.9876048072165678,1,0
87,1784,0.9876048072165678,1,0
87,1782,0.8193268561712257,1,0
85,1783,0.9876048072165678,1,0
85,1781,0.8540379341840119,1,0
85,1780,0.8540379341840119,1,0
85,1701,0.9890004750216793,1,0
83,1779,0.9743596481581104,1,0
112,1784,0.9650698126850287,1,0
148,1291,0.9993302387126036,1,0
148,1292,0.9993302387126036,1,0
148,1293,0.9993302387126036,1,0
188,1817,0.7290617249283287,0,0
188,1206,0.9993302387126036,1,0
188,1184,0.9993302387126036,1,0
188,1183,0.9993302387126036,1,0
187,1177,0.9993302387126036,1,0
187,1176,0.9993302387126036,1,0
187,1172,0.9993302387126036,1,0
187,1170,0.9993302387126036,1,0
187,1169,0.9993302387126036,1,0
186,1204,0.9993302387126036,1,0
186,1203,0.8540379341840119,1,0
186,1201,0.9993302387126036,1,0
186,1200,0.9993302387126036,1,0
186,1199,0.9993302387126036,1,0
186,1198,0.9993302387126036,1,0
186,1197,0.9993302387126036,1,0
184,1814,0.8540379341840119,1,0
180,1812,0.8540379341840119,1,0
180,1266,0.9388543490242612,1,0
191,1196,0.7854751849997674,0,0
194,1818,0.8221890694693323,1,0
194,1819,0.7855431361780173,1,0
194,1820,0.8608697156636808,1,0
209,1143,0.9993302387126036,1,0
208,1831,0.729815105485368,0,0
208,1143,0.9984644378468026,1,0
207,1831,0.7367407108710181,0,0
207,1143,0.9993302387126036,1,0
206,1143,0.9993302387126036,1,0
205,1146,0.9993302387126036,1,0
205,1143,0.9993302387126036,1,0
204,1829,0.7842399257600282,0,0
176,1268,0.9993302387126036,1,0
203,1829,0.9743596481581104,1,0
201,1155,0.9993302387126036,1,0
201,1154,0.9993302387126036,1,0
201,1153,0.9146915025688322,1,0
199,1826,0.8540379341840119,1,0
197,1826,0.8608697156636808,1,0
197,1825,0.7290617249283287,0,0
197,1824,0.8540379341840119,1,0
197,1823,0.7531184320683209,0,0
197,1822,0.8540379341840119,1,0
201,1828,0.9743596481581104,1,0
175,1268,0.9650698126850287,1,0
174,1806,0.9743596481581104,1,0
174,1270,0.9993302387126036,1,0
152,1281,0.9993302387126036,1,0
151,1631,0.9876048072165678,1,0
151,1630,0.9650698126850287,1,0
151,1629,0.9743596481581104,1,0
150,1639,0.8540379341840119,1,0
150,1637,0.8540379341840119,1,0
150,1592,0.9743596481581104,1,0
150,1591,0.8540379341840119,1,0
150,1590,0.8540379341840119,1,0
152,1789,0.8193268561712257,1,0
150,1424,0.8221890694693323,1,0
149,1634,0.8540379341840119,1,0
148,1641,0.9890004750216793,1,0
148,1588,0.8540379341840119,1,0
148,1587,0.8540379341840119,1,0
148,1584,0.9743596481581104,1,0
148,1583,0.8540379341840119,1,0
148,1582,0.8235438219141987,1,0
148,1424,0.9967766862969917,1,0
148,1361,0.9967766862969917,1,0
150,1285,0.9993302387126036,1,0
215,1833,0.8193268561712257,1,0
153,1623,0.8540379341840119,1,0
153,1625,0.9876048072165678,1,0
172,1804,0.9890004750216793,1,0
172,1272,0.9993302387126036,1,0
171,1283,0.7854751849997674,0,0
170,1802,0.9890004750216793,1,0
170,1274,0.9993302387126036,1,0
168,1800,0.8540379341840119,1,0
168,1276,0.9993302387126036,1,0
166,1796,0.8221890694693323,1,0
164,1796,0.8540379341840119,1,0
153,1624,0.8540379341840119,1,0
163,1278,0.9993302387126036,1,0
158,1795,0.8608697156636808,1,0
155,1621,0.9424330346155027,1,0
155,1619,0.9743596481581104,1,0
155,1618,0.9650698126850287,1,0
155,1617,0.9743596481581104,1,0
155,1608,0.9743596481581104,1,0
155,1606,0.8540379341840119,1,0
154,1791,0.8540379341840119,1,0
154,1596,0.7854751849997674,0,0
160,1795,0.8540379341840119,1,0
441,534,0.9146915025688322,1,0
257,1973,0.8540379341840119,1,0
259,937,0.9993302387126036,1,0
325,789,0.9993302387126036,1,0
325,685,0.8540379341840119,1,0
324,903,0.9993302387126036,1,0
324,813,0.9993302387126036,1,0
324,812,0.9993302387126036,1,0
324,811,0.9650698126850287,1,0
324,810,0.9993302387126036,1,0
324,720,0.9993302387126036,1,0
324,684,0.8540379341840119,1,0
323,791,0.9984644378468026,1,0
323,689,0.8540379341840119,1,0
323,688,0.8540379341840119,1,0
321,691,0.9484492666651559,1,0
321,690,0.9743596481581104,1,0
320,805,0.9993302387126036,1,0
320,804,0.9993302387126036,1,0
320,803,0.9146915025688322,1,0
320,698,0.8540379341840119,1,0
319,699,0.8540379341840119,1,0
326,680,0.9984644378468026,1,0
326,818,0.9993302387126036,1,0
327,683,0.9650698126850287,1,0
327,684,0.8608697156636808,1,0
335,776,0.9890004750216793,1,0
335,775,0.9876048072165678,1,0
335,674,0.995069128868692,1,0
333,844,0.9967766862969917,1,0
333,841,0.9993302387126036,1,0
332,891,0.9993302387126036,1,0
332,723,0.9993302387126036,1,0
331,783,0.9993302387126036,1,0
330,820,0.9993302387126036,1,0
319,696,0.8540379341840119,1,0
330,783,0.9993302387126036,1,0
330,687,0.8540379341840119,1,0
330,678,0.9993302387126036,1,0
329,820,0.9984644378468026,1,0
329,783,0.9993302387126036,1,0
328,721,0.9743596481581104,1,0
327,893,0.9993302387126036,1,0
327,787,0.9967766862969917,1,0
327,721,0.9743596481581104,1,0
327,698,0.8540379341840119,1,0
330,688,0.8540379341840119,1,0
335,835,0.9424330346155027,1,0
319,693,0.9993302387126036,1,0
318,696,0.8540379341840119,1,0
312,927,0.9993302387126036,1,0
312,707,0.8620771927332268,1,0
311,709,0.9967766862969917,1,0
311,708,0.9890004750216793,1,0
311,702,0.9424330346155027,1,0
311,701,0.9650698126850287,1,0
311,699,0.9890004750216793,1,0
310,702,0.8608697156636808,1,0
291,1990,0.729815105485368,0,0
291,1989,0.729815105485368,0,0
291,926,0.9890004750216793,1,0
290,1990,0.7290617249283287,0,0
290,1989,0.729815105485368,0,0
289,1990,0.7290617249283287,0,0
285,2008,0.7290617249283287,0,0
284,2001,0.7290617249283287,0,0
284,1985,0.7290617249283287,0,0
283,2005,0.7290617249283287,0,0
283,1995,0.7653894589865652,0,0
313,698,0.9146915025688322,1,0
313,699,0.9876048072165678,1,0
313,702,0.9890004750216793,1,0
313,703,0.9499869120830097,1,0
317,717,0.8540379341840119,1,0
317,716,0.8608697156636808,1,0
317,695,0.9993302387126036,1,0
316,699,0.8540379341840119,1,0
315,714,0.8540379341840119,1,0
315,705,0.8608697156636808,1,0
315,704,0.8540379341840119,1,0
315,703,0.8540379341840119,1,0
315,702,0.8540379341840119,1,0
319,692,0.9890004750216793,1,0
315,701,0.9743596481581104,1,0
315,699,0.8608697156636808,1,0
315,698,0.8608697156636808,1,0
315,697,0.9993302387126036,1,0
313,711,0.8540379341840119,1,0
313,710,0.8540379341840119,1,0
313,707,0.9967766862969917,1,0
313,706,0.9967766862969917,1,0
313,705,0.9484492666651559,1,0
313,704,0.9890004750216793,1,0
315,700,0.8608697156636808,1,0
336,674,0.9993302387126036,1,0
337,725,0.9146915025688322,1,0
337,850,0.9993302387126036,1,0
434,541,0.9484492666651559,1,0
433,2118,0.8540379341840119,1,0
433,557,0.9650698126850287,1,0
433,556,0.9388543490242612,1,0
432,556,0.8608697156636808,1,0
431,556,0.9984644378468026,1,0
431,553,0.9650698126850287,1,0
431,551,0.9743596481581104,1,0
429,1932,0.7274510706103533,0,0
417,2108,0.7854751849997674,0,0
417,608,0.9890004750216793,1,0
413,1567,0.3339940902685344,0,0
407,616,0.9984644378468026,1,0
405,618,0.9993302387126036,1,0
405,617,0.9743596481581104,1,0
405,616,0.9993302387126036,1,0
401,2107,0.7854751849997674,0,0
396,2105,0.7854751849997674,0,0
396,638,0.9993302387126036,1,0
434,542,0.8944378660555131,1,0
434,545,0.9030017659237609,1,0
434,562,0.9993302387126036,1,0
435,541,0.9890004750216793,1,0
441,531,0.9890004750216793,1,0
440,537,0.8608697156636808,1,0
440,536,0.8608697156636808,1,0
440,535,0.8944378660555131,1,0
440,533,0.9424330346155027,1,0
439,537,0.9890004750216793,1,0
439,536,0.9890004750216793,1,0
439,535,0.9890004750216793,1,0
439,534,0.9743596481581104,1,0
395,2105,0.7531184320683209,0,0
439,533,0.9743596481581104,1,0
438,539,0.9424330346155027,1,0
438,537,0.9743596481581104,1,0
437,540,0.9743596481581104,1,0
437,539,0.9967766862969917,1,0
437,538,0.9890004750216793,1,0
437,537,0.9890004750216793,1,0
436,541,0.9424330346155027,1,0
435,545,0.9967766862969917,1,0
435,542,0.9484492666651559,1,0
438,572,0.9967766862969917,1,0
386,2101,0.7290617249283287,0,0
384,655,0.9993302387126036,1,0
382,657,0.9993302387126036,1,0
359,2053,0.8540379341840119,1,0
358,737,0.9967766862969917,1,0
358,668,0.9993302387126036,1,0
357,668,0.9993302387126036,1,0
356,733,0.8540379341840119,1,0
354,732,0.8540379341840119,1,0
354,731,0.8540379341840119,1,0
353,731,0.8540379341840119,1,0
352,723,0.8540379341840119,1,0
359,2054,0.7697265752001661,0,0
349,725,0.8540379341840119,1,0
346,749,0.9499869120830097,1,0
346,746,0.9993302387126036,1,0
346,670,0.9743596481581104,1,0
343,762,0.9993302387126036,1,0
342,672,0.9967766862969917,1,0
341,672,0.9650698126850287,1,0
339,854,0.9993302387126036,1,0
339,853,0.9993302387126036,1,0
338,725,0.9484492666651559,1,0
347,757,0.9890004750216793,1,0
283,1992,0.7290617249283287,0,0
359,2055,0.8540379341840119,1,0
359,2064,0.8540379341840119,1,0
380,659,0.9984644378468026,1,0
376,2089,0.8193268561712257,1,0
376,661,0.9993302387126036,1,0
374,2088,0.8540379341840119,1,0
372,663,0.9993302387126036,1,0
371,663,0.9993302387126036,1,0
370,663,0.9993302387126036,1,0
369,2043,0.7290617249283287,0,0
367,2046,0.7290617249283287,0,0
359,2056,0.8540379341840119,1,0
366,2072,0.7290617249283287,0,0
366,658,0.9424330346155027,1,0
365,2047,0.7854751849997674,0,0
365,658,0.9424330346155027,1,0
364,2070,0.8540379341840119,1,0
363,2062,0.729815105485368,0,0
363,2049,0.8540379341840119,1,0
361,2053,0.7290617249283287,0,0
361,2051,0.8221890694693323,1,0
360,667,0.9993302387126036,1,0
366,665,0.9993302387126036,1,0
258,976,0.8540379341840119,1,0
282,1997,0.7290617249283287,0,0
282,1994,0.7290617249283287,0,0
270,1997,0.7290617249283287,0,0
270,1993,0.7290617249283287,0,0
270,1992,0.7290617249283287,0,0
270,1991,0.7290617249283287,0,0
270,1989,0.7290617249283287,0,0
270,1987,0.7290617249283287,0,0
270,1986,0.7290617249283287,0,0
270,1985,0.7290617249283287,0,0
270,1984,0.7290617249283287,0,0
270,927,0.9993302387126036,1,0
269,2002,0.7290617249283287,0,0
269,1992,0.7290617249283287,0,0
269,1990,0.7290617249283287,0,0
269,1989,0.7290617249283287,0,0
269,1988,0.7290617249283287,0,0
269,1986,0.7290617249283287,0,0
269,1984,0.7290617249283287,0,0
269,1982,0.7290617249283287,0,0
269,1981,0.7290617249283287,0,0
270,2002,0.7290617249283287,0,0
271,1984,0.7290617249283287,0,0
271,1985,0.7290617249283287,0,0
271,1986,0.7290617249283287,0,0
272,2003,0.7274510706103533,0,0
272,1999,0.7290617249283287,0,0
272,1998,0.7290617249283287,0,0
272,1993,0.7290617249283287,0,0
272,1992,0.7290617249283287,0,0
272,1991,0.7290617249283287,0,0
272,1990,0.7290617249283287,0,0
272,1986,0.7290617249283287,0,0
272,1985,0.7290617249283287,0,0
268,1993,0.7290617249283287,0,0
272,1984,0.7290617249283287,0,0
271,2001,0.7290617249283287,0,0
271,1999,0.7274510706103533,0,0
271,1998,0.7290617249283287,0,0
271,1997,0.7290617249283287,0,0
271,1996,0.7290617249283287,0,0
271,1993,0.7290617249283287,0,0
271,1992,0.7290617249283287,0,0
271,1991,0.7290617249283287,0,0
271,1989,0.7290617249283287,0,0
272,928,0.9993302387126036,1,0
273,1984,0.7290617249283287,0,0
268,1992,0.7290617249283287,0,0
268,1983,0.7290617249283287,0,0
263,1995,0.8193268561712257,1,0
263,1994,0.8540379341840119,1,0
263,1993,0.7290617249283287,0,0
263,1992,0.7290617249283287,0,0
262,1018,0.8540379341840119,1,0
261,1992,0.8540379341840119,1,0
261,1985,0.7290617249283287,0,0
261,1984,0.7290617249283287,0,0
260,1985,0.7290617249283287,0,0
260,1984,0.7290617249283287,0,0
259,1988,0.8540379341840119,1,0
259,1987,0.8193268561712257,1,0
259,1986,0.8540379341840119,1,0
259,1985,0.7842399257600282,0,0
259,1984,0.7854751849997674,0,0
259,1983,0.8193268561712257,1,0
259,1982,0.8255094056554834,1,0
259,1981,0.8193268561712257,1,0
259,1980,0.7531184320683209,0,0
263,1996,0.8540379341840119,1,0
264,1015,0.8540379341840119,1,0
264,1975,0.7290617249283287,0,0
264,1986,0.7290617249283287,0,0
268,1982,0.7290617249283287,0,0
268,1981,0.7290617249283287,0,0
268,1980,0.7290617249283287,0,0
268,1031,0.8255094056554834,1,0
267,1976,0.7290617249283287,0,0
267,1030,0.8540379341840119,1,0
267,927,0.9743596481581104,1,0
266,1980,0.7290617249283287,0,0
266,1976,0.7290617249283287,0,0
268,1987,0.7290617249283287,0,0
266,1029,0.8540379341840119,1,0
265,1996,0.7290617249283287,0,0
265,1987,0.7290617249283287,0,0
265,1986,0.7290617249283287,0,0
265,1975,0.7290617249283287,0,0
265,1974,0.7290617249283287,0,0
265,1028,0.8540379341840119,1,0
265,931,0.9424330346155027,1,0
264,1990,0.7290617249283287,0,0
264,1987,0.7290617249283287,0,0
265,1998,0.8540379341840119,1,0
273,1985,0.7290617249283287,0,0
273,1990,0.7290617249283287,0,0
273,1991,0.7290617249283287,0,0
279,1993,0.7290617249283287,0,0
279,1992,0.7290617249283287,0,0
279,1991,0.7290617249283287,0,0
279,1990,0.729815105485368,0,0
279,1989,0.7653894589865652,0,0
279,1988,0.729815105485368,0,0
279,1987,0.7653894589865652,0,0
278,2003,0.7274510706103533,0,0
278,2002,0.7290617249283287,0,0
278,2001,0.7290617249283287,0,0
278,2000,0.7290617249283287,0,0
278,1997,0.7290617249283287,0,0
278,1995,0.7290617249283287,0,0
278,1994,0.7290617249283287,0,0
278,1993,0.7290617249283287,0,0
278,1992,0.7290617249283287,0,0
278,1991,0.7290617249283287,0,0
278,1989,0.7290617249283287,0,0
278,1988,0.7290617249283287,0,0
279,1994,0.7290617249283287,0,0
279,1998,0.7290617249283287,0,0
279,1999,0.7290617249283287,0,0
279,2000,0.7290617249283287,0,0
282,1992,0.7290617249283287,0,0
281,1996,0.7290617249283287,0,0
281,1995,0.7290617249283287,0,0
281,1994,0.7531184320683209,0,0
281,1992,0.7367407108710181,0,0
280,2003,0.7290617249283287,0,0
280,2002,0.7290617249283287,0,0
280,2001,0.7290617249283287,0,0
280,2000,0.7290617249283287,0,0
278,1987,0.7290617249283287,0,0
280,1999,0.7290617249283287,0,0
280,1997,0.7290617249283287,0,0
280,1996,0.7290617249283287,0,0
280,1995,0.7274510706103533,0,0
280,1994,0.7290617249283287,0,0
280,1993,0.7290617249283287,0,0
280,1983,0.7290617249283287,0,0
279,2003,0.7274510706103533,0,0
279,2002,0.7290617249283287,0,0
279,2001,0.7290617249283287,0,0
280,1998,0.7290617249283287,0,0
278,1986,0.7290617249283287,0,0
278,930,0.9993302387126036,1,0
277,1995,0.7290617249283287,0,0
275,1987,0.7290617249283287,0,0
275,1986,0.7290617249283287,0,0
275,1983,0.7290617249283287,0,0
275,1980,0.7290617249283287,0,0
275,1979,0.7290617249283287,0,0
274,2002,0.7290617249283287,0,0
274,2000,0.7274510706103533,0,0
274,1994,0.7290617249283287,0,0
274,1993,0.7290617249283287,0,0
275,1988,0.7290617249283287,0,0
274,1992,0.7290617249283287,0,0
274,1987,0.7290617249283287,0,0
274,1985,0.7290617249283287,0,0
274,1983,0.7290617249283287,0,0
274,1981,0.7290617249283287,0,0
274,1980,0.7290617249283287,0,0
273,1995,0.7290617249283287,0,0
273,1994,0.7290617249283287,0,0
273,1993,0.7290617249283287,0,0
273,1992,0.7290617249283287,0,0
274,1988,0.7290617249283287,0,0
282,1995,0.7290617249283287,0,0
275,1992,0.7290617249283287,0,0
275,1997,0.7290617249283287,0,0
277,1994,0.7290617249283287,0,0
277,1993,0.7290617249283287,0,0
277,1992,0.7290617249283287,0,0
277,1988,0.7290617249283287,0,0
277,1987,0.7290617249283287,0,0
277,1985,0.7290617249283287,0,0
277,1983,0.7290617249283287,0,0
277,1982,0.7290617249283287,0,0
277,1981,0.7290617249283287,0,0
275,1993,0.7290617249283287,0,0
277,930,0.9993302387126036,1,0
276,1992,0.7290617249283287,0,0
276,1988,0.7290617249283287,0,0
276,1987,0.7290617249283287,0,0
276,1986,0.7290617249283287,0,0
276,1985,0.7290617249283287,0,0
276,1983,0.7290617249283287,0,0
276,1982,0.7290617249283287,0,0
276,1981,0.7290617249283287,0,0
275,2000,0.7290617249283287,0,0
276,1993,0.7290617249283287,0,0
1071,1062,0.8540379341840119,1,0
1072,1060,0.8540379341840119,1,0
1073,970,0.9993302387126036,1,0
1468,786,0.8193268561712257,1,1
1468,784,0.8193268561712257,1,1
1467,788,0.8221890694693323,1,1
1467,784,0.8221890694693323,1,1
1466,788,0.8221890694693323,1,1
1466,786,0.8235438219141987,1,1
1466,785,0.8193268561712257,1,1
1466,784,0.8255094056554834,1,1
1465,788,0.8243221751301548,1,1
1465,787,0.8221890694693323,1,1
1465,786,0.8235438219141987,1,1
1465,785,0.8221890694693323,1,1
1465,784,0.8235438219141987,1,1
1465,783,0.7855431361780173,1,1
1464,789,0.8235438219141987,1,1
1464,788,0.8193268561712257,1,1
1464,787,0.8540379341840119,1,1
1464,786,0.8221890694693323,1,1
1463,789,0.8193268561712257,1,1
1469,783,0.8221890694693323,1,1
1469,784,0.8255094056554834,1,1
1469,785,0.8193268561712257,1,1
1469,786,0.8193268561712257,1,1
1472,788,0.9424330346155027,1,1
1472,787,0.8608697156636808,1,1
1472,786,0.8221890694693323,1,1
1472,785,0.7855431361780173,1,1
1472,784,0.8255094056554834,1,1
1472,783,0.8221890694693323,1,1
1471,788,0.9424330346155027,1,1
1471,787,0.8608697156636808,1,1
1471,786,0.8255094056554834,1,1
1463,788,0.8193268561712257,1,1
1471,785,0.8221890694693323,1,1
1471,783,0.8193268561712257,1,1
1470,788,0.8608697156636808,1,1
1470,787,0.8069369088429615,1,1
1470,786,0.8193268561712257,1,1
1470,785,0.8193268561712257,1,1
1470,784,0.8255094056554834,1,1
1470,783,0.8193268561712257,1,1
1469,788,0.8908643304465792,1,1
1469,787,0.8069369088429615,1,1
1471,784,0.8255094056554834,1,1
1473,784,0.7854751849997674,0,0
1463,787,0.8540379341840119,1,1
1462,789,0.9131554967074128,1,1
1455,896,0.8235438219141987,1,0
1455,787,0.9650698126850287,1,0
1454,899,0.8540379341840119,1,0
1454,898,0.8540379341840119,1,0
1454,897,0.8235438219141987,1,0
1454,896,0.8243448546932933,1,0
1454,787,0.8540379341840119,1,0
1453,899,0.8235438219141987,1,0
1453,898,0.8540379341840119,1,0
1453,787,0.8540379341840119,1,0
1452,899,0.8193268561712257,1,0
1452,898,0.8540379341840119,1,0
1452,787,0.8255094056554834,1,0
1451,899,0.8193268561712257,1,0
1451,898,0.8255094056554834,1,0
1451,787,0.8540379341840119,1,0
1450,899,0.8193268561712257,1,0
1450,898,0.8235438219141987,1,0
1450,789,0.8255094056554834,1,0
1455,897,0.8221890694693323,1,0
1455,898,0.8255094056554834,1,0
1455,899,0.8540379341840119,1,0
1456,896,0.8243448546932933,1,0
1462,788,0.8193268561712257,1,1
1462,787,0.9499869120830097,1,1
1462,786,0.9424330346155027,1,1
1462,785,0.8540379341840119,1,1
1462,784,0.8540379341840119,1,1
1461,789,0.9499869120830097,1,1
1461,788,0.8193268561712257,1,1
1461,787,0.9484492666651559,1,1
1461,786,0.9424330346155027,1,1
1463,786,0.8221890694693323,1,1
1461,785,0.8540379341840119,1,1
1459,789,0.9743596481581104,1,1
1458,787,0.8540379341840119,1,0
1458,786,0.9484492666651559,1,0
1457,897,0.8255094056554834,1,0
1457,896,0.8255094056554834,1,0
1457,789,0.9424330346155027,1,0
1457,788,0.8193268561712257,1,0
1457,787,0.9743596481581104,1,0
1456,897,0.8540379341840119,1,0
1460,789,0.9890004750216793,1,1
1473,785,0.7855431361780173,1,1
1473,786,0.8193268561712257,1,1
1473,787,0.8069369088429615,1,1
1486,788,0.8221890694693323,1,1
1486,787,0.8193268561712257,1,1
1486,786,0.8540379341840119,1,1
1486,785,0.8255094056554834,1,1
1486,784,0.8221890694693323,1,1
1486,783,0.8193268561712257,1,1
1485,788,0.8221890694693323,1,1
1485,787,0.8193268561712257,1,1
1485,786,0.8540379341840119,1,1
1485,785,0.8193268561712257,1,1
1485,784,0.8221890694693323,1,1
1485,783,0.8255094056554834,1,1
1484,788,0.9424330346155027,1,1
1484,787,0.9424330346155027,1,1
1484,784,0.8193268561712257,1,1
1484,783,0.8193268561712257,1,1
1483,788,0.9424330346155027,1,1
1483,787,0.8069369088429615,1,1
1483,784,0.8193268561712257,1,1
1487,783,0.8193268561712257,1,1
1487,784,0.8255094056554834,1,1
1487,785,0.8221890694693323,1,1
1487,786,0.8540379341840119,1,1
1492,785,0.8540379341840119,1,1
1491,788,0.8540379341840119,1,1
1491,786,0.8540379341840119,1,1
1491,785,0.8221890694693323,1,1
1490,788,0.8540379341840119,1,1
1490,787,0.8221890694693323,1,1
1490,786,0.8540379341840119,1,1
1490,785,0.8540379341840119,1,1
1489,788,0.8540379341840119,1,1
1483,783,0.8193268561712257,1,1
1489,787,0.8221890694693323,1,1
1489,785,0.9424330346155027,1,1
1488,788,0.8235438219141987,1,1
1488,787,0.8221890694693323,1,1
1488,786,0.8540379341840119,1,1
1488,785,0.8540379341840119,1,1
1488,784,0.8255094056554834,1,1
1488,783,0.8193268561712257,1,1
1487,788,0.8221890694693323,1,1
1487,787,0.8221890694693323,1,1
1489,786,0.9484492666651559,1,1
1482,790,0.8193268561712257,1,1
1482,789,0.8193268561712257,1,1
1482,788,0.9499869120830097,1,1
1478,783,0.8193268561712257,1,0
1477,788,0.8540379341840119,1,1
1477,787,0.8608697156636808,1,1
1477,786,0.8221890694693323,1,1
1477,785,0.7854751849997674,0,0
1477,784,0.7855431361780173,1,0
1476,788,0.8235438219141987,1,1
1476,787,0.8540379341840119,1,1
1476,786,0.8193268561712257,1,1
1478,784,0.7854751849997674,0,0
1476,785,0.7854751849997674,0,0
1475,787,0.8608697156636808,1,1
1475,786,0.8221890694693323,1,1
1475,785,0.7855431361780173,1,1
1474,788,0.9424330346155027,1,1
1474,787,0.8069369088429615,1,1
1474,786,0.8221890694693323,1,1
1474,785,0.7855431361780173,1,1
1474,784,0.7855431361780173,1,1
1473,788,0.9030017659237609,1,1
1475,788,0.9424330346155027,1,1
1450,788,0.9146915025688322,1,0
1478,785,0.7854751849997674,0,0
1478,787,0.8540379341840119,1,1
1482,787,0.8608697156636808,1,1
1481,790,0.8193268561712257,1,1
1481,789,0.8193268561712257,1,1
1481,788,0.9499869120830097,1,1
1481,787,0.8608697156636808,1,1
1480,790,0.8608697156636808,1,1
1480,789,0.8193268561712257,1,1
1480,788,0.9650698126850287,1,1
1480,787,0.8193268561712257,1,1
1478,786,0.8221890694693323,1,1
1480,786,0.7855431361780173,1,1
1480,784,0.7855431361780173,1,0
1479,790,0.8193268561712257,1,1
1479,789,0.8193268561712257,1,1
1479,788,0.9650698126850287,1,1
1479,787,0.8608697156636808,1,1
1479,786,0.8069369088429615,1,1
1479,785,0.7854751849997674,0,0
1479,784,0.7854751849997674,0,0
1478,788,0.9424330346155027,1,1
1480,785,0.7854751849997674,0,0
1492,786,0.9876048072165678,1,1
1450,787,0.9424330346155027,1,0
1449,901,0.8193268561712257,1,0
1428,791,0.9484492666651559,1,0
1428,790,0.8608697156636808,1,0
1428,786,0.8540379341840119,1,0
1427,792,0.9743596481581104,1,0
1427,791,0.9484492666651559,1,0
1427,790,0.8608697156636808,1,0
1427,786,0.9440592937217239,1,0
1426,792,0.9484492666651559,1,0
1426,791,0.8193268561712257,1,0
1426,790,0.9440592937217239,1,0
1426,789,0.8221890694693323,1,0
1426,788,0.8540379341840119,1,0
1426,787,0.9440592937217239,1,0
1425,792,0.9650698126850287,1,0
1425,791,0.8221890694693323,1,0
1425,790,0.8608697156636808,1,0
1425,789,0.8608697156636808,1,0
1425,787,0.8540379341840119,1,0
1424,790,0.8608697156636808,1,0
1429,786,0.8255094056554834,1,0
1429,788,0.9484492666651559,1,0
1429,789,0.9484492666651559,1,0
1429,790,0.8193268561712257,1,0
1432,789,0.9424330346155027,1,0
1432,788,0.9424330346155027,1,0
1431,918,0.8069369088429615,1,0
1431,917,0.8193268561712257,1,0
1431,916,0.8193268561712257,1,0
1431,791,0.9650698126850287,1,0
1431,790,0.9420152685644911,1,0
1431,789,0.9424330346155027,1,0
1431,788,0.9440592937217239,1,0
1424,789,0.8608697156636808,1,0
1430,918,0.7855431361780173,1,0
1430,915,0.8235438219141987,1,0
1430,791,0.9424330346155027,1,0
1430,790,0.8193268561712257,1,0
1430,789,0.9424330346155027,1,0
1430,788,0.9440592937217239,1,0
1430,787,0.8540379341840119,1,0
1429,918,0.8221890694693323,1,0
1429,917,0.8193268561712257,1,0
1429,791,0.9424330346155027,1,0
1430,917,0.8193268561712257,1,0
1432,790,0.8221890694693323,1,0
1423,921,0.8540379341840119,1,0
1423,789,0.8608697156636808,1,0
1411,933,0.9030017659237609,1,0
1411,931,0.8540379341840119,1,0
1411,929,0.8235438219141987,1,0
1411,788,0.9499869120830097,1,0
1411,787,0.8221890694693323,1,0
1410,931,0.8193268561712257,1,0
1410,786,0.9484492666651559,1,0
1410,785,0.8540379341840119,1,0
1409,934,0.8221890694693323,1,0
1409,933,0.8453506754967531,1,0
1409,932,0.8221890694693323,1,0
1409,931,0.8235438219141987,1,0
1409,786,0.9890004750216793,1,0
1409,785,0.9424330346155027,1,0
1408,937,0.8193268561712257,1,0
1407,937,0.9424330346155027,1,0
1407,936,0.8221890694693323,1,0
1407,935,0.8235438219141987,1,0
1407,933,0.8235438219141987,1,0
1411,934,0.8193268561712257,1,0
1412,787,0.8221890694693323,1,0
1412,788,0.8221890694693323,1,0
1412,929,0.8193268561712257,1,0
1422,790,0.9440592937217239,1,0
1422,789,0.9484492666651559,1,0
1421,790,0.9484492666651559,1,0
1421,789,0.9424330346155027,1,0
1418,790,0.9890004750216793,1,0
1418,789,0.8235438219141987,1,0
1417,925,0.8069369088429615,1,0
1417,790,0.9967766862969917,1,0
1417,789,0.9424330346155027,1,0
1423,790,0.9440592937217239,1,0
1416,790,0.9388543490242612,1,0
1414,930,0.8193268561712257,1,0
1414,929,0.8540379341840119,1,0
1414,928,0.8193268561712257,1,0
1414,927,0.8235438219141987,1,0
1413,930,0.8540379341840119,1,0
1413,929,0.8835281475008959,1,0
1413,927,0.8221890694693323,1,0
1412,934,0.8193268561712257,1,0
1412,933,0.8286840088300865,1,0
1415,790,0.8221890694693323,1,0
1432,791,0.9424330346155027,1,0
1432,915,0.8193268561712257,1,0
1432,917,0.7855431361780173,1,0
1445,902,0.8193268561712257,1,0
1444,905,0.8235438219141987,1,0
1444,904,0.9424330346155027,1,0
1444,903,0.8069369088429615,1,0
1444,902,0.813136839180823,1,0
1443,907,0.7854751849997674,0,0
1443,906,0.8193268561712257,1,0
1443,905,0.7855431361780173,1,0
1443,904,0.7855431361780173,1,0
1442,907,0.7854751849997674,0,0
1442,906,0.8193268561712257,1,0
1442,905,0.7855431361780173,1,0
1442,904,0.8193268561712257,1,0
1441,907,0.7854751849997674,0,0
1441,906,0.7855431361780173,1,0
1441,904,0.7854751849997674,0,0
1440,907,0.7854751849997674,0,0
1440,906,0.7855431361780173,1,0
1440,904,0.8193268561712257,1,0
1445,903,0.8069369088429615,1,0
1445,904,0.8221890694693323,1,0
1445,905,0.7855431361780173,1,0
1446,900,0.813136839180823,1,0
1449,900,0.8193268561712257,1,0
1449,789,0.8193268561712257,1,0
1449,788,0.8193268561712257,1,0
1449,787,0.9424330346155027,1,0
1449,786,0.8193268561712257,1,0
1448,905,0.8193268561712257,1,0
1448,904,0.8235438219141987,1,0
1448,901,0.7855431361780173,1,0
1448,900,0.8221890694693323,1,0
1439,909,0.7855431361780173,1,0
1448,789,0.9424330346155027,1,0
1448,787,0.9484492666651559,1,0
1448,786,0.8540379341840119,1,0
1447,901,0.7653894589865652,0,0
1447,900,0.8193268561712257,1,0
1447,789,0.9424330346155027,1,0
1447,788,0.8193268561712257,1,0
1447,787,0.8540379341840119,1,0
1447,786,0.8193268561712257,1,0
1446,901,0.8090533109593636,1,0
1448,788,0.8620771927332268,1,0
1439,908,0.7653894589865652,0,0
1439,907,0.7855431361780173,1,0
1439,906,0.7854751849997674,0,0
1435,787,0.8540379341840119,1,0
1435,786,0.8540379341840119,1,0
1434,918,0.8193268561712257,1,0
1434,917,0.8221890694693323,1,0
1434,916,0.8193268561712257,1,0
1434,914,0.8193268561712257,1,0
1434,913,0.8221890694693323,1,0
1434,912,0.8193268561712257,1,0
1434,911,0.8255094056554834,1,0
1435,791,0.7855431361780173,1,0
1434,791,0.9890004750216793,1,0
1434,787,0.8540379341840119,1,0
1433,918,0.8193268561712257,1,0
1433,917,0.8235438219141987,1,0
1433,916,0.8193268561712257,1,0
1433,915,0.8193268561712257,1,0
1433,791,0.9652181432293107,1,0
1433,790,0.9424330346155027,1,0
1433,787,0.8540379341840119,1,0
1432,918,0.8069369088429615,1,0
1434,790,0.8235438219141987,1,0
1449,904,0.8221890694693323,1,0
1435,911,0.8069369088429615,1,0
1435,913,0.8193268561712257,1,0
1438,910,0.7854751849997674,0,0
1438,909,0.8069369088429615,1,0
1438,908,0.7854751849997674,0,0
1438,907,0.7854751849997674,0,0
1438,906,0.8193268561712257,1,0
1438,791,0.7855431361780173,1,0
1438,787,0.9440592937217239,1,0
1438,786,0.8255094056554834,1,0
1437,912,0.8069369088429615,1,0
1435,912,0.7854751849997674,0,0
1437,911,0.8069369088429615,1,0
1437,787,0.8540379341840119,1,0
1437,786,0.8255094056554834,1,0
1436,912,0.8193268561712257,1,0
1436,911,0.8090533109593636,1,0
1436,791,0.8221890694693323,1,0
1436,790,0.7855431361780173,1,0
1436,787,0.8540379341840119,1,0
1436,786,0.8255094056554834,1,0
1435,914,0.8193268561712257,1,0
1437,791,0.8069369088429615,1,0
1406,938,0.8193268561712257,1,0
1493,785,0.8255094056554834,1,1
1494,785,0.8540379341840119,1,1
488,1773,0.711990263474641,0,0
609,1165,0.713336200177551,0,0
329,1720,0.713336200177551,0,0
581,1994,0.711990263474641,0,0
290,1089,0.7274510706103533,0,0
547,1117,0.713336200177551,0,0
558,2085,0.713336200177551,0,0
1321,892,0.7290617249283287,0,0
946,1151,0.7274510706103533,0,0
1056,2075,0.713336200177551,0,0
476,777,0.8540379341840119,1,0
897,2248,0.713336200177551,0,0
366,1603,0.6027197451656674,0,0
350,863,0.8540379341840119,1,0
393,2085,0.7274510706103533,0,0
804,1645,0.7055446717777563,0,0
456,622,0.8540379341840119,1,0
923,1255,0.7274510706103533,0,0
327,1793,0.711990263474641,0,0
803,1647,0.711990263474641,0,0
529,808,0.8193268561712257,1,0
829,1333,0.713336200177551,0,0
658,1091,0.7290617249283287,0,0
372,948,0.7621373909238652,0,0
742,1076,0.713336200177551,0,0
543,1392,0.713336200177551,0,0
679,1174,0.713336200177551,0,0
407,1853,0.7274510706103533,0,0
1484,816,0.8069369088429615,1,0
487,710,0.8193268561712257,1,0
355,1360,0.7055446717777563,0,0
507,692,0.8540379341840119,1,0
552,1199,0.713336200177551,0,0
301,1741,0.711990263474641,0,0
697,1570,0.711990263474641,0,0
259,1287,0.713336200177551,0,0
891,1813,0.7045602709806073,0,0
685,1864,0.46063928870757276,0,0
1168,2031,0.713336200177551,0,0
542,458,0.9967766862969917,1,0
783,1304,0.713336200177551,0,0
821,2171,0.711990263474641,0,0
418,1439,0.3017429445555336,0,0
672,1659,0.7045602709806073,0,0
1032,1939,0.713336200177551,0,0
829,1846,0.7045602709806073,0,0
609,1272,0.713336200177551,0,0
322,1251,0.7274510706103533,0,0
685,1907,0.3339940902685344,0,0
1091,1994,0.713336200177551,0,0
964,1966,0.713336200177551,0,0
859,1837,0.711990263474641,0,0
655,1238,0.713336200177551,0,0
587,1155,0.713336200177551,0,0
914,2177,0.713336200177551,0,0
172,1340,0.7653894589865652,0,0
682,2124,0.7045602709806073,0,0
545,1479,0.713336200177551,0,0
505,1214,0.713336200177551,0,0
615,872,0.7531184320683209,0,0
473,2084,0.7290617249283287,0,0
530,2094,0.7274510706103533,0,0
1212,992,0.7290617249283287,0,0
411,1278,0.6558415889194821,0,0
456,1718,0.6027197451656674,0,0
562,1194,0.7274510706103533,0,0
584,1800,0.6027197451656674,0,0
649,986,0.7274510706103533,0,0
324,698,0.8540379341840119,1,0
478,1343,0.711990263474641,0,0
647,1103,0.713336200177551,0,0
511,1503,0.711990263474641,0,0
470,1492,0.713336200177551,0,0
796,1156,0.713336200177551,0,0
768,1864,0.711990263474641,0,0
210,1752,0.7290617249283287,0,0
553,1516,0.713336200177551,0,0
551,1777,0.7045602709806073,0,0
685,2172,0.7055446717777563,0,0
1248,2048,0.7290617249283287,0,0
941,1387,0.7290617249283287,0,0
603,1048,0.713336200177551,0,0
678,1905,0.3339940902685344,0,0
476,1723,0.5702064420670645,0,0
957,1020,0.720428641330266,0,0
588,1373,0.713336200177551,0,0
704,1564,0.711990263474641,0,0
596,1116,0.713336200177551,0,0
320,708,0.8540379341840119,1,0
219,1774,0.7290617249283287,0,0
231,1609,0.713336200177551,0,0
245,1149,0.7367407108710181,0,0
185,1769,0.7290617249283287,0,0
988,1086,0.720428641330266,0,0
794,1890,0.711990263474641,0,0
579,1568,0.713336200177551,0,0
916,2094,0.713336200177551,0,0
382,852,0.8193268561712257,1,0
512,635,0.8540379341840119,1,0
463,2014,0.729815105485368,0,0
785,1941,0.6558415889194821,0,0
939,1776,0.713336200177551,0,0
829,2109,0.711990263474641,0,0
421,1010,0.7367407108710181,0,0
263,1408,0.713336200177551,0,0
1051,1919,0.7290617249283287,0,0
295,1054,0.7531184320683209,0,0
763,1494,0.713336200177551,0,0
1332,1020,0.7290617249283287,0,0
813,2115,0.7045602709806073,0,0
432,696,0.8540379341840119,1,0
969,2037,0.713336200177551,0,0
587,1325,0.713336200177551,0,0
213,1236,0.7531184320683209,0,0
640,1833,0.713336200177551,0,0
662,2234,0.7274510706103533,0,0
530,2007,0.713336200177551,0,0
966,1819,0.7290617249283287,0,0
615,1976,0.6027197451656674,0,0
833,1997,0.3339940902685344,0,0
497,1284,0.7055446717777563,0,0
543,1030,0.713336200177551,0,0
651,801,0.7653894589865652,0,0
606,1206,0.713336200177551,0,0
686,1614,0.711990263474641,0,0
781,2133,0.6689935163571238,0,0
260,1515,0.713336200177551,0,0
357,1609,0.7045602709806073,0,0
562,2000,0.713336200177551,0,0
560,1971,0.711990263474641,0,0
577,1467,0.711990263474641,0,0
585,1802,0.6027197451656674,0,0
761,2206,0.713336200177551,0,0
762,1665,0.7055446717777563,0,0
752,1732,0.711990263474641,0,0
1313,844,0.7842399257600282,0,0
416,1015,0.7290617249283287,0,0
1333,878,0.7290617249283287,0,0
388,1007,0.7531184320683209,0,0
443,866,0.8540379341840119,1,0
718,1773,0.7045602709806073,0,0
822,1966,0.7055446717777563,0,0
465,1105,0.713336200177551,0,0
1160,2072,0.713336200177551,0,0
1336,904,0.7290617249283287,0,0
711,1033,0.713336200177551,0,0
667,1329,0.713336200177551,0,0
987,1141,0.729815105485368,0,0
764,1539,0.713336200177551,0,0
503,1618,0.6027197451656674,0,0
346,1243,0.713336200177551,0,0
1268,924,0.713336200177551,0,0
337,1934,0.713336200177551,0,0
638,1292,0.713336200177551,0,0
780,1113,0.713336200177551,0,0
858,1174,0.713336200177551,0,0
634,794,0.7653894589865652,0,0
804,2170,0.711990263474641,0,0
675,1788,0.6027197451656674,0,0
576,1458,0.711990263474641,0,0
287,1180,0.713336200177551,0,0
404,781,0.8255094056554834,1,0
317,1139,0.713336200177551,0,0
712,1178,0.7274510706103533,0,0
971,2138,0.713336200177551,0,0
1049,2077,0.713336200177551,0,0
767,989,0.7290617249283287,0,0
288,1230,0.713336200177551,0,0
152,1482,0.7290617249283287,0,0
259,1560,0.711990263474641,0,0
599,1138,0.713336200177551,0,0
866,1799,0.711990263474641,0,0
549,1355,0.711990263474641,0,0
505,506,0.8540379341840119,1,0
445,1149,0.7045602709806073,0,0
328,708,0.8540379341840119,1,0
869,1185,0.713336200177551,0,0
890,2208,0.711990263474641,0,0
1314,861,0.7531184320683209,0,0
266,1812,0.7290617249283287,0,0
788,869,0.7531184320683209,0,0
293,1642,0.711990263474641,0,0
479,1856,0.711990263474641,0,0
629,2215,0.7290617249283287,0,0
442,2000,0.7290617249283287,0,0
1195,958,0.7290617249283287,0,0
1493,786,0.8540379341840119,1,1
1502,810,0.7854751849997674,0,0
456,519,0.8540379341840119,1,0
1542,804,0.8193268561712257,1,0
1539,815,0.8235438219141987,1,0
1539,814,0.8453506754967531,1,0
1539,812,0.8193268561712257,1,0
1539,787,0.8235438219141987,1,0
1539,786,0.8235438219141987,1,0
1538,815,0.8221890694693323,1,0
1538,814,0.8540379341840119,1,0
1538,813,0.8193268561712257,1,0
1538,812,0.8221890694693323,1,0
1538,785,0.8193268561712257,1,0
1537,815,0.8255094056554834,1,0
1537,814,0.8540379341840119,1,0
1537,813,0.8221890694693323,1,0
1537,812,0.8255094056554834,1,0
1536,815,0.8235438219141987,1,0
1536,814,0.8540379341840119,1,0
1536,812,0.8193268561712257,1,0
1535,817,0.8221890694693323,1,0
1542,810,0.8540379341840119,1,0
1542,811,0.8453506754967531,1,0
1543,791,0.8255094056554834,1,0
1543,804,0.8193268561712257,1,0
1545,808,0.8193268561712257,1,0
1545,807,0.8193268561712257,1,0
1545,804,0.8221890694693323,1,0
1545,803,0.8255094056554834,1,0
1545,802,0.8540379341840119,1,0
1545,801,0.8255094056554834,1,0
1545,799,0.8193268561712257,1,0
1545,792,0.8221890694693323,1,0
1544,808,0.8193268561712257,1,0
1535,816,0.8255094056554834,1,0
1544,807,0.8540379341840119,1,0
1544,804,0.8540379341840119,1,0
1544,803,0.8540379341840119,1,0
1544,802,0.8540379341840119,1,0
1544,801,0.8221890694693323,1,0
1544,800,0.8193268561712257,1,0
1544,799,0.8193268561712257,1,0
1544,792,0.8255094056554834,1,0
1543,810,0.8255094056554834,1,0
1543,809,0.8255094056554834,1,0
1544,806,0.8193268561712257,1,0
1546,799,0.8540379341840119,1,0
1535,815,0.8221890694693323,1,0
1535,813,0.8193268561712257,1,0
1531,817,0.8193268561712257,1,0
1531,816,0.8193268561712257,1,0
1531,785,0.8540379341840119,1,0
1530,817,0.8193268561712257,1,0
1530,816,0.8221890694693323,1,0
1529,824,0.8540379341840119,1,0
1528,824,0.8255094056554834,1,0
1527,824,0.8221890694693323,1,0
1526,825,0.8221890694693323,1,0
1526,824,0.8255094056554834,1,0
1525,783,0.8514447288204647,1,0
1524,783,0.8193268561712257,1,0
1523,783,0.8193268561712257,1,0
1510,783,0.8540379341840119,1,0
1509,783,0.8540379341840119,1,0
1498,784,0.8540379341840119,1,0
1497,784,0.8193268561712257,1,0
1496,786,0.8221890694693323,1,0
1494,786,0.8540379341840119,1,1
1532,785,0.8540379341840119,1,0
1532,814,0.8255094056554834,1,0
1532,815,0.8540379341840119,1,0
1532,816,0.8540379341840119,1,0
1535,812,0.8193268561712257,1,0
1534,819,0.8255094056554834,1,0
1534,818,0.8193268561712257,1,0
1534,817,0.8453506754967531,1,0
1534,816,0.8540379341840119,1,0
1534,815,0.8255094056554834,1,0
1534,814,0.8540379341840119,1,0
1534,813,0.8193268561712257,1,0
1534,812,0.8540379341840119,1,0
1535,814,0.8540379341840119,1,0
1533,820,0.8193268561712257,1,0
1533,818,0.8193268561712257,1,0
1533,817,0.8255094056554834,1,0
1533,816,0.8255094056554834,1,0
1533,815,0.8221890694693323,1,0
1533,814,0.8255094056554834,1,0
1532,820,0.8235438219141987,1,0
1532,819,0.8255094056554834,1,0
1532,818,0.8255094056554834,1,0
1532,817,0.8540379341840119,1,0
1533,819,0.8221890694693323,1,0
1546,800,0.8540379341840119,1,0
1546,801,0.8540379341840119,1,0
1546,802,0.8540379341840119,1,0
381,1674,0.711990263474641,0,0
457,554,0.8540379341840119,1,0
578,683,0.7854751849997674,0,0
913,1121,0.713336200177551,0,0
997,1089,0.7274510706103533,0,0
293,1329,0.713336200177551,0,0
523,640,0.8540379341840119,1,0
902,1382,0.713336200177551,0,0
667,1352,0.713336200177551,0,0
764,1304,0.713336200177551,0,0
303,1966,0.7274510706103533,0,0
444,1344,0.711990263474641,0,0
727,1694,0.711990263474641,0,0
1393,817,0.7531184320683209,0,0
486,1545,0.7045602709806073,0,0
686,1465,0.711990263474641,0,0
906,1807,0.711990263474641,0,0
617,1011,0.7274510706103533,0,0
775,1383,0.7274510706103533,0,0
858,1023,0.713336200177551,0,0
396,1991,0.713336200177551,0,0
1213,1043,0.8608697156636808,1,0
751,1329,0.713336200177551,0,0
285,1766,0.713336200177551,0,0
752,1957,0.4716880409057244,0,0
817,841,0.7653894589865652,0,0
971,1848,0.713336200177551,0,0
521,1553,0.711990263474641,0,0
1365,859,0.7290617249283287,0,0
1040,2088,0.711990263474641,0,0
758,1891,0.6027197451656674,0,0
704,899,0.7290617249283287,0,0
386,1989,0.713336200177551,0,0
793,1129,0.713336200177551,0,0
847,1755,0.6689935163571238,0,0
280,1143,0.713336200177551,0,0
878,1900,0.711990263474641,0,0
604,1002,0.7274510706103533,0,0
715,934,0.7290617249283287,0,0
1126,1992,0.7274510706103533,0,0
716,763,0.7367407108710181,0,0
457,1864,0.713336200177551,0,0
541,2068,0.713336200177551,0,0
740,2025,0.46063928870757276,0,0
426,1849,0.7290617249283287,0,0
524,827,0.7653894589865652,0,0
764,2066,0.7055446717777563,0,0
622,1635,0.711990263474641,0,0
432,1409,0.6027197451656674,0,0
466,768,0.8255094056554834,1,0
926,1942,0.6689935163571238,0,0
811,1784,0.711990263474641,0,0
1265,2037,0.7274510706103533,0,0
714,1418,0.711990263474641,0,0
469,1850,0.713336200177551,0,0
588,1589,0.713336200177551,0,0
1239,2054,0.7290617249283287,0,0
882,1813,0.7045602709806073,0,0
504,1266,0.711990263474641,0,0
1547,804,0.8453506754967531,1,0
1547,803,0.8540379341840119,1,0
1547,802,0.8540379341840119,1,0
1547,801,0.8540379341840119,1,0
1547,800,0.8540379341840119,1,0
1547,799,0.8540379341840119,1,0
1546,804,0.8540379341840119,1,0
1546,803,0.8540379341840119,1,0
608,1263,0.713336200177551,0,0
667,839,0.7531184320683209,0,0
153,1794,0.7290617249283287,0,0
650,1321,0.713336200177551,0,0
838,1365,0.7274510706103533,0,0
719,2010,0.711990263474641,0,0
862,1143,0.713336200177551,0,0
612,1092,0.713336200177551,0,0
955,1874,0.713336200177551,0,0
687,1236,0.711990263474641,0,0
346,1266,0.713336200177551,0,0
676,1445,0.713336200177551,0,0
254,1789,0.713336200177551,0,0
1029,1017,0.7274510706103533,0,0
494,643,0.8540379341840119,1,0
958,2206,0.713336200177551,0,0
189,1530,0.7274510706103533,0,0
374,1399,0.6129739688241392,0,0
823,1202,0.713336200177551,0,0
928,1819,0.713336200177551,0,0
618,1440,0.713336200177551,0,0
333,1861,0.711990263474641,0,0
314,1359,0.713336200177551,0,0
396,662,0.8540379341840119,1,0
352,1706,0.713336200177551,0,0
1406,937,0.8221890694693323,1,0
1406,935,0.8221890694693323,1,0
1405,938,0.8235438219141987,1,0
1207,1053,0.9484492666651559,1,0
1207,1045,0.8835281475008959,1,0
1207,940,0.9993302387126036,1,0
1206,1053,0.9993302387126036,1,0
1206,940,0.9993302387126036,1,0
1205,1047,0.9424330346155027,1,0
1205,940,0.9993302387126036,1,0
1205,939,0.8608697156636808,1,0
1204,1054,0.9424330346155027,1,0
1204,1053,0.9993302387126036,1,0
1204,1049,0.9650698126850287,1,0
1203,1056,0.8796431436158921,1,0
1203,1055,0.8608697156636808,1,0
1203,1054,0.9967766862969917,1,0
1202,1054,0.9984644378468026,1,0
1202,1051,0.8608697156636808,1,0
1201,1055,0.8540379341840119,1,0
1201,1054,0.9967766862969917,1,0
1200,2081,0.7290617249283287,0,0
1209,942,0.9424330346155027,1,0
1210,1045,0.7531184320683209,0,0
1210,1047,0.9650698126850287,1,0
1210,1051,0.9993302387126036,1,0
1236,949,0.8540379341840119,1,0
1236,948,0.8608697156636808,1,0
1235,2024,0.8540379341840119,1,0
1235,949,0.8608697156636808,1,0
1234,2030,0.8835281475008959,1,0
1234,949,0.9890004750216793,1,0
1234,947,0.8540379341840119,1,0
1233,949,0.9890004750216793,1,0
1233,948,0.8540379341840119,1,0
1200,1055,0.9890004750216793,1,0
1233,947,0.8608697156636808,1,0
1227,2030,0.9743596481581104,1,0
1226,2076,0.7290617249283287,0,0
1225,2032,0.9650698126850287,1,0
1224,947,0.9424330346155027,1,0
1223,947,0.9984644378468026,1,0
1213,2087,0.7531184320683209,0,0
1211,1048,0.9650698126850287,1,0
1211,1047,0.9535295203822267,1,0
1211,1046,0.8193268561712257,1,0
1227,2076,0.729815105485368,0,0
1237,947,0.8608697156636808,1,0
1200,1054,0.9967766862969917,1,0
1200,1049,0.9388543490242612,1,0
1194,1057,0.9424330346155027,1,0
1194,1054,0.8540379341840119,1,0
1194,1053,0.8540379341840119,1,0
1193,2083,0.7274510706103533,0,0
1193,2082,0.7274510706103533,0,0
1193,2081,0.7274510706103533,0,0
1193,1057,0.9424330346155027,1,0
1193,1053,0.8235438219141987,1,0
1192,1057,0.9993302387126036,1,0
1192,1056,0.8608697156636808,1,0
1192,1055,0.9484492666651559,1,0
1192,1053,0.8540379341840119,1,0
1192,948,0.9984644378468026,1,0
1191,1057,0.8608697156636808,1,0
1190,1057,0.9424330346155027,1,0
1190,948,0.9993302387126036,1,0
1189,948,0.9993302387126036,1,0
1186,2077,0.7290617249283287,0,0
1186,2076,0.7274510706103533,0,0
1194,2081,0.7274510706103533,0,0
1194,2082,0.7274510706103533,0,0
1194,2083,0.7290617249283287,0,0
1195,1053,0.8540379341840119,1,0
1199,1055,0.9030017659237609,1,0
1199,1054,0.8255094056554834,1,0
1199,1053,0.8540379341840119,1,0
1199,1049,0.9993302387126036,1,0
1198,1055,0.8608697156636808,1,0
1198,1054,0.8540379341840119,1,0
1198,1053,0.8540379341840119,1,0
1198,1052,0.9993302387126036,1,0
1198,1051,0.8540379341840119,1,0
1200,1053,0.9993302387126036,1,0
1198,1049,0.8608697156636808,1,0
1197,1057,0.9890004750216793,1,0
1197,1054,0.8540379341840119,1,0
1197,1053,0.8540379341840119,1,0
1197,1051,0.8540379341840119,1,0
1197,1050,0.8540379341840119,1,0
1197,1049,0.9993302387126036,1,0
1196,1058,0.8944378660555131,1,0
1196,1053,0.8540379341840119,1,0
1195,1058,0.9388543490242612,1,0
1197,1058,0.8944378660555131,1,0
1238,947,0.8608697156636808,1,0
1238,2006,0.8540379341840119,1,0
1238,2007,0.8193268561712257,1,0
1271,2054,0.7290617249283287,0,0
1271,2053,0.7290617249283287,0,0
1271,2052,0.7290617249283287,0,0
1271,985,0.9484492666651559,1,0
1271,896,0.9967766862969917,1,0
1270,2055,0.7290617249283287,0,0
1270,2054,0.7290617249283287,0,0
1270,2053,0.7290617249283287,0,0
1270,2052,0.7290617249283287,0,0
1270,985,0.9993302387126036,1,0
1269,2072,0.8540379341840119,1,0
1268,2072,0.9440592937217239,1,0
1266,2072,0.8255094056554834,1,0
1266,987,0.9993302387126036,1,0
1265,2072,0.9540502695924298,1,0
1265,987,0.9993302387126036,1,0
1264,987,0.9993302387126036,1,0
1263,1989,0.8221890694693323,1,0
1263,987,0.9993302387126036,1,0
1271,2055,0.7290617249283287,0,0
1271,2070,0.8221890694693323,1,0
1272,985,0.9993302387126036,1,0
1273,894,0.9967766862969917,1,0
1280,2022,0.8540379341840119,1,0
1280,2021,0.8540379341840119,1,0
1280,985,0.9993302387126036,1,0
1279,2065,0.8069369088429615,1,0
1279,2028,0.7855431361780173,1,0
1279,2021,0.8540379341840119,1,0
1277,2068,0.8069369088429615,1,0
1277,2018,0.9743596481581104,1,0
1277,2012,0.9967766862969917,1,0
1262,1989,0.8221890694693323,1,0
1277,985,0.9993302387126036,1,0
1276,892,0.9967766862969917,1,0
1275,2010,0.9967766862969917,1,0
1275,2005,0.9967766862969917,1,0
1275,1999,0.9499869120830097,1,0
1275,985,0.9993302387126036,1,0
1275,892,0.9424330346155027,1,0
1274,985,0.9993302387126036,1,0
1274,892,0.9424330346155027,1,0
1273,985,0.9484492666651559,1,0
1276,985,0.9993302387126036,1,0
1262,987,0.9993302387126036,1,0
1261,986,0.8796431436158921,1,0
1261,985,0.9030017659237609,1,0
1248,941,0.9388543490242612,1,0
1247,941,0.9146915025688322,1,0
1247,899,0.9993302387126036,1,0
1247,898,0.9440592937217239,1,0
1246,982,0.8608697156636808,1,0
1245,2069,0.7653894589865652,0,0
1242,2008,0.9146915025688322,1,0
1242,982,0.7621373909238652,0,0
1242,945,0.995069128868692,1,0
1248,982,0.9424330346155027,1,0
1241,2008,0.8540379341840119,1,0
1240,2006,0.7531184320683209,0,0
1240,2005,0.7531184320683209,0,0
1240,947,0.9967766862969917,1,0
1240,946,0.8540379341840119,1,0
1239,2072,0.7653894589865652,0,0
1239,2071,0.8193268561712257,1,0
1239,2006,0.7531184320683209,0,0
1239,947,0.8608697156636808,1,0
1238,2008,0.9650698126850287,1,0
1240,2007,0.7531184320683209,0,0
1186,950,0.9984644378468026,1,0
1249,932,0.9424330346155027,1,0
1250,933,0.9424330346155027,1,0
1259,986,0.8608697156636808,1,0
1259,983,0.9424330346155027,1,0
1258,986,0.9030017659237609,1,0
1258,985,0.9388543490242612,1,0
1258,983,0.8880958836862791,1,0
1257,986,0.8880958836862791,1,0
1257,985,0.9030017659237609,1,0
1257,983,0.9484492666651559,1,0
1256,987,0.8880958836862791,1,0
1249,982,0.9424330346155027,1,0
1256,986,0.9876048072165678,1,0
1256,983,0.9484492666651559,1,0
1255,984,0.9967766862969917,1,0
1254,984,0.9967766862969917,1,0
1253,984,0.9967766862969917,1,0
1253,982,0.8880958836862791,1,0
1252,984,0.9030017659237609,1,0
1252,982,0.8540379341840119,1,0
1251,915,0.9967766862969917,1,0
1251,914,0.8608697156636808,1,0
1256,984,0.9420152685644911,1,0
1280,2061,0.7531184320683209,0,0
1185,950,0.8944378660555131,1,0
1184,952,0.9424330346155027,1,0
1103,2148,0.7653894589865652,0,0
1102,2150,0.9967766862969917,1,0
1102,2149,0.8221890694693323,1,0
1102,2148,0.9424330346155027,1,0
1100,1050,0.8540379341840119,1,0
1098,2156,0.7290617249283287,0,0
1097,2158,0.7367407108710181,0,0
1097,2157,0.729815105485368,0,0
1094,2161,0.8540379341840119,1,0
1093,2161,0.7367407108710181,0,0
1093,1053,0.8540379341840119,1,0
1093,1052,0.8540379341840119,1,0
1092,1054,0.8540379341840119,1,0
1091,2161,0.8540379341840119,1,0
1091,2160,0.7274510706103533,0,0
1091,1055,0.8540379341840119,1,0
1091,1054,0.9984644378468026,1,0
1090,2161,0.7290617249283287,0,0
1090,2160,0.7274510706103533,0,0
1104,1052,0.8540379341840119,1,0
1104,2146,0.7274510706103533,0,0
1104,2147,0.7290617249283287,0,0
1106,2146,0.7855431361780173,1,0
1120,2123,0.8193268561712257,1,0
1120,2122,0.7855431361780173,1,0
1119,1002,0.9993302387126036,1,0
1119,1001,0.9993302387126036,1,0
1115,1002,0.9967766862969917,1,0
1114,1002,0.9993302387126036,1,0
1114,1000,0.9030017659237609,1,0
1112,1981,0.9967766862969917,1,0
1112,1000,0.8944378660555131,1,0
1090,1054,0.8540379341840119,1,0
1111,1000,0.9993302387126036,1,0
1109,2146,0.7854751849997674,0,0
1109,1073,0.8608697156636808,1,0
1109,1072,0.8608697156636808,1,0
1109,1069,0.9967766862969917,1,0
1109,1068,0.9993302387126036,1,0
1108,2146,0.7653894589865652,0,0
1108,1000,0.9993302387126036,1,0
1107,2146,0.7855431361780173,1,0
1106,2147,0.7274510706103533,0,0
1110,1000,0.9993302387126036,1,0
1121,2112,0.8193268561712257,1,0
1090,1045,0.8540379341840119,1,0
1089,2161,0.7855431361780173,1,0
1084,1050,0.9890004750216793,1,0
1084,1049,0.8540379341840119,1,0
1084,1048,0.8540379341840119,1,0
1084,1047,0.8540379341840119,1,0
1084,1030,0.8608697156636808,1,0
1084,988,0.9993302387126036,1,0
1083,1051,0.9743596481581104,1,0
1083,1050,0.9743596481581104,1,0
1083,1049,0.8540379341840119,1,0
1083,1048,0.8540379341840119,1,0
1083,1047,0.8069369088429615,1,0
1080,1030,0.8608697156636808,1,0
1077,2169,0.713336200177551,0,0
1076,2169,0.713336200177551,0,0
1076,1059,0.8540379341840119,1,0
1075,1059,0.8540379341840119,1,0
1074,1060,0.8540379341840119,1,0
1073,1060,0.8540379341840119,1,0
1073,973,0.9993302387126036,1,0
1084,1051,0.9890004750216793,1,0
1084,2167,0.7290617249283287,0,0
1085,1047,0.9890004750216793,1,0
1085,1051,0.8540379341840119,1,0
1089,1054,0.8540379341840119,1,0
1089,993,0.8235438219141987,1,0
1088,2165,0.8069369088429615,1,0
1088,1052,0.8540379341840119,1,0
1088,1051,0.8069369088429615,1,0
1088,1050,0.8235438219141987,1,0
1088,1049,0.8540379341840119,1,0
1088,993,0.9993302387126036,1,0
1087,2166,0.729815105485368,0,0
1089,2162,0.7653894589865652,0,0
1087,2165,0.7855431361780173,1,0
1086,1053,0.8540379341840119,1,0
1086,1052,0.8540379341840119,1,0
1086,1051,0.8540379341840119,1,0
1086,1050,0.8540379341840119,1,0
1086,1049,0.8540379341840119,1,0
1086,1048,0.8540379341840119,1,0
1086,1047,0.9993302387126036,1,0
1086,991,0.9993302387126036,1,0
1086,990,0.9993302387126036,1,0
1087,991,0.9993302387126036,1,0
1121,2113,0.8193268561712257,1,0
1121,2114,0.9876048072165678,1,0
1121,2115,0.8540379341840119,1,0
1167,1034,0.9424330346155027,1,0
1164,1032,0.9993302387126036,1,0
1163,1032,0.8540379341840119,1,0
1162,1029,0.9650698126850287,1,0
1162,1028,0.9650698126850287,1,0
1158,1026,0.8540379341840119,1,0
1158,954,0.8540379341840119,1,0
1157,1026,0.8540379341840119,1,0
1156,1026,0.8540379341840119,1,0
1155,1026,0.8608697156636808,1,0
1154,2082,0.8193268561712257,1,0
1154,2081,0.9650698126850287,1,0
1154,2080,0.7290617249283287,0,0
1154,2079,0.7290617249283287,0,0
1153,2077,0.7274510706103533,0,0
1153,1028,0.9993302387126036,1,0
1152,2079,0.8255094056554834,1,0
1151,2079,0.9650698126850287,1,0
1151,1028,0.9993302387126036,1,0
1168,1034,0.9650698126850287,1,0
1168,2005,0.9993302387126036,1,0
1170,1036,0.9993302387126036,1,0
1171,1046,0.8540379341840119,1,0
1183,1033,0.7274510706103533,0,0
1182,952,0.9984644378468026,1,0
1181,1033,0.713336200177551,0,0
1181,952,0.9984644378468026,1,0
1180,952,0.8608697156636808,1,0
1178,1999,0.9967766862969917,1,0
1178,954,0.9967766862969917,1,0
1176,955,0.8540379341840119,1,0
1175,1058,0.9743596481581104,1,0
1150,2076,0.7854751849997674,0,0
1175,955,0.8540379341840119,1,0
1173,1054,0.9424330346155027,1,0
1172,2003,0.9967766862969917,1,0
1172,1051,0.8944378660555131,1,0
1172,1047,0.9484492666651559,1,0
1172,1046,0.9993302387126036,1,0
1172,1043,0.8540379341840119,1,0
1172,1042,0.7653894589865652,0,0
1172,1041,0.8255094056554834,1,0
1172,1040,0.8540379341840119,1,0
1174,955,0.9424330346155027,1,0
1150,2004,0.8540379341840119,1,0
1149,2075,0.7290617249283287,0,0
1146,1031,0.8608697156636808,1,0
1132,1985,0.9993302387126036,1,0
1131,2093,0.9967766862969917,1,0
1131,1976,0.9876048072165678,1,0
1131,994,0.9993302387126036,1,0
1130,1976,0.9890004750216793,1,0
1129,2096,0.8540379341840119,1,0
1129,996,0.9993302387126036,1,0
1127,1000,0.9993302387126036,1,0
1126,1000,0.8944378660555131,1,0
1132,1987,0.8608697156636808,1,0
1125,2098,0.8540379341840119,1,0
1125,1000,0.9993302387126036,1,0
1123,2109,0.8540379341840119,1,0
1123,2108,0.9967766862969917,1,0
1123,1982,0.9993302387126036,1,0
1122,2119,0.9650698126850287,1,0
1122,2118,0.9743596481581104,1,0
1122,2117,0.8540379341840119,1,0
1122,1002,0.8540379341840119,1,0
1121,2116,0.8255094056554834,1,0
1125,1980,0.9993302387126036,1,0
1184,1030,0.7274510706103533,0,0
1132,1988,0.9993302387126036,1,0
1132,1990,0.9993302387126036,1,0
1145,2073,0.9743596481581104,1,0
1145,1031,0.9993302387126036,1,0
1142,967,0.9993302387126036,1,0
1141,2002,0.9993302387126036,1,0
1140,2075,0.8540379341840119,1,0
1140,1033,0.9420152685644911,1,0
1139,2077,0.7531184320683209,0,0
1139,1033,0.9424330346155027,1,0
1137,2081,0.7855431361780173,1,0
1132,1989,0.9993302387126036,1,0
1137,1035,0.9993302387126036,1,0
1135,2085,0.8540379341840119,1,0
1135,990,0.9993302387126036,1,0
1134,1996,0.9967766862969917,1,0
1134,1981,0.9967766862969917,1,0
1133,2089,0.8540379341840119,1,0
1132,1994,0.9993302387126036,1,0
1132,1993,0.9993302387126036,1,0
1132,1992,0.9993302387126036,1,0
1132,1991,0.9993302387126036,1,0
1135,2087,0.9890004750216793,1,0
1280,2063,0.8193268561712257,1,0
1281,890,0.9967766862969917,1,0
1281,985,0.9993302387126036,1,0
1370,980,0.8540379341840119,1,0
1369,985,0.8608697156636808,1,0
1369,813,0.8540379341840119,1,0
1368,986,0.9146915025688322,1,0
1368,985,0.9424330346155027,1,0
1368,984,0.8540379341840119,1,0
1368,983,0.8540379341840119,1,0
1367,813,0.9743596481581104,1,0
1367,812,0.8540379341840119,1,0
1366,992,0.8540379341840119,1,0
1366,991,0.9146915025688322,1,0
1366,813,0.8540379341840119,1,0
1366,812,0.8540379341840119,1,0
1363,815,0.9743596481581104,1,0
1362,999,0.8540379341840119,1,0
1362,815,0.8540379341840119,1,0
1361,999,0.8540379341840119,1,0
1361,819,0.8540379341840119,1,0
1361,818,0.8540379341840119,1,0
1370,981,0.8540379341840119,1,0
1371,801,0.8540379341840119,1,0
1371,808,0.8540379341840119,1,0
1371,809,0.8540379341840119,1,0
1380,972,0.8540379341840119,1,0
1380,971,0.8193268561712257,1,0
1380,970,0.8540379341840119,1,0
1376,797,0.9890004750216793,1,0
1376,794,0.9984644378468026,1,0
1375,797,0.8540379341840119,1,0
1374,978,0.8540379341840119,1,0
1374,801,0.8540379341840119,1,0
1374,799,0.9890004750216793,1,0
1360,999,0.8540379341840119,1,0
1374,798,0.8608697156636808,1,0
1373,980,0.8540379341840119,1,0
1373,799,0.8608697156636808,1,0
1373,798,0.8540379341840119,1,0
1372,981,0.8540379341840119,1,0
1372,980,0.8540379341840119,1,0
1372,801,0.8608697156636808,1,0
1372,800,0.8608697156636808,1,0
1371,980,0.8540379341840119,1,0
1371,811,0.8235438219141987,1,0
1373,981,0.8540379341840119,1,0
1380,973,0.8540379341840119,1,0
1360,819,0.8540379341840119,1,0
1359,999,0.8540379341840119,1,0
1345,1011,0.8540379341840119,1,0
1336,1017,0.7290617249283287,0,0
1335,1018,0.7290617249283287,0,0
1335,1017,0.729815105485368,0,0
1331,1022,0.8069369088429615,1,0
1329,1022,0.729815105485368,0,0
1314,1022,0.931830083379306,1,0
1312,1022,0.9993302387126036,1,0
1312,1020,0.9424330346155027,1,0
1312,1017,0.8255094056554834,1,0
1312,1016,0.8221890694693323,1,0
1312,1015,0.8069369088429615,1,0
1312,1014,0.8540379341840119,1,0
1312,1013,0.8235438219141987,1,0
1312,1012,0.8540379341840119,1,0
1312,1011,0.7855431361780173,1,0
1312,1010,0.7855431361780173,1,0
1311,2046,0.8540379341840119,1,0
1311,2045,0.8540379341840119,1,0
1347,1007,0.8540379341840119,1,0
1347,1009,0.8608697156636808,1,0
1347,1010,0.8540379341840119,1,0
1350,826,0.9650698126850287,1,0
1358,1002,0.8540379341840119,1,0
1358,1001,0.8608697156636808,1,0
1358,999,0.8540379341840119,1,0
1357,1002,0.8608697156636808,1,0
1357,1001,0.9146915025688322,1,0
1357,999,0.8540379341840119,1,0
1357,821,0.9743596481581104,1,0
1356,1001,0.8235438219141987,1,0
1356,821,0.8540379341840119,1,0
1359,1000,0.8540379341840119,1,0
1355,1001,0.8540379341840119,1,0
1354,1003,0.8540379341840119,1,0
1354,824,0.8540379341840119,1,0
1353,1004,0.8540379341840119,1,0
1353,1003,0.8540379341840119,1,0
1353,826,0.8540379341840119,1,0
1353,825,0.8540379341840119,1,0
1352,1005,0.8540379341840119,1,0
1351,1005,0.8608697156636808,1,0
1351,826,0.9650698126850287,1,0
1355,823,0.9424330346155027,1,0
1382,968,0.8540379341840119,1,0
1382,969,0.8540379341840119,1,0
1382,970,0.8540379341840119,1,0
1398,946,0.8255094056554834,1,0
1398,944,0.8221890694693323,1,0
1397,947,0.8540379341840119,1,0
1397,946,0.9615119485294118,1,0
1397,945,0.8540379341840119,1,0
1397,944,0.9285798769382465,1,0
1395,949,0.8540379341840119,1,0
1395,948,0.8540379341840119,1,0
1395,946,0.8255094056554834,1,0
1394,782,0.9650698126850287,1,0
1394,778,0.8255094056554834,1,0
1394,777,0.7854751849997674,0,0
1393,948,0.8069369088429615,1,0
1393,782,0.9650698126850287,1,0
1393,781,0.8221890694693323,1,0
1393,778,0.9484492666651559,1,0
1393,777,0.8221890694693323,1,0
1392,952,0.8540379341840119,1,0
1392,780,0.9424330346155027,1,0
1398,947,0.8471026396052809,1,0
1399,942,0.8540379341840119,1,0
1399,943,0.8221890694693323,1,0
1399,944,0.8620771927332268,1,0
1405,937,0.8540379341840119,1,0
1405,936,0.8255094056554834,1,0
1405,935,0.8540379341840119,1,0
1404,937,0.8255094056554834,1,0
1404,784,0.9499869120830097,1,0
1404,783,0.9030017659237609,1,0
1403,939,0.8235438219141987,1,0
1403,938,0.8540379341840119,1,0
1403,937,0.8540379341840119,1,0
1392,779,0.8255094056554834,1,0
1403,784,0.9484492666651559,1,0
1402,784,0.8235438219141987,1,0
1401,945,0.8221890694693323,1,0
1401,944,0.8620771927332268,1,0
1401,784,0.9615119485294118,1,0
1400,945,0.8193268561712257,1,0
1400,944,0.8620771927332268,1,0
1400,943,0.8193268561712257,1,0
1400,942,0.8221890694693323,1,0
1399,945,0.8255094056554834,1,0
1403,783,0.9424330346155027,1,0
1392,778,0.8540379341840119,1,0
1391,953,0.8540379341840119,1,0
1391,952,0.8540379341840119,1,0
1387,963,0.8221890694693323,1,0
1387,962,0.8540379341840119,1,0
1387,957,0.8540379341840119,1,0
1387,956,0.9484492666651559,1,0
1387,954,0.8235438219141987,1,0
1386,965,0.8540379341840119,1,0
1386,964,0.9743596481581104,1,0
1386,963,0.8540379341840119,1,0
1386,962,0.8540379341840119,1,0
1387,964,0.8540379341840119,1,0
1386,960,0.8540379341840119,1,0
1384,967,0.8540379341840119,1,0
1384,966,0.8540379341840119,1,0
1384,964,0.8540379341840119,1,0
1384,781,0.9967766862969917,1,0
1384,780,0.8540379341840119,1,0
1383,969,0.8540379341840119,1,0
1383,968,0.8540379341840119,1,0
1383,781,0.9967766862969917,1,0
1382,971,0.8540379341840119,1,0
1385,966,0.8540379341840119,1,0
1311,2034,0.8540379341840119,1,0
1388,958,0.8540379341840119,1,0
1388,960,0.8540379341840119,1,0
1391,780,0.9743596481581104,1,0
1391,779,0.9146915025688322,1,0
1391,778,0.8540379341840119,1,0
1390,957,0.8235438219141987,1,0
1390,956,0.8255094056554834,1,0
1390,955,0.8255094056554834,1,0
1390,954,0.8540379341840119,1,0
1390,780,0.8540379341840119,1,0
1390,779,0.8540379341840119,1,0
1388,959,0.8540379341840119,1,0
1389,961,0.8540379341840119,1,0
1389,959,0.8540379341840119,1,0
1389,958,0.8540379341840119,1,0
1389,957,0.8540379341840119,1,0
1389,956,0.8540379341840119,1,0
1389,955,0.8540379341840119,1,0
1389,954,0.8540379341840119,1,0
1389,780,0.8540379341840119,1,0
1389,779,0.8540379341840119,1,0
1388,961,0.9146915025688322,1,0
1389,960,0.8540379341840119,1,0
1310,2046,0.8540379341840119,1,0
1310,2045,0.8540379341840119,1,0
1310,2034,0.8540379341840119,1,0
1293,983,0.8540379341840119,1,0
1292,2052,0.7854751849997674,0,0
1292,2051,0.8540379341840119,1,0
1292,2050,0.7653894589865652,0,0
1292,2049,0.8835281475008959,1,0
1292,983,0.8540379341840119,1,0
1292,885,0.9743596481581104,1,0
1291,2054,0.7653894589865652,0,0
1291,2053,0.7854751849997674,0,0
1291,2052,0.7531184320683209,0,0
1291,2051,0.7653894589865652,0,0
1291,983,0.8540379341840119,1,0
1290,2054,0.7854751849997674,0,0
1290,2053,0.8069369088429615,1,0
1290,2052,0.7653894589865652,0,0
1290,2051,0.8069369088429615,1,0
1290,983,0.8540379341840119,1,0
1290,887,0.9743596481581104,1,0
1289,2056,0.8193268561712257,1,0
1293,2045,0.7531184320683209,0,0
1293,2048,0.7531184320683209,0,0
1293,2049,0.7854751849997674,0,0
1293,2050,0.7653894589865652,0,0
1296,2049,0.8540379341840119,1,0
1296,2048,0.7842399257600282,0,0
1296,2047,0.8540379341840119,1,0
1296,2046,0.7531184320683209,0,0
1296,2045,0.7854751849997674,0,0
1296,984,0.9424330346155027,1,0
1295,2050,0.7653894589865652,0,0
1295,2049,0.813136839180823,1,0
1295,2048,0.7621373909238652,0,0
1289,2055,0.8193268561712257,1,0
1295,2047,0.7854751849997674,0,0
1295,2045,0.7531184320683209,0,0
1294,2050,0.7854751849997674,0,0
1294,2049,0.7854751849997674,0,0
1294,2048,0.7842399257600282,0,0
1294,2047,0.813136839180823,1,0
1294,2046,0.7367407108710181,0,0
1294,2045,0.7531184320683209,0,0
1293,2052,0.7842399257600282,0,0
1293,2051,0.8540379341840119,1,0
1295,2046,0.7531184320683209,0,0
1289,2054,0.7531184320683209,0,0
1289,2053,0.7854751849997674,0,0
1288,2056,0.8193268561712257,1,0
1284,2058,0.8193268561712257,1,0
1284,2057,0.8193268561712257,1,0
1284,2056,0.7367407108710181,0,0
1284,2053,0.7531184320683209,0,0
1284,2034,0.7531184320683209,0,0
1284,2029,0.8221890694693323,1,0
1284,985,0.9993302387126036,1,0
1283,2061,0.8193268561712257,1,0
1283,2059,0.7854751849997674,0,0
1284,2061,0.9484492666651559,1,0
1283,2034,0.7855431361780173,1,0
1282,2062,0.8540379341840119,1,0
1282,2061,0.8540379341840119,1,0
1282,2060,0.7854751849997674,0,0
1282,2059,0.7854751849997674,0,0
1282,2034,0.7854751849997674,0,0
1282,2030,0.7653894589865652,0,0
1282,2029,0.8540379341840119,1,0
1282,985,0.9993302387126036,1,0
1282,890,0.9967766862969917,1,0
1283,985,0.9993302387126036,1,0
1296,2050,0.7653894589865652,0,0
1285,2029,0.8540379341840119,1,0
1285,2033,0.7531184320683209,0,0
1288,2055,0.8540379341840119,1,0
1288,2054,0.7854751849997674,0,0
1288,2053,0.8069369088429615,1,0
1287,2056,0.7855431361780173,1,0
1287,2055,0.8193268561712257,1,0
1287,2054,0.7367407108710181,0,0
1287,2053,0.7531184320683209,0,0
1287,2032,0.7621373909238652,0,0
1286,2056,0.8193268561712257,1,0
1285,2032,0.8255094056554834,1,0
1286,2055,0.8193268561712257,1,0
1286,2053,0.7531184320683209,0,0
1286,985,0.9030017659237609,1,0
1285,2058,0.7854751849997674,0,0
1285,2057,0.7854751849997674,0,0
1285,2056,0.7367407108710181,0,0
1285,2055,0.7367407108710181,0,0
1285,2054,0.7367407108710181,0,0
1285,2053,0.7531184320683209,0,0
1285,2034,0.7531184320683209,0,0
1286,2054,0.7531184320683209,0,0
194,1642,0.7290617249283287,0,0
1297,879,0.8540379341840119,1,0
1297,2043,0.7290617249283287,0,0
1308,1011,0.8540379341840119,1,0
1308,1009,0.8540379341840119,1,0
1308,1008,0.8540379341840119,1,0
1308,1007,0.8540379341840119,1,0
1308,1006,0.9650698126850287,1,0
1308,1005,0.8540379341840119,1,0
1308,1004,0.8540379341840119,1,0
1308,1003,0.8540379341840119,1,0
1307,1010,0.8540379341840119,1,0
1307,1009,0.8540379341840119,1,0
1307,1008,0.8540379341840119,1,0
1307,1007,0.9615119485294118,1,0
1307,1006,0.9650698126850287,1,0
1307,1005,0.8540379341840119,1,0
1307,1004,0.8540379341840119,1,0
1307,1003,0.8540379341840119,1,0
1307,1002,0.9650698126850287,1,0
1307,1001,0.8540379341840119,1,0
1307,1000,0.8608697156636808,1,0
1308,2034,0.8540379341840119,1,0
1308,2045,0.8540379341840119,1,0
1308,2046,0.8235438219141987,1,0
1309,844,0.8540379341840119,1,0
1310,1017,0.9146915025688322,1,0
1310,1016,0.9967766862969917,1,0
1310,1015,0.8540379341840119,1,0
1310,1014,0.8608697156636808,1,0
1310,1009,0.8540379341840119,1,0
1310,1007,0.8540379341840119,1,0
1310,1006,0.8540379341840119,1,0
1310,1005,0.8608697156636808,1,0
1310,1004,0.8608697156636808,1,0
1307,999,0.8796431436158921,1,0
1310,1003,0.7855431361780173,1,0
1309,2045,0.8540379341840119,1,0
1309,2034,0.8540379341840119,1,0
1309,1002,0.7854751849997674,0,0
1309,1001,0.8540379341840119,1,0
1309,1000,0.8608697156636808,1,0
1309,999,0.8540379341840119,1,0
1309,998,0.8540379341840119,1,0
1309,996,0.813136839180823,1,0
1309,845,0.9030017659237609,1,0
1309,2046,0.8286840088300865,1,0
1307,998,0.9388543490242612,1,0
1307,997,0.9993302387126036,1,0
1307,996,0.9993302387126036,1,0
1301,984,0.8090533109593636,1,0
1300,2048,0.7854751849997674,0,0
1300,2047,0.8540379341840119,1,0
1299,2050,0.8193268561712257,1,0
1299,2049,0.8540379341840119,1,0
1299,2048,0.7854751849997674,0,0
1299,2047,0.813136839180823,1,0
1299,984,0.8540379341840119,1,0
1298,2050,0.8193268561712257,1,0
1301,986,0.9424330346155027,1,0
1298,2049,0.7855431361780173,1,0
1298,2047,0.8540379341840119,1,0
1298,2045,0.7856090898362492,1,0
1298,2043,0.729815105485368,0,0
1298,879,0.9876048072165678,1,0
1297,2050,0.729815105485368,0,0
1297,2049,0.7855431361780173,1,0
1297,2048,0.7842399257600282,0,0
1297,2047,0.8540379341840119,1,0
1297,2045,0.7855431361780173,1,0
1298,2048,0.7854751849997674,0,0
1297,984,0.9993302387126036,1,0
1301,2034,0.7653894589865652,0,0
1301,2045,0.8069369088429615,1,0
1307,995,0.9993302387126036,1,0
1307,994,0.9993302387126036,1,0
1307,993,0.8944378660555131,1,0
1307,992,0.9424330346155027,1,0
1307,990,0.8221890694693323,1,0
1306,1003,0.8540379341840119,1,0
1306,1002,0.9650698126850287,1,0
1306,1001,0.8540379341840119,1,0
1306,859,0.8540379341840119,1,0
1301,2043,0.7621373909238652,0,0
1305,990,0.9993302387126036,1,0
1303,2046,0.7842399257600282,0,0
1303,2045,0.813136839180823,1,0
1303,2043,0.7653894589865652,0,0
1303,986,0.8540379341840119,1,0
1302,2045,0.8235438219141987,1,0
1302,2043,0.7621373909238652,0,0
1301,2048,0.7842399257600282,0,0
1301,2047,0.8069369088429615,1,0
1301,2046,0.7653894589865652,0,0
1305,988,0.8540379341840119,1,0
546,1527,0.713336200177551,0,0
