date,r,c,y
2025-01-28,54,306,0
2025-01-28,58,345,0
2025-01-28,63,364,0
2025-01-28,81,310,0
2025-01-28,94,317,0
2025-01-28,102,318,0
2025-01-28,82,337,0
2025-01-28,82,353,0
2025-01-28,96,332,0
2025-01-28,96,362,0
2025-01-28,101,340,0
2025-01-28,115,333,0
2025-01-28,121,336,0
2025-01-28,127,347,0
2025-01-28,81,386,0
2025-01-28,90,407,0
2025-01-28,91,418,0
2025-01-28,99,414,0
2025-01-28,126,420,0
2025-01-28,127,421,0
2025-01-28,113,462,0
2025-01-28,119,458,0
2025-01-28,124,486,0
2025-01-28,125,478,0
2025-01-28,78,672,0
2025-01-28,101,703,0
2025-01-28,109,671,0
2025-01-28,112,675,0
2025-01-28,122,688,0
2025-01-28,123,662,0
2025-01-28,126,654,0
2025-01-28,127,669,0
2025-01-28,114,710,0
2025-01-28,120,709,0
2025-01-28,130,381,0
2025-01-28,147,377,0
2025-01-28,169,374,0
2025-01-28,186,366,0
2025-01-28,129,391,0
2025-01-28,129,412,0
2025-01-28,135,390,0
2025-01-28,140,411,0
2025-01-28,141,400,0
2025-01-28,145,429,0
2025-01-28,146,392,0
2025-01-28,152,407,0
2025-01-28,152,420,0
2025-01-28,154,414,0
2025-01-28,164,434,0
2025-01-28,166,445,0
2025-01-28,170,445,0
2025-01-28,174,433,0
2025-01-28,130,492,0
2025-01-28,136,468,0
2025-01-28,139,459,0
2025-01-28,157,501,0
2025-01-28,158,466,0
2025-01-28,168,471,0
2025-01-28,170,448,0
2025-01-28,179,481,0
2025-01-28,141,542,0
2025-01-28,143,533,0
2025-01-28,152,573,0
2025-01-28,157,520,0
2025-01-28,158,564,0
2025-01-28,161,563,0
2025-01-28,163,547,0
2025-01-28,164,544,0
2025-01-28,171,536,0
2025-01-28,180,543,0
2025-01-28,190,518,0
2025-01-28,151,635,0
2025-01-28,157,608,0
2025-01-28,163,588,0
2025-01-28,174,584,0
2025-01-28,180,622,0
2025-01-28,128,690,0
2025-01-28,133,660,0
2025-01-28,145,666,0
2025-01-28,151,644,0
2025-01-28,161,645,0
2025-01-28,161,665,0
2025-01-28,170,651,0
2025-01-28,176,674,0
2025-01-28,177,679,0
2025-01-28,191,664,0
2025-01-28,135,716,0
2025-01-28,179,730,0
2025-01-28,191,728,0
2025-01-28,198,357,0
2025-01-28,212,382,0
2025-01-28,234,374,0
2025-01-28,210,426,0
2025-01-28,195,472,0
2025-01-28,200,497,0
2025-01-28,206,533,0
2025-01-28,211,550,0
2025-01-28,217,513,0
2025-01-28,219,559,0
2025-01-28,225,546,0
2025-01-28,227,560,0
2025-01-28,230,558,0
2025-01-28,231,519,0
2025-01-28,237,537,0
2025-01-28,238,536,0
2025-01-28,241,552,0
2025-01-28,246,545,0
2025-01-28,255,562,0
2025-01-28,255,571,0
2025-01-28,193,584,0
2025-01-28,196,603,0
2025-01-28,197,612,0
2025-01-28,219,620,0
2025-01-28,221,616,0
2025-01-28,223,603,0
2025-01-28,226,621,0
2025-01-28,232,622,0
2025-01-28,241,605,0
2025-01-28,242,611,0
2025-01-28,250,613,0
2025-01-28,209,648,0
2025-01-28,214,651,0
2025-01-28,216,644,0
2025-01-28,219,643,0
2025-01-28,229,660,0
2025-01-28,231,653,0
2025-01-28,235,670,0
2025-01-28,236,671,0
2025-01-28,245,667,0
2025-01-28,198,714,0
2025-01-28,200,717,0
2025-01-28,208,705,0
2025-01-28,216,716,0
2025-01-28,216,718,0
2025-01-28,257,561,0
2025-01-28,268,566,0
2025-01-28,277,567,0
2025-01-28,288,573,0
2025-01-28,313,575,0
2025-01-28,272,584,0
2025-01-28,288,606,0
2025-01-28,295,623,0
2025-01-28,319,598,0
2025-01-28,259,655,0
2025-01-28,261,646,0
2025-01-28,264,659,0
2025-01-28,282,649,0
2025-01-28,283,696,0
2025-01-28,285,665,0
2025-01-28,285,671,0
2025-01-28,286,656,0
2025-01-28,299,641,0
2025-01-28,313,681,0
2025-01-28,314,656,0
2025-01-28,314,689,0
2025-01-28,319,693,0
2025-01-28,271,743,0
2025-01-28,283,753,0
2025-01-28,288,740,0
2025-01-28,290,715,0
2025-01-28,294,766,0
2025-01-28,311,725,0
2025-01-28,308,769,0
2025-01-28,317,770,0
2025-01-28,332,557,0
2025-01-28,334,565,0
2025-01-28,330,609,0
2025-01-28,333,587,0
2025-01-28,334,604,0
2025-01-28,342,598,0
2025-01-28,343,582,0
2025-01-28,344,581,0
2025-01-28,344,604,0
2025-01-28,347,578,0
2025-01-28,347,594,0
2025-01-28,330,691,0
2025-01-28,336,684,0
2025-01-28,338,697,0
2025-01-28,374,685,0
2025-01-28,332,711,0
2025-01-28,335,710,0
2025-01-28,336,710,0
2025-01-28,339,762,0
2025-01-28,346,717,0
2025-01-28,354,704,0
2025-01-28,356,740,0
2025-01-28,358,739,0
2025-01-28,361,754,0
2025-01-28,364,728,0
2025-01-28,365,762,0
2025-01-28,367,716,0
2025-01-28,372,711,0
2025-01-28,376,763,0
2025-01-28,378,713,0
2025-01-28,379,735,0
2025-01-28,380,704,0
2025-01-28,384,703,0
2025-01-28,386,746,0
2025-01-28,399,742,0
2025-01-28,408,735,0
2025-01-28,416,750,0
2025-01-28,419,742,0
2025-01-28,421,724,0
2025-01-28,422,757,0
2025-01-28,423,729,0
2025-01-28,425,784,0
2025-01-28,425,789,0
2025-01-28,429,776,0
2025-01-28,431,776,0
2025-01-28,437,806,0
2025-01-28,438,780,0
2025-01-28,458,785,0
2025-01-28,481,806,0
2025-01-28,503,812,0
2025-01-28,470,842,0
2025-01-28,478,854,0
2025-01-28,489,855,0
2025-01-28,514,799,0
2025-01-28,517,810,0
2025-01-28,518,818,0
2025-01-28,527,813,0
2025-01-28,513,840,0
2025-01-28,516,844,0
2025-01-28,518,859,0
2025-01-28,524,884,0
2025-01-28,533,882,0
2025-01-28,545,889,0
2025-01-28,563,866,0
2025-01-28,515,898,0
2025-01-28,525,919,0
2025-01-28,525,921,0
2025-01-28,533,906,0
2025-01-28,535,937,0
2025-01-28,541,914,0
2025-01-28,542,903,0
2025-01-28,553,956,0
2025-01-28,565,943,0
2025-01-28,573,959,0
2025-01-28,550,989,0
2025-01-28,551,995,0
2025-01-28,562,1014,0
2025-01-28,563,975,0
2025-01-28,573,1017,0
2025-01-28,523,1083,0
2025-01-28,524,1080,0
2025-01-28,528,1067,0
2025-01-28,532,1049,0
2025-01-28,537,1049,0
2025-01-28,543,1058,0
2025-01-28,546,1059,0
2025-01-28,555,1065,0
2025-01-28,556,1064,0
2025-01-28,559,1085,0
2025-01-28,562,1065,0
2025-01-28,565,1076,0
2025-01-28,568,1059,0
2025-01-28,571,1081,0
2025-01-28,538,1109,0
2025-01-28,561,1141,0
2025-01-28,564,1139,0
2025-01-28,576,895,0
2025-01-28,578,879,0
2025-01-28,580,875,0
2025-01-28,588,890,0
2025-01-28,595,859,0
2025-01-28,595,887,0
2025-01-28,608,892,0
2025-01-28,619,890,0
2025-01-28,623,893,0
2025-01-28,639,872,1
2025-01-28,577,941,0
2025-01-28,578,923,0
2025-01-28,579,933,0
2025-01-28,585,901,0
2025-01-28,587,931,0
2025-01-28,589,942,0
2025-01-28,599,919,0
2025-01-28,606,945,0
2025-01-28,609,957,0
2025-01-28,622,930,0
2025-01-28,625,934,0
2025-01-28,625,936,0
2025-01-28,626,931,0
2025-01-28,632,955,0
2025-01-28,582,992,0
2025-01-28,587,987,0
2025-01-28,599,1008,0
2025-01-28,606,999,0
2025-01-28,617,974,0
2025-01-28,631,995,0
2025-01-28,636,961,0
2025-01-28,637,997,0
2025-01-28,639,1013,0
2025-01-28,639,1017,0
2025-01-28,576,1029,0
2025-01-28,580,1056,0
2025-01-28,584,1080,0
2025-01-28,596,1072,0
2025-01-28,596,1073,0
2025-01-28,596,1081,0
2025-01-28,608,1075,0
2025-01-28,609,1030,0
2025-01-28,618,1054,0
2025-01-28,630,1048,0
2025-01-28,631,1061,0
2025-01-28,634,1038,0
2025-01-28,638,1053,0
2025-01-28,577,1094,0
2025-01-28,581,1097,0
2025-01-28,594,1099,0
2025-01-28,612,1093,0
2025-01-28,614,1103,0
2025-01-28,630,1114,0
2025-01-28,634,1092,0
2025-01-28,576,1164,0
2025-01-28,640,872,1
2025-01-28,668,891,0
2025-01-28,680,883,0
2025-01-28,642,928,0
2025-01-28,647,952,0
2025-01-28,652,904,0
2025-01-28,653,918,0
2025-01-28,660,920,0
2025-01-28,668,953,0
2025-01-28,671,941,0
2025-01-28,674,921,0
2025-01-28,689,896,0
2025-01-28,690,958,0
2025-01-28,643,1005,0
2025-01-28,645,973,0
2025-01-28,646,1007,0
2025-01-28,652,967,0
2025-01-28,671,960,0
2025-01-28,673,1006,0
2025-01-28,674,978,0
2025-01-28,674,999,0
2025-01-28,674,1001,0
2025-01-28,678,1005,0
2025-01-28,683,1008,0
2025-01-28,690,976,0
2025-01-28,702,1011,0
2025-01-28,643,1063,0
2025-01-28,645,1053,0
2025-01-28,647,1059,0
2025-01-28,651,1042,0
2025-01-28,660,1026,0
2025-01-28,660,1054,0
2025-01-28,663,1026,0
2025-01-28,687,1035,0
2025-01-28,688,1026,0
2025-01-28,642,1107,0
2025-01-28,643,1120,0
2025-01-28,648,1091,0
2025-01-28,657,1091,0
2025-01-28,657,1120,0
2025-01-28,685,1107,0
2025-01-28,689,1106,0
2025-01-28,714,921,0
2025-01-28,720,948,0
2025-01-28,760,958,0
2025-01-28,710,961,0
2025-01-28,714,983,0
2025-01-28,717,990,0
2025-01-28,723,997,0
2025-01-28,726,991,0
2025-01-28,733,961,0
2025-01-28,751,966,0
2025-01-28,752,966,0
2025-01-28,752,971,0
2025-01-28,764,966,0
2025-01-28,710,1026,0
2025-01-28,713,1062,0
2025-01-28,714,1045,0
2025-01-28,715,1044,0
2025-01-28,721,1083,0
2025-01-28,724,1054,0
2025-01-28,732,1064,0
2025-01-28,736,1036,0
2025-01-28,739,1075,0
2025-01-28,750,1068,0
2025-01-28,750,1072,0
2025-01-28,764,1051,0
2025-01-28,717,1089,0
2025-01-28,739,1097,0
2025-01-28,749,1093,0
2025-01-28,778,948,0
2025-01-28,777,1015,0
2025-01-28,782,982,0
2025-01-28,768,1025,0
2025-01-28,772,1057,0
2025-01-28,774,1073,0
2025-01-28,783,1078,0
2025-01-28,790,1078,0
2025-01-28,799,1074,0
2025-01-28,802,1065,0
2025-01-28,802,1075,0
2025-01-28,804,1050,0
2025-01-28,823,1052,0
2025-01-28,768,1117,0
2025-01-28,770,1089,0
2025-01-28,776,1107,0
2025-01-28,809,1088,0
2025-02-02,61,311,0
2025-02-02,51,350,0
2025-02-02,54,322,0
2025-02-02,54,328,0
2025-02-02,58,340,0
2025-02-02,68,308,0
2025-02-02,65,334,0
2025-02-02,71,350,0
2025-02-02,72,360,0
2025-02-02,72,379,0
2025-02-02,74,340,0
2025-02-02,81,360,0
2025-02-02,95,339,0
2025-02-02,95,350,0
2025-02-02,98,382,0
2025-02-02,99,359,0
2025-02-02,100,323,0
2025-02-02,106,329,0
2025-02-02,109,373,0
2025-02-02,120,380,0
2025-02-02,83,388,0
2025-02-02,84,393,0
2025-02-02,99,420,0
2025-02-02,101,392,0
2025-02-02,108,399,0
2025-02-02,114,419,0
2025-02-02,116,395,0
2025-02-02,117,399,0
2025-02-02,107,493,0
2025-02-02,108,455,0
2025-02-02,121,460,0
2025-02-02,124,504,0
2025-02-02,119,512,0
2025-02-02,123,517,0
2025-02-02,127,516,0
2025-02-02,88,684,0
2025-02-02,100,652,0
2025-02-02,101,679,0
2025-02-02,106,673,0
2025-02-02,109,653,0
2025-02-02,126,699,0
2025-02-02,140,376,0
2025-02-02,142,361,0
2025-02-02,157,383,0
2025-02-02,172,370,0
2025-02-02,178,373,0
2025-02-02,135,415,0
2025-02-02,137,443,0
2025-02-02,142,422,0
2025-02-02,142,447,0
2025-02-02,146,439,0
2025-02-02,149,428,0
2025-02-02,153,435,0
2025-02-02,159,387,0
2025-02-02,163,407,0
2025-02-02,164,404,0
2025-02-02,166,421,0
2025-02-02,176,416,0
2025-02-02,176,444,0
2025-02-02,180,398,0
2025-02-02,188,397,0
2025-02-02,128,492,0
2025-02-02,129,487,0
2025-02-02,150,458,0
2025-02-02,153,476,0
2025-02-02,154,485,0
2025-02-02,158,454,0
2025-02-02,158,492,0
2025-02-02,160,479,0
2025-02-02,167,467,0
2025-02-02,167,469,0
2025-02-02,169,508,0
2025-02-02,191,490,0
2025-02-02,134,534,0
2025-02-02,144,518,0
2025-02-02,159,546,0
2025-02-02,178,539,0
2025-02-02,187,551,0
2025-02-02,141,585,0
2025-02-02,146,626,0
2025-02-02,152,618,0
2025-02-02,155,590,0
2025-02-02,175,623,0
2025-02-02,179,603,0
2025-02-02,183,577,0
2025-02-02,138,687,0
2025-02-02,153,662,0
2025-02-02,155,661,0
2025-02-02,170,676,0
2025-02-02,131,711,0
2025-02-02,176,728,0
2025-02-02,198,373,0
2025-02-02,208,371,0
2025-02-02,218,366,0
2025-02-02,231,375,0
2025-02-02,240,374,0
2025-02-02,200,438,0
2025-02-02,201,384,0
2025-02-02,213,392,0
2025-02-02,233,430,0
2025-02-02,242,433,0
2025-02-02,201,451,0
2025-02-02,197,549,0
2025-02-02,200,526,0
2025-02-02,201,525,0
2025-02-02,202,512,0
2025-02-02,205,548,0
2025-02-02,219,527,0
2025-02-02,223,513,0
2025-02-02,231,523,0
2025-02-02,234,565,0
2025-02-02,235,547,0
2025-02-02,242,542,0
2025-02-02,198,582,0
2025-02-02,200,583,0
2025-02-02,229,587,0
2025-02-02,233,608,0
2025-02-02,237,588,0
2025-02-02,239,618,0
2025-02-02,241,591,0
2025-02-02,194,667,0
2025-02-02,213,687,0
2025-02-02,217,665,0
2025-02-02,220,699,0
2025-02-02,223,673,0
2025-02-02,253,672,0
2025-02-02,206,718,0
2025-02-02,212,716,0
2025-02-02,225,707,0
2025-02-02,265,557,0
2025-02-02,303,563,0
2025-02-02,307,564,0
2025-02-02,318,555,0
2025-02-02,259,590,0
2025-02-02,264,635,0
2025-02-02,268,581,0
2025-02-02,288,590,0
2025-02-02,292,576,0
2025-02-02,297,613,0
2025-02-02,308,580,0
2025-02-02,310,596,0
2025-02-02,312,627,0
2025-02-02,313,620,0
2025-02-02,315,605,0
2025-02-02,319,615,0
2025-02-02,256,647,0
2025-02-02,259,651,0
2025-02-02,266,650,0
2025-02-02,274,696,0
2025-02-02,281,692,0
2025-02-02,288,692,0
2025-02-02,289,682,0
2025-02-02,301,663,0
2025-02-02,302,664,0
2025-02-02,317,679,0
2025-02-02,319,663,0
2025-02-02,319,686,0
2025-02-02,284,704,0
2025-02-02,285,767,0
2025-02-02,297,711,0
2025-02-02,299,762,0
2025-02-02,314,779,0
2025-02-02,321,613,0
2025-02-02,324,588,0
2025-02-02,334,601,0
2025-02-02,343,588,0
2025-02-02,343,611,0
2025-02-02,358,586,0
2025-02-02,329,696,0
2025-02-02,339,699,0
2025-02-02,354,697,0
2025-02-02,326,712,0
2025-02-02,329,709,0
2025-02-02,331,760,0
2025-02-02,338,741,0
2025-02-02,345,706,0
2025-02-02,345,720,0
2025-02-02,345,756,0
2025-02-02,350,708,0
2025-02-02,358,737,0
2025-02-02,363,754,0
2025-02-02,373,721,0
2025-02-02,377,744,0
2025-02-02,346,768,0
2025-02-02,384,735,0
2025-02-02,384,744,0
2025-02-02,389,756,0
2025-02-02,394,759,0
2025-02-02,400,742,0
2025-02-02,410,704,0
2025-02-02,420,758,0
2025-02-02,421,730,0
2025-02-02,429,718,0
2025-02-02,433,735,0
2025-02-02,435,743,0
2025-02-02,415,786,0
2025-02-02,435,810,0
2025-02-02,436,784,0
2025-02-02,438,778,0
2025-02-02,443,810,0
2025-02-02,444,794,0
2025-02-02,445,801,0
2025-02-02,459,779,0
2025-02-02,475,788,0
2025-02-02,478,821,0
2025-02-02,480,790,0
2025-02-02,483,805,0
2025-02-02,468,848,0
2025-02-02,488,872,0
2025-02-02,490,856,0
2025-02-02,490,879,0
2025-02-02,496,854,0
2025-02-02,500,841,0
2025-02-02,500,860,0
2025-02-02,507,862,0
2025-02-02,510,873,0
2025-02-02,511,878,0
2025-02-02,509,910,0
2025-02-02,515,808,0
2025-02-02,518,812,0
2025-02-02,520,822,0
2025-02-02,554,828,0
2025-02-02,555,827,0
2025-02-02,513,861,0
2025-02-02,526,895,0
2025-02-02,528,855,0
2025-02-02,545,871,0
2025-02-02,550,842,0
2025-02-02,564,866,0
2025-02-02,543,916,0
2025-02-02,545,935,0
2025-02-02,556,954,0
2025-02-02,557,924,0
2025-02-02,561,924,0
2025-02-02,571,922,0
2025-02-02,572,943,0
2025-02-02,574,909,0
2025-02-02,556,971,0
2025-02-02,566,1005,0
2025-02-02,571,982,0
2025-02-02,518,1081,0
2025-02-02,526,1072,0
2025-02-02,533,1031,0
2025-02-02,533,1074,0
2025-02-02,534,1078,0
2025-02-02,537,1058,0
2025-02-02,540,1042,0
2025-02-02,552,1043,0
2025-02-02,563,1064,0
2025-02-02,565,1040,0
2025-02-02,571,1036,0
2025-02-02,533,1121,1
2025-02-02,534,1121,1
2025-02-02,536,1121,1
2025-02-02,537,1097,0
2025-02-02,544,1114,0
2025-02-02,544,1141,0
2025-02-02,546,1126,0
2025-02-02,550,1121,0
2025-02-02,554,1140,0
2025-02-02,559,1106,0
2025-02-02,562,1102,0
2025-02-02,562,1131,0
2025-02-02,564,1146,0
2025-02-02,567,1114,0
2025-02-02,570,1097,0
2025-02-02,572,1096,0
2025-02-02,545,1179,0
2025-02-02,550,1181,0
2025-02-02,556,1178,0
2025-02-02,564,1169,0
2025-02-02,588,890,0
2025-02-02,599,894,0
2025-02-02,600,890,0
2025-02-02,602,873,0
2025-02-02,605,884,0
2025-02-02,615,876,0
2025-02-02,580,944,0
2025-02-02,586,910,0
2025-02-02,595,910,0
2025-02-02,602,911,0
2025-02-02,623,940,0
2025-02-02,634,941,0
2025-02-02,639,942,0
2025-02-02,578,993,0
2025-02-02,578,1000,0
2025-02-02,580,970,0
2025-02-02,581,996,0
2025-02-02,590,973,0
2025-02-02,591,978,0
2025-02-02,592,969,0
2025-02-02,595,1014,0
2025-02-02,600,986,0
2025-02-02,603,1020,0
2025-02-02,616,1008,0
2025-02-02,618,1016,0
2025-02-02,622,963,0
2025-02-02,623,971,0
2025-02-02,628,1003,0
2025-02-02,630,994,0
2025-02-02,637,1019,0
2025-02-02,638,983,0
2025-02-02,583,1082,0
2025-02-02,596,1035,0
2025-02-02,610,1026,0
2025-02-02,611,1048,0
2025-02-02,637,1078,0
2025-02-02,638,1055,0
2025-02-02,591,1089,0
2025-02-02,597,1130,0
2025-02-02,616,1100,0
2025-02-02,618,1096,0
2025-02-02,625,1119,0
2025-02-02,629,1098,0
2025-02-02,679,893,0
2025-02-02,641,939,0
2025-02-02,655,958,0
2025-02-02,660,953,0
2025-02-02,677,951,0
2025-02-02,679,945,0
2025-02-02,680,914,0
2025-02-02,682,902,0
2025-02-02,685,896,0
2025-02-02,700,923,0
2025-02-02,652,993,0
2025-02-02,655,998,0
2025-02-02,668,986,0
2025-02-02,677,1023,0
2025-02-02,681,1008,0
2025-02-02,686,993,0
2025-02-02,687,1003,0
2025-02-02,643,1065,0
2025-02-02,645,1048,0
2025-02-02,646,1046,0
2025-02-02,655,1069,0
2025-02-02,656,1031,0
2025-02-02,657,1041,0
2025-02-02,659,1079,0
2025-02-02,666,1047,0
2025-02-02,666,1059,0
2025-02-02,671,1041,0
2025-02-02,676,1058,0
2025-02-02,676,1080,0
2025-02-02,677,1058,0
2025-02-02,680,1039,0
2025-02-02,682,1050,0
2025-02-02,682,1059,0
2025-02-02,684,1080,0
2025-02-02,687,1081,0
2025-02-02,688,1058,0
2025-02-02,693,1034,0
2025-02-02,697,1049,0
2025-02-02,641,1104,0
2025-02-02,647,1094,0
2025-02-02,662,1107,0
2025-02-02,685,1098,0
2025-02-02,685,1126,0
2025-02-02,689,1106,0
2025-02-02,704,935,0
2025-02-02,722,935,0
2025-02-02,727,958,0
2025-02-02,730,939,0
2025-02-02,733,943,0
2025-02-02,734,926,0
2025-02-02,736,952,0
2025-02-02,726,974,0
2025-02-02,735,1015,0
2025-02-02,740,984,0
2025-02-02,742,1018,0
2025-02-02,757,996,0
2025-02-02,760,962,0
2025-02-02,716,1075,0
2025-02-02,725,1061,0
2025-02-02,727,1083,0
2025-02-02,745,1064,0
2025-02-02,752,1067,0
2025-02-02,753,1078,0
2025-02-02,706,1089,0
2025-02-02,707,1105,0
2025-02-02,709,1102,0
2025-02-02,734,1101,0
2025-02-02,735,1105,0
2025-02-02,740,1112,0
2025-02-02,758,1112,0
2025-02-02,768,953,0
2025-02-02,768,987,0
2025-02-02,771,960,0
2025-02-02,775,996,0
2025-02-02,787,995,0
2025-02-02,799,1010,0
2025-02-02,770,1071,0
2025-02-02,778,1081,0
2025-02-02,780,1067,0
2025-02-02,787,1053,0
2025-02-02,787,1060,0
2025-02-02,791,1060,0
2025-02-02,800,1077,0
2025-02-02,809,1076,0
2025-02-02,811,1066,0
2025-02-02,816,1043,0
2025-02-02,820,1072,0
2025-02-02,824,1046,0
2025-02-02,809,1088,0
2025-02-07,61,315,0
2025-02-07,43,324,0
2025-02-07,45,345,0
2025-02-07,48,323,0
2025-02-07,48,347,0
2025-02-07,50,351,0
2025-02-07,90,313,0
2025-02-07,64,329,0
2025-02-07,68,365,0
2025-02-07,75,345,0
2025-02-07,77,320,0
2025-02-07,83,350,0
2025-02-07,102,351,0
2025-02-07,103,367,0
2025-02-07,105,372,0
2025-02-07,106,367,0
2025-02-07,109,354,0
2025-02-07,109,372,0
2025-02-07,117,363,0
2025-02-07,117,364,0
2025-02-07,126,360,0
2025-02-07,82,400,0
2025-02-07,94,386,0
2025-02-07,95,416,0
2025-02-07,105,416,0
2025-02-07,122,446,0
2025-02-07,127,418,0
2025-02-07,107,449,0
2025-02-07,111,485,0
2025-02-07,118,460,0
2025-02-07,126,474,0
2025-02-07,126,526,0
2025-02-07,89,698,0
2025-02-07,100,655,0
2025-02-07,110,682,0
2025-02-07,114,701,0
2025-02-07,145,359,0
2025-02-07,145,373,0
2025-02-07,151,360,0
2025-02-07,162,361,0
2025-02-07,183,351,0
2025-02-07,184,378,0
2025-02-07,185,349,0
2025-02-07,132,416,0
2025-02-07,144,399,0
2025-02-07,146,395,0
2025-02-07,148,393,0
2025-02-07,148,397,0
2025-02-07,149,447,0
2025-02-07,155,434,0
2025-02-07,158,402,0
2025-02-07,160,386,0
2025-02-07,163,391,0
2025-02-07,167,424,0
2025-02-07,173,388,0
2025-02-07,179,400,0
2025-02-07,130,470,0
2025-02-07,131,472,0
2025-02-07,134,455,0
2025-02-07,135,477,0
2025-02-07,137,482,0
2025-02-07,142,511,0
2025-02-07,145,507,0
2025-02-07,153,453,0
2025-02-07,156,477,0
2025-02-07,161,465,0
2025-02-07,170,460,0
2025-02-07,171,510,0
2025-02-07,180,497,0
2025-02-07,181,505,0
2025-02-07,137,532,0
2025-02-07,141,570,0
2025-02-07,147,566,0
2025-02-07,155,567,0
2025-02-07,156,534,0
2025-02-07,159,538,0
2025-02-07,161,535,0
2025-02-07,163,514,0
2025-02-07,169,541,0
2025-02-07,178,567,0
2025-02-07,182,565,0
2025-02-07,184,518,0
2025-02-07,134,578,0
2025-02-07,142,583,0
2025-02-07,153,576,0
2025-02-07,162,581,0
2025-02-07,163,614,0
2025-02-07,163,635,0
2025-02-07,169,599,0
2025-02-07,171,585,0
2025-02-07,172,616,0
2025-02-07,173,637,0
2025-02-07,174,624,0
2025-02-07,189,639,0
2025-02-07,128,682,0
2025-02-07,131,698,0
2025-02-07,149,640,0
2025-02-07,172,656,0
2025-02-07,177,680,0
2025-02-07,184,709,0
2025-02-07,200,378,0
2025-02-07,201,351,0
2025-02-07,205,356,0
2025-02-07,208,366,0
2025-02-07,211,374,0
2025-02-07,200,384,0
2025-02-07,215,384,0
2025-02-07,227,428,0
2025-02-07,228,415,0
2025-02-07,233,391,0
2025-02-07,196,502,0
2025-02-07,212,505,0
2025-02-07,195,512,0
2025-02-07,202,574,0
2025-02-07,204,560,0
2025-02-07,220,530,0
2025-02-07,223,521,0
2025-02-07,227,548,0
2025-02-07,228,513,0
2025-02-07,231,546,0
2025-02-07,235,522,0
2025-02-07,244,536,0
2025-02-07,200,601,0
2025-02-07,200,632,0
2025-02-07,238,626,0
2025-02-07,194,667,0
2025-02-07,210,648,0
2025-02-07,210,650,0
2025-02-07,217,690,0
2025-02-07,230,703,0
2025-02-07,241,672,0
2025-02-07,246,651,0
2025-02-07,253,651,0
2025-02-07,193,706,0
2025-02-07,204,716,0
2025-02-07,283,559,0
2025-02-07,295,551,0
2025-02-07,298,556,0
2025-02-07,305,550,0
2025-02-07,317,569,0
2025-02-07,257,625,0
2025-02-07,265,583,0
2025-02-07,265,600,0
2025-02-07,267,615,0
2025-02-07,268,601,0
2025-02-07,269,578,0
2025-02-07,281,599,0
2025-02-07,282,631,0
2025-02-07,304,585,0
2025-02-07,304,618,0
2025-02-07,308,610,0
2025-02-07,313,621,0
2025-02-07,314,619,0
2025-02-07,258,656,0
2025-02-07,263,663,0
2025-02-07,268,651,0
2025-02-07,272,679,0
2025-02-07,277,680,0
2025-02-07,291,648,0
2025-02-07,292,703,0
2025-02-07,297,703,0
2025-02-07,303,680,0
2025-02-07,309,649,0
2025-02-07,312,699,0
2025-02-07,313,674,0
2025-02-07,316,686,0
2025-02-07,267,750,0
2025-02-07,279,745,0
2025-02-07,280,719,0
2025-02-07,288,746,0
2025-02-07,288,764,0
2025-02-07,289,767,0
2025-02-07,292,722,0
2025-02-07,293,752,0
2025-02-07,299,720,0
2025-02-07,303,745,0
2025-02-07,315,765,0
2025-02-07,310,769,0
2025-02-07,319,777,0
2025-02-07,329,584,0
2025-02-07,341,589,0
2025-02-07,354,583,0
2025-02-07,326,700,0
2025-02-07,347,693,0
2025-02-07,371,690,0
2025-02-07,377,691,0
2025-02-07,324,720,0
2025-02-07,332,715,0
2025-02-07,335,748,0
2025-02-07,343,733,0
2025-02-07,349,704,0
2025-02-07,352,722,0
2025-02-07,352,754,0
2025-02-07,374,713,0
2025-02-07,375,750,0
2025-02-07,375,758,0
2025-02-07,377,726,0
2025-02-07,382,749,0
2025-02-07,391,708,0
2025-02-07,392,747,0
2025-02-07,397,740,0
2025-02-07,399,729,0
2025-02-07,416,753,0
2025-02-07,423,726,0
2025-02-07,434,754,0
2025-02-07,436,793,0
2025-02-07,440,812,0
2025-02-07,458,759,1
2025-02-07,466,791,0
2025-02-07,473,797,0
2025-02-07,476,795,0
2025-02-07,479,808,0
2025-02-07,483,782,0
2025-02-07,499,824,0
2025-02-07,500,808,0
2025-02-07,501,789,0
2025-02-07,501,828,0
2025-02-07,503,810,0
2025-02-07,505,816,0
2025-02-07,507,821,0
2025-02-07,481,847,0
2025-02-07,486,879,0
2025-02-07,487,873,0
2025-02-07,495,871,0
2025-02-07,497,851,0
2025-02-07,505,872,0
2025-02-07,539,820,0
2025-02-07,513,837,0
2025-02-07,523,864,0
2025-02-07,525,863,0
2025-02-07,534,878,0
2025-02-07,536,876,0
2025-02-07,537,863,0
2025-02-07,540,890,0
2025-02-07,542,832,0
2025-02-07,551,847,0
2025-02-07,554,834,0
2025-02-07,559,886,0
2025-02-07,560,892,0
2025-02-07,569,866,0
2025-02-07,523,913,0
2025-02-07,523,915,0
2025-02-07,529,903,0
2025-02-07,548,931,0
2025-02-07,556,907,0
2025-02-07,558,940,0
2025-02-07,562,958,0
2025-02-07,567,914,0
2025-02-07,572,903,0
2025-02-07,539,963,0
2025-02-07,543,999,0
2025-02-07,547,989,0
2025-02-07,557,976,0
2025-02-07,561,993,0
2025-02-07,566,999,0
2025-02-07,575,992,0
2025-02-07,537,1046,0
2025-02-07,543,1046,0
2025-02-07,545,1044,0
2025-02-07,554,1049,0
2025-02-07,569,1083,0
2025-02-07,523,1091,0
2025-02-07,543,1088,0
2025-02-07,547,1120,0
2025-02-07,557,1142,0
2025-02-07,572,1105,0
2025-02-07,572,1125,0
2025-02-07,574,1111,0
2025-02-07,551,1157,0
2025-02-07,553,1166,0
2025-02-07,587,859,0
2025-02-07,635,875,0
2025-02-07,639,872,1
2025-02-07,587,944,0
2025-02-07,616,952,0
2025-02-07,619,906,0
2025-02-07,622,898,0
2025-02-07,625,919,0
2025-02-07,627,905,0
2025-02-07,637,927,0
2025-02-07,577,1019,0
2025-02-07,588,1013,0
2025-02-07,596,992,0
2025-02-07,606,1010,0
2025-02-07,608,1013,0
2025-02-07,611,975,0
2025-02-07,621,976,0
2025-02-07,622,1009,0
2025-02-07,627,1021,0
2025-02-07,628,1008,0
2025-02-07,629,966,0
2025-02-07,632,983,0
2025-02-07,639,988,0
2025-02-07,639,1001,0
2025-02-07,576,1077,0
2025-02-07,580,1074,0
2025-02-07,584,1050,0
2025-02-07,587,1027,0
2025-02-07,592,1053,0
2025-02-07,607,1060,0
2025-02-07,608,1072,0
2025-02-07,612,1028,0
2025-02-07,612,1038,0
2025-02-07,617,1065,0
2025-02-07,620,1038,0
2025-02-07,622,1027,0
2025-02-07,633,1032,0
2025-02-07,582,1113,0
2025-02-07,600,1101,0
2025-02-07,602,1104,0
2025-02-07,614,1089,0
2025-02-07,630,1124,0
2025-02-07,638,1090,0
2025-02-07,640,872,1
2025-02-07,645,889,0
2025-02-07,654,883,0
2025-02-07,673,884,0
2025-02-07,691,893,0
2025-02-07,652,916,0
2025-02-07,658,921,0
2025-02-07,665,954,0
2025-02-07,670,911,0
2025-02-07,672,935,0
2025-02-07,676,939,0
2025-02-07,678,934,0
2025-02-07,683,934,0
2025-02-07,687,912,0
2025-02-07,702,929,0
2025-02-07,702,930,0
2025-02-07,642,983,0
2025-02-07,651,981,0
2025-02-07,676,991,0
2025-02-07,676,1017,0
2025-02-07,679,985,0
2025-02-07,683,1013,0
2025-02-07,692,1019,0
2025-02-07,695,985,0
2025-02-07,703,968,0
2025-02-07,642,1036,0
2025-02-07,652,1031,0
2025-02-07,652,1033,0
2025-02-07,666,1069,0
2025-02-07,679,1048,0
2025-02-07,683,1069,0
2025-02-07,684,1034,0
2025-02-07,700,1046,0
2025-02-07,640,1129,0
2025-02-07,665,1115,0
2025-02-07,670,1102,0
2025-02-07,681,1101,0
2025-02-07,686,1099,0
2025-02-07,704,904,0
2025-02-07,705,915,0
2025-02-07,705,928,0
2025-02-07,705,938,0
2025-02-07,706,937,0
2025-02-07,708,910,0
2025-02-07,717,918,0
2025-02-07,721,948,0
2025-02-07,729,929,0
2025-02-07,738,948,0
2025-02-07,710,1020,0
2025-02-07,711,1017,0
2025-02-07,717,963,0
2025-02-07,722,1017,0
2025-02-07,732,1004,0
2025-02-07,733,1023,0
2025-02-07,739,995,0
2025-02-07,746,991,0
2025-02-07,748,993,0
2025-02-07,753,975,0
2025-02-07,754,975,0
2025-02-07,754,996,0
2025-02-07,760,1017,0
2025-02-07,764,1007,0
2025-02-07,711,1046,0
2025-02-07,711,1069,0
2025-02-07,734,1065,0
2025-02-07,736,1048,0
2025-02-07,737,1064,0
2025-02-07,744,1035,0
2025-02-07,751,1027,0
2025-02-07,763,1042,0
2025-02-07,763,1060,0
2025-02-07,753,1094,0
2025-02-07,764,1116,0
2025-02-07,770,944,0
2025-02-07,791,984,0
2025-02-07,799,1011,0
2025-02-07,802,1011,0
2025-02-07,768,1080,0
2025-02-07,779,1049,0
2025-02-07,783,1028,0
2025-02-07,783,1041,0
2025-02-07,791,1031,0
2025-02-07,793,1040,0
2025-02-07,796,1087,0
2025-02-07,800,1029,0
2025-02-07,806,1086,0
2025-02-07,827,1054,0
2025-02-07,769,1095,0
2025-02-07,786,1102,0
2025-02-07,790,1112,0
2025-02-12,51,335,0
2025-02-12,53,368,0
2025-02-12,59,359,0
2025-02-12,76,313,0
2025-02-12,83,313,0
2025-02-12,84,310,0
2025-02-12,94,344,0
2025-02-12,105,373,0
2025-02-12,111,375,0
2025-02-12,115,331,0
2025-02-12,117,381,0
2025-02-12,118,349,0
2025-02-12,120,329,0
2025-02-12,90,391,0
2025-02-12,105,430,0
2025-02-12,111,396,0
2025-02-12,125,408,0
2025-02-12,108,508,0
2025-02-12,109,463,0
2025-02-12,116,455,0
2025-02-12,116,503,0
2025-02-12,126,470,0
2025-02-12,116,518,0
2025-02-12,86,690,0
2025-02-12,89,675,0
2025-02-12,95,701,0
2025-02-12,102,654,0
2025-02-12,107,690,0
2025-02-12,123,656,0
2025-02-12,123,671,0
2025-02-12,124,660,0
2025-02-12,125,681,0
2025-02-12,96,708,0
2025-02-12,131,374,0
2025-02-12,146,357,0
2025-02-12,148,378,0
2025-02-12,159,376,0
2025-02-12,163,364,0
2025-02-12,167,381,0
2025-02-12,184,363,0
2025-02-12,186,376,0
2025-02-12,188,357,0
2025-02-12,190,369,0
2025-02-12,130,421,0
2025-02-12,133,389,0
2025-02-12,147,408,0
2025-02-12,149,426,0
2025-02-12,152,394,0
2025-02-12,161,422,0
2025-02-12,165,396,0
2025-02-12,173,420,0
2025-02-12,182,411,0
2025-02-12,184,414,0
2025-02-12,128,462,0
2025-02-12,130,476,0
2025-02-12,143,450,0
2025-02-12,148,469,0
2025-02-12,159,476,0
2025-02-12,160,484,0
2025-02-12,161,496,0
2025-02-12,165,466,0
2025-02-12,165,488,0
2025-02-12,172,452,0
2025-02-12,173,465,0
2025-02-12,175,468,0
2025-02-12,182,483,0
2025-02-12,134,570,0
2025-02-12,137,514,0
2025-02-12,140,546,0
2025-02-12,142,537,0
2025-02-12,151,522,0
2025-02-12,151,570,0
2025-02-12,164,538,0
2025-02-12,166,564,0
2025-02-12,179,560,0
2025-02-12,186,550,0
2025-02-12,189,558,0
2025-02-12,190,539,0
2025-02-12,191,559,0
2025-02-12,135,579,0
2025-02-12,145,633,0
2025-02-12,148,630,0
2025-02-12,161,592,0
2025-02-12,173,607,0
2025-02-12,173,626,0
2025-02-12,176,604,0
2025-02-12,182,606,0
2025-02-12,183,612,0
2025-02-12,184,589,0
2025-02-12,140,698,0
2025-02-12,141,661,0
2025-02-12,157,663,0
2025-02-12,181,662,0
2025-02-12,178,732,0
2025-02-12,188,710,0
2025-02-12,193,379,0
2025-02-12,195,363,0
2025-02-12,223,375,0
2025-02-12,228,383,0
2025-02-12,234,366,0
2025-02-12,202,431,0
2025-02-12,209,390,0
2025-02-12,220,393,0
2025-02-12,195,471,0
2025-02-12,200,487,0
2025-02-12,205,490,0
2025-02-12,206,498,0
2025-02-12,223,511,0
2025-02-12,224,511,0
2025-02-12,196,534,0
2025-02-12,200,512,0
2025-02-12,201,539,0
2025-02-12,210,555,0
2025-02-12,215,568,0
2025-02-12,222,520,0
2025-02-12,234,560,0
2025-02-12,243,558,0
2025-02-12,195,612,0
2025-02-12,196,605,0
2025-02-12,200,630,0
2025-02-12,200,639,0
2025-02-12,203,637,0
2025-02-12,204,614,0
2025-02-12,209,602,0
2025-02-12,209,615,0
2025-02-12,214,625,0
2025-02-12,215,625,0
2025-02-12,223,620,0
2025-02-12,226,605,0
2025-02-12,228,607,0
2025-02-12,232,590,0
2025-02-12,253,604,0
2025-02-12,255,600,0
2025-02-12,203,677,0
2025-02-12,207,703,0
2025-02-12,225,697,0
2025-02-12,229,694,0
2025-02-12,233,675,0
2025-02-12,235,641,0
2025-02-12,198,714,0
2025-02-12,201,715,0
2025-02-12,264,560,0
2025-02-12,271,565,0
2025-02-12,307,574,0
2025-02-12,308,553,0
2025-02-12,311,548,0
2025-02-12,260,583,0
2025-02-12,260,584,0
2025-02-12,261,612,0
2025-02-12,265,587,0
2025-02-12,269,618,0
2025-02-12,272,597,0
2025-02-12,276,625,0
2025-02-12,287,577,0
2025-02-12,301,581,0
2025-02-12,305,616,0
2025-02-12,312,583,0
2025-02-12,312,595,0
2025-02-12,312,597,0
2025-02-12,313,622,0
2025-02-12,279,654,0
2025-02-12,281,687,0
2025-02-12,287,671,0
2025-02-12,291,673,0
2025-02-12,293,652,0
2025-02-12,302,691,0
2025-02-12,307,697,0
2025-02-12,315,675,0
2025-02-12,316,670,0
2025-02-12,318,683,0
2025-02-12,319,684,0
2025-02-12,273,733,0
2025-02-12,294,735,0
2025-02-12,302,723,0
2025-02-12,303,724,0
2025-02-12,307,751,0
2025-02-12,313,759,0
2025-02-12,314,721,0
2025-02-12,300,773,0
2025-02-12,330,566,0
2025-02-12,337,559,0
2025-02-12,348,574,0
2025-02-12,320,634,0
2025-02-12,321,590,0
2025-02-12,335,627,0
2025-02-12,347,589,0
2025-02-12,350,587,0
2025-02-12,325,711,0
2025-02-12,327,719,0
2025-02-12,328,724,0
2025-02-12,334,750,0
2025-02-12,341,745,0
2025-02-12,343,743,0
2025-02-12,346,738,0
2025-02-12,361,737,0
2025-02-12,369,751,0
2025-02-12,370,704,0
2025-02-12,379,718,0
2025-02-12,380,706,0
2025-02-12,383,711,0
2025-02-12,387,714,0
2025-02-12,389,709,0
2025-02-12,429,719,0
2025-02-12,418,778,0
2025-02-12,432,780,0
2025-02-12,432,800,0
2025-02-12,447,777,0
2025-02-12,461,772,0
2025-02-12,478,786,0
2025-02-12,478,807,0
2025-02-12,482,784,0
2025-02-12,486,783,0
2025-02-12,494,788,1
2025-02-12,494,811,0
2025-02-12,503,830,0
2025-02-12,468,844,0
2025-02-12,478,863,0
2025-02-12,483,853,0
2025-02-12,487,878,0
2025-02-12,493,850,0
2025-02-12,504,873,0
2025-02-12,505,844,0
2025-02-12,507,904,0
2025-02-12,515,812,0
2025-02-12,551,829,0
2025-02-12,527,854,0
2025-02-12,539,882,0
2025-02-12,540,847,0
2025-02-12,549,842,0
2025-02-12,555,875,0
2025-02-12,565,846,0
2025-02-12,566,879,0
2025-02-12,529,912,0
2025-02-12,529,931,0
2025-02-12,534,907,0
2025-02-12,551,959,0
2025-02-12,557,923,0
2025-02-12,568,927,0
2025-02-12,570,949,0
2025-02-12,554,984,0
2025-02-12,556,965,0
2025-02-12,533,1077,0
2025-02-12,547,1035,0
2025-02-12,549,1054,0
2025-02-12,563,1073,0
2025-02-12,563,1074,0
2025-02-12,564,1065,0
2025-02-12,570,1055,0
2025-02-12,573,1030,0
2025-02-12,538,1093,0
2025-02-12,551,1124,0
2025-02-12,552,1146,0
2025-02-12,561,1107,0
2025-02-12,561,1127,0
2025-02-12,565,1106,0
2025-02-12,573,1130,0
2025-02-12,534,1157,0
2025-02-12,540,1166,0
2025-02-12,548,1172,0
2025-02-12,564,1163,0
2025-02-12,583,883,0
2025-02-12,584,849,1
2025-02-12,584,850,1
2025-02-12,584,852,1
2025-02-12,589,852,0
2025-02-12,600,887,0
2025-02-12,601,871,0
2025-02-12,624,886,0
2025-02-12,634,872,1
2025-02-12,634,891,0
2025-02-12,635,873,1
2025-02-12,637,873,1
2025-02-12,637,874,1
2025-02-12,638,872,1
2025-02-12,582,916,0
2025-02-12,597,934,0
2025-02-12,610,938,0
2025-02-12,610,943,0
2025-02-12,616,936,0
2025-02-12,620,944,0
2025-02-12,623,909,0
2025-02-12,627,914,0
2025-02-12,629,916,0
2025-02-12,633,921,0
2025-02-12,635,923,0
2025-02-12,587,970,0
2025-02-12,606,1010,0
2025-02-12,614,1006,0
2025-02-12,615,964,0
2025-02-12,620,961,0
2025-02-12,621,976,0
2025-02-12,621,992,0
2025-02-12,635,1008,0
2025-02-12,637,976,0
2025-02-12,581,1058,0
2025-02-12,582,1079,0
2025-02-12,593,1043,0
2025-02-12,601,1071,0
2025-02-12,614,1076,0
2025-02-12,615,1047,0
2025-02-12,617,1064,0
2025-02-12,623,1036,0
2025-02-12,625,1067,0
2025-02-12,632,1055,0
2025-02-12,637,1042,0
2025-02-12,637,1070,0
2025-02-12,579,1114,0
2025-02-12,588,1117,0
2025-02-12,610,1102,0
2025-02-12,625,1122,0
2025-02-12,637,1115,0
2025-02-12,642,895,0
2025-02-12,663,876,1
2025-02-12,663,878,1
2025-02-12,665,874,1
2025-02-12,665,875,1
2025-02-12,665,876,1
2025-02-12,665,878,1
2025-02-12,665,879,1
2025-02-12,666,875,1
2025-02-12,666,876,1
2025-02-12,666,877,1
2025-02-12,666,879,1
2025-02-12,667,877,1
2025-02-12,668,873,1
2025-02-12,668,876,1
2025-02-12,669,875,1
2025-02-12,670,874,1
2025-02-12,687,887,1
2025-02-12,687,889,1
2025-02-12,687,891,1
2025-02-12,688,891,1
2025-02-12,689,890,1
2025-02-12,689,892,1
2025-02-12,690,890,1
2025-02-12,690,891,1
2025-02-12,691,887,1
2025-02-12,692,887,1
2025-02-12,692,893,1
2025-02-12,693,893,1
2025-02-12,693,895,1
2025-02-12,694,892,1
2025-02-12,694,894,1
2025-02-12,695,895,1
2025-02-12,696,893,1
2025-02-12,697,890,1
2025-02-12,697,893,1
2025-02-12,698,890,1
2025-02-12,698,892,1
2025-02-12,699,891,1
2025-02-12,699,892,1
2025-02-12,699,894,1
2025-02-12,700,892,1
2025-02-12,701,892,1
2025-02-12,701,895,1
2025-02-12,702,891,1
2025-02-12,702,892,1
2025-02-12,702,895,1
2025-02-12,703,894,1
2025-02-12,644,919,0
2025-02-12,645,912,0
2025-02-12,650,947,0
2025-02-12,651,901,0
2025-02-12,660,917,0
2025-02-12,663,931,0
2025-02-12,664,939,0
2025-02-12,668,901,0
2025-02-12,669,934,0
2025-02-12,670,918,1
2025-02-12,670,919,1
2025-02-12,671,918,1
2025-02-12,671,952,0
2025-02-12,672,916,1
2025-02-12,672,918,1
2025-02-12,672,919,1
2025-02-12,672,920,1
2025-02-12,672,923,1
2025-02-12,672,924,1
2025-02-12,672,925,1
2025-02-12,672,926,1
2025-02-12,673,916,1
2025-02-12,673,919,1
2025-02-12,673,921,1
2025-02-12,673,923,1
2025-02-12,673,924,1
2025-02-12,674,917,1
2025-02-12,674,919,1
2025-02-12,674,920,1
2025-02-12,674,924,1
2025-02-12,674,927,1
2025-02-12,675,917,1
2025-02-12,675,919,1
2025-02-12,675,920,1
2025-02-12,675,927,1
2025-02-12,675,929,1
2025-02-12,676,914,1
2025-02-12,676,918,1
2025-02-12,676,922,1
2025-02-12,676,924,1
2025-02-12,676,925,1
2025-02-12,676,927,1
2025-02-12,676,928,1
2025-02-12,676,929,1
2025-02-12,676,931,1
2025-02-12,677,918,1
2025-02-12,677,919,1
2025-02-12,677,921,1
2025-02-12,677,923,1
2025-02-12,677,924,1
2025-02-12,677,925,1
2025-02-12,677,927,1
2025-02-12,677,928,1
2025-02-12,677,931,1
2025-02-12,678,917,1
2025-02-12,678,919,1
2025-02-12,678,927,1
2025-02-12,678,929,1
2025-02-12,678,935,1
2025-02-12,679,917,1
2025-02-12,679,918,1
2025-02-12,679,920,1
2025-02-12,679,922,1
2025-02-12,679,925,1
2025-02-12,679,930,1
2025-02-12,679,931,1
2025-02-12,679,933,1
2025-02-12,680,925,1
2025-02-12,680,927,1
2025-02-12,680,928,1
2025-02-12,680,929,1
2025-02-12,680,930,1
2025-02-12,680,937,1
2025-02-12,681,916,1
2025-02-12,681,918,1
2025-02-12,681,919,1
2025-02-12,681,923,1
2025-02-12,681,924,1
2025-02-12,681,927,1
2025-02-12,681,928,1
2025-02-12,681,934,1
2025-02-12,681,935,1
2025-02-12,682,921,1
2025-02-12,682,923,1
2025-02-12,682,925,1
2025-02-12,682,927,1
2025-02-12,682,929,1
2025-02-12,682,930,1
2025-02-12,682,931,1
2025-02-12,682,934,1
2025-02-12,682,935,1
2025-02-12,682,936,1
2025-02-12,682,937,1
2025-02-12,683,925,1
2025-02-12,683,926,1
2025-02-12,683,930,1
2025-02-12,683,933,1
2025-02-12,683,935,1
2025-02-12,684,929,1
2025-02-12,685,931,1
2025-02-12,685,932,1
2025-02-12,685,933,1
2025-02-12,685,936,1
2025-02-12,685,939,1
2025-02-12,686,934,1
2025-02-12,686,935,1
2025-02-12,686,937,1
2025-02-12,686,939,1
2025-02-12,687,937,1
2025-02-12,687,939,1
2025-02-12,687,942,1
2025-02-12,687,943,1
2025-02-12,687,945,1
2025-02-12,688,910,0
2025-02-12,688,936,1
2025-02-12,688,937,1
2025-02-12,688,938,1
2025-02-12,688,942,1
2025-02-12,688,944,1
2025-02-12,689,937,1
2025-02-12,689,940,1
2025-02-12,689,941,1
2025-02-12,689,944,1
2025-02-12,690,939,1
2025-02-12,690,940,1
2025-02-12,690,945,1
2025-02-12,700,940,0
2025-02-12,640,1001,0
2025-02-12,644,1006,0
2025-02-12,649,975,0
2025-02-12,649,1018,0
2025-02-12,652,998,0
2025-02-12,653,1003,0
2025-02-12,659,1010,0
2025-02-12,676,972,0
2025-02-12,677,966,0
2025-02-12,678,967,0
2025-02-12,680,998,0
2025-02-12,683,1014,0
2025-02-12,688,967,0
2025-02-12,690,981,0
2025-02-12,693,961,0
2025-02-12,694,972,0
2025-02-12,694,979,0
2025-02-12,640,1063,0
2025-02-12,650,1057,0
2025-02-12,657,1032,0
2025-02-12,658,1044,0
2025-02-12,660,1033,0
2025-02-12,672,1029,0
2025-02-12,681,1054,0
2025-02-12,694,1067,0
2025-02-12,700,1056,0
2025-02-12,640,1131,0
2025-02-12,641,1124,0
2025-02-12,649,1088,0
2025-02-12,651,1106,0
2025-02-12,668,1100,0
2025-02-12,669,1117,0
2025-02-12,674,1092,0
2025-02-12,687,1127,0
2025-02-12,705,893,1
2025-02-12,705,894,1
2025-02-12,706,894,1
2025-02-12,706,895,1
2025-02-12,705,896,1
2025-02-12,705,912,0
2025-02-12,705,925,0
2025-02-12,706,899,1
2025-02-12,706,901,1
2025-02-12,706,902,1
2025-02-12,707,896,1
2025-02-12,707,899,1
2025-02-12,707,900,1
2025-02-12,708,896,1
2025-02-12,708,897,1
2025-02-12,708,898,1
2025-02-12,708,900,1
2025-02-12,708,902,1
2025-02-12,708,905,1
2025-02-12,708,906,1
2025-02-12,709,898,1
2025-02-12,709,901,1
2025-02-12,710,897,1
2025-02-12,710,900,1
2025-02-12,710,905,1
2025-02-12,710,906,1
2025-02-12,710,907,1
2025-02-12,710,908,1
2025-02-12,711,901,1
2025-02-12,711,907,1
2025-02-12,711,910,1
2025-02-12,712,900,1
2025-02-12,712,902,1
2025-02-12,712,903,1
2025-02-12,712,905,1
2025-02-12,712,907,1
2025-02-12,712,908,1
2025-02-12,712,909,1
2025-02-12,713,904,1
2025-02-12,713,905,1
2025-02-12,713,910,1
2025-02-12,714,905,1
2025-02-12,714,909,1
2025-02-12,714,913,1
2025-02-12,714,915,1
2025-02-12,714,916,1
2025-02-12,714,917,1
2025-02-12,714,918,1
2025-02-12,715,907,1
2025-02-12,715,909,1
2025-02-12,715,914,1
2025-02-12,716,912,1
2025-02-12,716,914,1
2025-02-12,716,919,1
2025-02-12,717,905,1
2025-02-12,717,907,1
2025-02-12,717,908,1
2025-02-12,717,910,1
2025-02-12,717,913,1
2025-02-12,717,914,1
2025-02-12,717,917,1
2025-02-12,718,911,1
2025-02-12,718,913,1
2025-02-12,718,918,1
2025-02-12,719,911,1
2025-02-12,719,912,1
2025-02-12,719,917,1
2025-02-12,719,921,1
2025-02-12,719,922,1
2025-02-12,720,914,1
2025-02-12,720,918,1
2025-02-12,720,921,1
2025-02-12,721,917,1
2025-02-12,721,918,1
2025-02-12,721,919,1
2025-02-12,721,920,1
2025-02-12,722,917,1
2025-02-12,722,922,1
2025-02-12,722,924,1
2025-02-12,723,920,1
2025-02-12,723,924,1
2025-02-12,724,917,1
2025-02-12,724,922,1
2025-02-12,724,923,1
2025-02-12,725,919,1
2025-02-12,725,920,1
2025-02-12,725,922,1
2025-02-12,725,923,1
2025-02-12,725,938,1
2025-02-12,726,922,1
2025-02-12,727,923,1
2025-02-12,730,924,1
2025-02-12,730,925,1
2025-02-12,731,924,1
2025-02-12,731,926,1
2025-02-12,731,928,1
2025-02-12,732,925,1
2025-02-12,732,929,1
2025-02-12,733,925,1
2025-02-12,733,939,1
2025-02-12,733,942,1
2025-02-12,733,943,1
2025-02-12,734,929,1
2025-02-12,734,934,1
2025-02-12,734,940,1
2025-02-12,734,943,1
2025-02-12,734,944,1
2025-02-12,734,955,1
2025-02-12,734,958,1
2025-02-12,735,937,1
2025-02-12,735,939,1
2025-02-12,735,940,1
2025-02-12,735,941,1
2025-02-12,735,945,1
2025-02-12,735,946,1
2025-02-12,735,947,1
2025-02-12,735,950,1
2025-02-12,735,954,1
2025-02-12,735,955,1
2025-02-12,735,958,1
2025-02-12,736,947,1
2025-02-12,736,948,1
2025-02-12,736,950,1
2025-02-12,736,951,1
2025-02-12,736,954,1
2025-02-12,736,955,1
2025-02-12,736,956,1
2025-02-12,736,959,1
2025-02-12,737,932,1
2025-02-12,737,940,1
2025-02-12,737,941,1
2025-02-12,737,942,1
2025-02-12,737,945,1
2025-02-12,737,946,1
2025-02-12,737,950,1
2025-02-12,737,954,1
2025-02-12,737,955,1
2025-02-12,737,957,1
2025-02-12,737,958,1
2025-02-12,738,937,1
2025-02-12,738,942,1
2025-02-12,738,947,1
2025-02-12,738,954,1
2025-02-12,738,955,1
2025-02-12,738,956,1
2025-02-12,739,944,1
2025-02-12,739,946,1
2025-02-12,739,949,1
2025-02-12,739,950,1
2025-02-12,739,951,1
2025-02-12,739,954,1
2025-02-12,739,957,1
2025-02-12,740,939,1
2025-02-12,740,941,1
2025-02-12,740,942,1
2025-02-12,740,948,1
2025-02-12,740,949,1
2025-02-12,740,951,1
2025-02-12,740,953,1
2025-02-12,740,954,1
2025-02-12,740,955,1
2025-02-12,740,956,1
2025-02-12,740,958,1
2025-02-12,740,959,1
2025-02-12,741,944,1
2025-02-12,741,946,1
2025-02-12,741,948,1
2025-02-12,741,952,1
2025-02-12,741,955,1
2025-02-12,742,944,1
2025-02-12,742,945,1
2025-02-12,742,948,1
2025-02-12,742,953,1
2025-02-12,742,954,1
2025-02-12,742,955,1
2025-02-12,742,956,1
2025-02-12,742,957,1
2025-02-12,742,959,1
2025-02-12,743,949,1
2025-02-12,743,951,1
2025-02-12,743,954,1
2025-02-12,743,955,1
2025-02-12,743,956,1
2025-02-12,744,950,1
2025-02-12,744,951,1
2025-02-12,744,954,1
2025-02-12,744,955,1
2025-02-12,745,952,1
2025-02-12,745,953,1
2025-02-12,745,955,1
2025-02-12,745,956,1
2025-02-12,746,950,1
2025-02-12,746,954,1
2025-02-12,747,950,1
2025-02-12,747,951,1
2025-02-12,748,950,1
2025-02-12,748,951,1
2025-02-12,748,952,1
2025-02-12,748,953,1
2025-02-12,749,950,1
2025-02-12,749,952,1
2025-02-12,750,952,1
2025-02-12,750,953,1
2025-02-12,758,944,1
2025-02-12,759,946,1
2025-02-12,759,956,1
2025-02-12,760,946,1
2025-02-12,760,947,1
2025-02-12,705,989,0
2025-02-12,709,1002,0
2025-02-12,715,995,0
2025-02-12,728,997,0
2025-02-12,731,1019,0
2025-02-12,732,973,0
2025-02-12,732,1014,0
2025-02-12,734,963,0
2025-02-12,736,1008,0
2025-02-12,736,1019,0
2025-02-12,742,960,1
2025-02-12,742,973,0
2025-02-12,748,963,0
2025-02-12,752,995,0
2025-02-12,755,988,0
2025-02-12,757,981,0
2025-02-12,759,1023,0
2025-02-12,764,986,0
2025-02-12,704,1041,0
2025-02-12,705,1083,0
2025-02-12,707,1031,0
2025-02-12,723,1037,0
2025-02-12,726,1066,0
2025-02-12,727,1039,0
2025-02-12,720,1096,0
2025-02-12,742,1089,0
2025-02-12,750,1097,0
2025-02-12,768,1011,0
2025-02-12,768,1014,0
2025-02-12,776,1006,0
2025-02-12,780,979,1
2025-02-12,782,979,1
2025-02-12,784,981,1
2025-02-12,788,993,0
2025-02-12,790,1016,0
2025-02-12,793,1011,0
2025-02-12,795,1017,0
2025-02-12,800,1011,0
2025-02-12,802,1009,0
2025-02-12,803,1023,0
2025-02-12,769,1057,0
2025-02-12,779,1038,0
2025-02-12,780,1049,0
2025-02-12,782,1040,0
2025-02-12,785,1051,0
2025-02-12,792,1058,0
2025-02-12,792,1067,0
2025-02-12,794,1085,0
2025-02-12,795,1034,0
2025-02-12,815,1050,0
2025-02-12,822,1052,1
2025-02-12,823,1044,1
2025-02-12,823,1071,1
2025-02-12,824,1043,1
2025-02-12,824,1044,1
2025-02-12,824,1051,1
2025-02-12,824,1054,1
2025-02-12,825,1052,1
2025-02-12,825,1054,1
2025-02-12,825,1055,1
2025-02-12,826,1046,1
2025-02-12,826,1054,1
2025-02-12,826,1056,1
2025-02-12,826,1058,1
2025-02-12,827,1052,1
2025-02-12,827,1055,1
2025-02-12,827,1060,1
2025-02-12,829,1063,0
2025-02-12,769,1098,0
2025-02-12,771,1093,0
2025-02-12,777,1117,1
2025-02-12,779,1117,1
2025-02-22,59,312,0
2025-02-22,48,333,0
2025-02-22,55,322,0
2025-02-22,60,357,0
2025-02-22,85,307,0
2025-02-22,102,315,0
2025-02-22,68,336,0
2025-02-22,71,327,0
2025-02-22,71,381,0
2025-02-22,81,337,0
2025-02-22,85,351,0
2025-02-22,95,379,0
2025-02-22,100,322,0
2025-02-22,100,349,0
2025-02-22,104,355,0
2025-02-22,106,342,0
2025-02-22,110,368,0
2025-02-22,115,361,0
2025-02-22,115,372,0
2025-02-22,118,326,0
2025-02-22,127,367,0
2025-02-22,92,386,0
2025-02-22,93,420,0
2025-02-22,94,400,0
2025-02-22,97,404,0
2025-02-22,106,389,0
2025-02-22,108,417,0
2025-02-22,120,400,0
2025-02-22,102,481,0
2025-02-22,103,450,0
2025-02-22,126,515,0
2025-02-22,127,637,0
2025-02-22,77,672,0
2025-02-22,81,676,0
2025-02-22,90,684,0
2025-02-22,91,664,0
2025-02-22,92,691,0
2025-02-22,97,700,0
2025-02-22,99,667,0
2025-02-22,114,694,0
2025-02-22,74,705,0
2025-02-22,104,710,0
2025-02-22,129,365,0
2025-02-22,132,379,0
2025-02-22,140,359,0
2025-02-22,166,374,0
2025-02-22,171,381,0
2025-02-22,136,413,0
2025-02-22,143,385,0
2025-02-22,144,388,0
2025-02-22,153,388,0
2025-02-22,154,447,0
2025-02-22,155,404,0
2025-02-22,157,424,0
2025-02-22,164,436,0
2025-02-22,164,439,0
2025-02-22,128,486,0
2025-02-22,130,480,0
2025-02-22,132,502,0
2025-02-22,133,485,0
2025-02-22,136,454,0
2025-02-22,148,494,0
2025-02-22,157,449,0
2025-02-22,173,487,0
2025-02-22,176,461,0
2025-02-22,179,472,0
2025-02-22,146,526,0
2025-02-22,147,518,0
2025-02-22,147,532,0
2025-02-22,157,559,0
2025-02-22,169,543,0
2025-02-22,173,551,0
2025-02-22,179,536,0
2025-02-22,180,515,0
2025-02-22,191,565,0
2025-02-22,151,631,0
2025-02-22,152,586,0
2025-02-22,162,586,0
2025-02-22,174,605,0
2025-02-22,181,621,0
2025-02-22,182,635,0
2025-02-22,185,630,0
2025-02-22,191,606,0
2025-02-22,139,648,0
2025-02-22,148,673,0
2025-02-22,157,641,0
2025-02-22,162,644,0
2025-02-22,165,665,0
2025-02-22,170,650,0
2025-02-22,172,646,0
2025-02-22,174,680,0
2025-02-22,183,663,0
2025-02-22,191,661,0
2025-02-22,130,707,0
2025-02-22,137,716,0
2025-02-22,191,732,0
2025-02-22,207,386,0
2025-02-22,210,390,0
2025-02-22,211,434,0
2025-02-22,215,442,0
2025-02-22,217,399,0
2025-02-22,231,394,0
2025-02-22,202,495,0
2025-02-22,213,498,0
2025-02-22,225,507,0
2025-02-22,197,572,0
2025-02-22,198,548,0
2025-02-22,210,515,0
2025-02-22,211,522,0
2025-02-22,211,540,0
2025-02-22,220,535,0
2025-02-22,228,563,0
2025-02-22,232,565,0
2025-02-22,240,547,0
2025-02-22,242,535,0
2025-02-22,242,558,0
2025-02-22,252,561,0
2025-02-22,253,562,0
2025-02-22,253,572,0
2025-02-22,201,624,0
2025-02-22,207,617,0
2025-02-22,208,604,0
2025-02-22,215,628,0
2025-02-22,218,593,0
2025-02-22,218,602,0
2025-02-22,218,610,0
2025-02-22,221,593,0
2025-02-22,222,584,0
2025-02-22,225,610,0
2025-02-22,232,605,0
2025-02-22,248,586,0
2025-02-22,248,631,0
2025-02-22,249,584,0
2025-02-22,253,607,0
2025-02-22,254,578,0
2025-02-22,203,651,0
2025-02-22,206,651,0
2025-02-22,207,640,0
2025-02-22,210,644,0
2025-02-22,212,684,0
2025-02-22,213,664,0
2025-02-22,213,692,0
2025-02-22,216,667,0
2025-02-22,233,685,0
2025-02-22,235,657,0
2025-02-22,261,573,0
2025-02-22,263,575,0
2025-02-22,275,572,0
2025-02-22,282,571,0
2025-02-22,293,550,0
2025-02-22,301,567,0
2025-02-22,308,549,0
2025-02-22,316,551,0
2025-02-22,317,560,0
2025-02-22,260,577,0
2025-02-22,261,611,0
2025-02-22,267,586,0
2025-02-22,267,620,0
2025-02-22,268,576,0
2025-02-22,269,608,0
2025-02-22,273,601,0
2025-02-22,290,602,0
2025-02-22,291,605,0
2025-02-22,297,585,0
2025-02-22,298,588,0
2025-02-22,302,633,0
2025-02-22,303,603,0
2025-02-22,316,623,0
2025-02-22,261,662,0
2025-02-22,269,686,0
2025-02-22,272,644,0
2025-02-22,285,657,0
2025-02-22,303,694,0
2025-02-22,316,692,0
2025-02-22,316,698,0
2025-02-22,319,663,0
2025-02-22,319,693,0
2025-02-22,264,742,0
2025-02-22,272,731,0
2025-02-22,275,710,0
2025-02-22,275,726,0
2025-02-22,275,752,0
2025-02-22,276,709,0
2025-02-22,277,718,0
2025-02-22,289,725,0
2025-02-22,293,740,0
2025-02-22,309,714,0
2025-02-22,317,767,0
2025-02-22,321,633,0
2025-02-22,323,609,0
2025-02-22,332,621,0
2025-02-22,345,592,0
2025-02-22,352,599,0
2025-02-22,325,693,0
2025-02-22,349,686,0
2025-02-22,324,718,0
2025-02-22,324,751,0
2025-02-22,327,741,0
2025-02-22,337,730,0
2025-02-22,341,718,0
2025-02-22,342,746,0
2025-02-22,342,748,0
2025-02-22,345,732,0
2025-02-22,346,730,0
2025-02-22,349,751,0
2025-02-22,354,743,0
2025-02-22,361,717,0
2025-02-22,365,721,0
2025-02-22,366,754,0
2025-02-22,372,742,0
2025-02-22,375,717,0
2025-02-22,385,738,0
2025-02-22,393,716,0
2025-02-22,393,764,0
2025-02-22,402,712,0
2025-02-22,412,713,0
2025-02-22,412,720,0
2025-02-22,432,735,0
2025-02-22,435,741,0
2025-02-22,436,744,0
2025-02-22,437,730,0
2025-02-22,437,747,0
2025-02-22,441,766,0
2025-02-22,447,763,0
2025-02-22,419,783,0
2025-02-22,421,791,0
2025-02-22,425,801,0
2025-02-22,433,778,0
2025-02-22,434,804,0
2025-02-22,440,777,0
2025-02-22,456,775,0
2025-02-22,468,781,0
2025-02-22,478,810,0
2025-02-22,479,806,0
2025-02-22,492,786,0
2025-02-22,497,805,0
2025-02-22,498,811,0
2025-02-22,478,847,0
2025-02-22,481,867,0
2025-02-22,491,846,0
2025-02-22,500,876,0
2025-02-22,502,872,0
2025-02-22,505,902,0
2025-02-22,511,898,0
2025-02-22,524,807,0
2025-02-22,533,824,0
2025-02-22,533,828,0
2025-02-22,512,851,0
2025-02-22,534,868,0
2025-02-22,541,856,0
2025-02-22,553,872,0
2025-02-22,554,874,0
2025-02-22,556,856,0
2025-02-22,572,841,0
2025-02-22,573,860,0
2025-02-22,517,897,0
2025-02-22,518,898,0
2025-02-22,522,896,0
2025-02-22,547,958,0
2025-02-22,550,921,0
2025-02-22,552,923,0
2025-02-22,537,964,0
2025-02-22,528,1075,0
2025-02-22,551,1040,0
2025-02-22,552,1039,0
2025-02-22,571,1073,0
2025-02-22,574,1076,0
2025-02-22,531,1094,0
2025-02-22,543,1150,0
2025-02-22,549,1117,0
2025-02-22,550,1099,0
2025-02-22,555,1142,0
2025-02-22,563,1107,0
2025-02-22,563,1111,0
2025-02-22,576,874,0
2025-02-22,591,887,0
2025-02-22,619,876,0
2025-02-22,628,877,0
2025-02-22,632,882,0
2025-02-22,634,889,0
2025-02-22,581,907,0
2025-02-22,586,904,0
2025-02-22,605,925,0
2025-02-22,606,959,0
2025-02-22,621,943,0
2025-02-22,621,959,0
2025-02-22,635,914,0
2025-02-22,638,938,0
2025-02-22,638,958,0
2025-02-22,583,993,0
2025-02-22,585,978,0
2025-02-22,600,1020,0
2025-02-22,609,993,0
2025-02-22,614,980,0
2025-02-22,614,1021,0
2025-02-22,618,999,0
2025-02-22,620,986,0
2025-02-22,630,1008,0
2025-02-22,634,1006,0
2025-02-22,636,974,0
2025-02-22,636,1009,0
2025-02-22,637,972,0
2025-02-22,580,1057,0
2025-02-22,588,1041,0
2025-02-22,589,1066,0
2025-02-22,590,1072,0
2025-02-22,602,1066,0
2025-02-22,604,1029,0
2025-02-22,611,1049,0
2025-02-22,611,1070,0
2025-02-22,616,1065,0
2025-02-22,631,1033,0
2025-02-22,588,1123,0
2025-02-22,604,1109,0
2025-02-22,624,1103,0
2025-02-22,629,1098,0
2025-02-22,630,1111,0
2025-02-22,634,1123,0
2025-02-22,661,884,0
2025-02-22,651,952,0
2025-02-22,655,941,0
2025-02-22,655,957,0
2025-02-22,670,899,0
2025-02-22,670,902,0
2025-02-22,675,920,0
2025-02-22,682,942,0
2025-02-22,683,940,0
2025-02-22,687,947,0
2025-02-22,687,955,0
2025-02-22,693,952,0
2025-02-22,640,969,0
2025-02-22,648,987,0
2025-02-22,657,985,0
2025-02-22,659,994,0
2025-02-22,659,1009,0
2025-02-22,665,989,0
2025-02-22,670,1014,0
2025-02-22,680,965,0
2025-02-22,682,968,0
2025-02-22,686,1000,0
2025-02-22,690,985,0
2025-02-22,691,1008,0
2025-02-22,644,1072,0
2025-02-22,644,1086,0
2025-02-22,646,1083,0
2025-02-22,647,1032,0
2025-02-22,666,1067,0
2025-02-22,678,1061,0
2025-02-22,680,1043,0
2025-02-22,693,1025,0
2025-02-22,654,1104,0
2025-02-22,687,1102,0
2025-02-22,688,1109,0
2025-02-22,708,952,0
2025-02-22,747,955,0
2025-02-22,722,962,0
2025-02-22,733,999,0
2025-02-22,742,1001,0
2025-02-22,743,1014,0
2025-02-22,744,1002,0
2025-02-22,762,1023,0
2025-02-22,763,963,0
2025-02-22,705,1034,0
2025-02-22,705,1086,0
2025-02-22,715,1066,0
2025-02-22,716,1079,0
2025-02-22,719,1080,0
2025-02-22,724,1076,0
2025-02-22,728,1057,0
2025-02-22,729,1040,0
2025-02-22,741,1050,0
2025-02-22,741,1053,0
2025-02-22,741,1085,0
2025-02-22,742,1074,0
2025-02-22,743,1034,0
2025-02-22,753,1051,0
2025-02-22,756,1082,0
2025-02-22,749,1095,0
2025-02-22,753,1110,0
2025-02-22,756,1096,0
2025-02-22,774,996,0
2025-02-22,778,1014,0
2025-02-22,781,1001,0
2025-02-22,784,984,0
2025-02-22,787,1003,0
2025-02-22,796,989,0
2025-02-22,801,1018,0
2025-02-22,768,1048,0
2025-02-22,776,1028,0
2025-02-22,778,1029,0
2025-02-22,779,1059,0
2025-02-22,785,1033,0
2025-02-22,787,1082,0
2025-02-22,788,1044,0
2025-02-22,788,1087,0
2025-02-22,790,1086,0
2025-02-22,793,1056,0
2025-02-22,795,1051,0
2025-02-22,803,1067,0
2025-02-22,807,1064,0
2025-02-27,33,320,0
2025-02-27,50,335,0
2025-02-27,56,336,0
2025-02-27,68,356,0
2025-02-27,73,336,0
2025-02-27,74,353,0
2025-02-27,75,334,0
2025-02-27,80,340,0
2025-02-27,93,372,0
2025-02-27,99,364,0
2025-02-27,103,352,0
2025-02-27,107,325,0
2025-02-27,126,379,0
2025-02-27,94,409,0
2025-02-27,105,402,0
2025-02-27,108,392,0
2025-02-27,110,390,0
2025-02-27,110,402,0
2025-02-27,115,438,0
2025-02-27,125,423,0
2025-02-27,104,462,0
2025-02-27,105,487,0
2025-02-27,108,486,0
2025-02-27,109,504,0
2025-02-27,121,515,0
2025-02-27,84,684,0
2025-02-27,84,693,0
2025-02-27,85,690,0
2025-02-27,90,678,0
2025-02-27,104,681,0
2025-02-27,114,647,0
2025-02-27,119,646,0
2025-02-27,94,705,0
2025-02-27,95,707,0
2025-02-27,126,704,0
2025-02-27,131,364,0
2025-02-27,132,356,0
2025-02-27,135,363,0
2025-02-27,144,355,0
2025-02-27,144,362,0
2025-02-27,151,373,0
2025-02-27,176,383,0
2025-02-27,130,436,0
2025-02-27,130,446,0
2025-02-27,151,408,0
2025-02-27,157,424,0
2025-02-27,158,404,0
2025-02-27,164,434,0
2025-02-27,168,386,0
2025-02-27,175,401,0
2025-02-27,175,409,0
2025-02-27,177,392,0
2025-02-27,189,399,0
2025-02-27,134,452,0
2025-02-27,137,497,0
2025-02-27,143,461,0
2025-02-27,144,482,0
2025-02-27,153,492,0
2025-02-27,167,471,0
2025-02-27,171,504,0
2025-02-27,176,456,0
2025-02-27,178,508,0
2025-02-27,132,519,0
2025-02-27,135,566,0
2025-02-27,136,542,0
2025-02-27,150,529,0
2025-02-27,153,551,0
2025-02-27,161,520,0
2025-02-27,161,565,0
2025-02-27,174,557,0
2025-02-27,174,574,0
2025-02-27,178,523,0
2025-02-27,179,575,0
2025-02-27,180,523,0
2025-02-27,186,518,0
2025-02-27,189,524,0
2025-02-27,191,529,0
2025-02-27,154,606,0
2025-02-27,160,602,0
2025-02-27,173,594,0
2025-02-27,181,586,0
2025-02-27,134,702,0
2025-02-27,139,674,0
2025-02-27,141,672,0
2025-02-27,162,642,0
2025-02-27,177,681,0
2025-02-27,180,675,0
2025-02-27,184,643,0
2025-02-27,191,670,0
2025-02-27,206,377,0
2025-02-27,222,363,0
2025-02-27,227,370,0
2025-02-27,215,426,0
2025-02-27,223,385,0
2025-02-27,203,455,0
2025-02-27,196,572,0
2025-02-27,202,540,0
2025-02-27,205,524,0
2025-02-27,209,513,0
2025-02-27,209,514,0
2025-02-27,217,554,0
2025-02-27,247,551,0
2025-02-27,251,545,0
2025-02-27,194,632,0
2025-02-27,195,622,0
2025-02-27,197,576,0
2025-02-27,199,583,0
2025-02-27,201,629,0
2025-02-27,209,622,0
2025-02-27,228,617,0
2025-02-27,241,629,0
2025-02-27,242,579,0
2025-02-27,248,588,0
2025-02-27,254,623,0
2025-02-27,255,581,0
2025-02-27,255,617,0
2025-02-27,205,662,0
2025-02-27,210,655,0
2025-02-27,221,699,0
2025-02-27,225,654,0
2025-02-27,227,692,0
2025-02-27,244,663,0
2025-02-27,256,561,0
2025-02-27,264,556,0
2025-02-27,293,552,0
2025-02-27,293,568,0
2025-02-27,305,553,0
2025-02-27,309,564,0
2025-02-27,260,602,0
2025-02-27,263,607,0
2025-02-27,264,589,0
2025-02-27,270,595,0
2025-02-27,275,605,0
2025-02-27,276,637,0
2025-02-27,281,637,0
2025-02-27,288,634,0
2025-02-27,290,596,0
2025-02-27,310,617,0
2025-02-27,318,613,0
2025-02-27,265,657,0
2025-02-27,272,695,0
2025-02-27,294,664,0
2025-02-27,294,678,0
2025-02-27,295,663,0
2025-02-27,301,666,0
2025-02-27,305,643,0
2025-02-27,309,677,0
2025-02-27,315,699,0
2025-02-27,277,752,0
2025-02-27,286,722,0
2025-02-27,286,736,0
2025-02-27,287,755,0
2025-02-27,291,706,0
2025-02-27,291,732,0
2025-02-27,295,716,0
2025-02-27,296,738,0
2025-02-27,300,727,0
2025-02-27,300,736,0
2025-02-27,306,722,0
2025-02-27,306,729,0
2025-02-27,332,591,0
2025-02-27,334,602,0
2025-02-27,343,580,0
2025-02-27,349,587,0
2025-02-27,375,683,0
2025-02-27,320,706,0
2025-02-27,334,721,0
2025-02-27,341,713,0
2025-02-27,342,744,0
2025-02-27,359,707,0
2025-02-27,366,707,0
2025-02-27,368,756,0
2025-02-27,373,767,0
2025-02-27,389,722,0
2025-02-27,396,747,0
2025-02-27,407,755,0
2025-02-27,427,716,0
2025-02-27,428,733,0
2025-02-27,429,762,0
2025-02-27,435,754,0
2025-02-27,438,740,0
2025-02-27,387,776,0
2025-02-27,397,772,0
2025-02-27,424,796,0
2025-02-27,425,805,0
2025-02-27,427,793,0
2025-02-27,442,784,0
2025-02-27,448,782,0
2025-02-27,474,777,0
2025-02-27,479,818,0
2025-02-27,483,800,0
2025-02-27,490,804,0
2025-02-27,492,786,0
2025-02-27,492,795,0
2025-02-27,493,826,0
2025-02-27,503,792,0
2025-02-27,507,795,0
2025-02-27,509,820,0
2025-02-27,466,845,0
2025-02-27,478,877,0
2025-02-27,491,849,0
2025-02-27,501,843,0
2025-02-27,507,851,0
2025-02-27,509,861,0
2025-02-27,508,910,0
2025-02-27,525,808,0
2025-02-27,528,830,0
2025-02-27,514,873,0
2025-02-27,520,842,0
2025-02-27,521,870,0
2025-02-27,532,884,0
2025-02-27,537,853,0
2025-02-27,557,841,0
2025-02-27,559,876,0
2025-02-27,567,864,0
2025-02-27,569,889,0
2025-02-27,571,892,0
2025-02-27,516,908,0
2025-02-27,519,927,0
2025-02-27,525,903,0
2025-02-27,538,913,0
2025-02-27,544,902,0
2025-02-27,544,938,0
2025-02-27,552,918,0
2025-02-27,557,943,0
2025-02-27,568,959,0
2025-02-27,573,917,0
2025-02-27,574,917,0
2025-02-27,547,1013,0
2025-02-27,551,1016,0
2025-02-27,561,980,0
2025-02-27,563,987,0
2025-02-27,566,993,0
2025-02-27,568,960,0
2025-02-27,546,1052,0
2025-02-27,548,1027,0
2025-02-27,560,1030,0
2025-02-27,563,1063,0
2025-02-27,567,1083,0
2025-02-27,522,1090,0
2025-02-27,524,1095,0
2025-02-27,542,1137,0
2025-02-27,543,1142,0
2025-02-27,544,1132,0
2025-02-27,552,1124,0
2025-02-27,558,1137,0
2025-02-27,561,1123,0
2025-02-27,567,1110,0
2025-02-27,574,1109,0
2025-02-27,575,1095,0
2025-02-27,575,1131,0
2025-02-27,546,1181,0
2025-02-27,549,1165,0
2025-02-27,553,1170,0
2025-02-27,554,1175,0
2025-02-27,556,1152,0
2025-02-27,557,1162,0
2025-02-27,558,1158,0
2025-02-27,595,894,0
2025-02-27,610,894,0
2025-02-27,625,892,0
2025-02-27,592,901,0
2025-02-27,593,941,0
2025-02-27,598,911,0
2025-02-27,606,913,0
2025-02-27,608,915,0
2025-02-27,610,915,0
2025-02-27,611,956,0
2025-02-27,630,915,0
2025-02-27,630,958,0
2025-02-27,637,904,0
2025-02-27,639,940,0
2025-02-27,585,989,0
2025-02-27,585,1016,0
2025-02-27,595,1011,0
2025-02-27,612,970,0
2025-02-27,612,991,0
2025-02-27,627,1022,0
2025-02-27,633,997,0
2025-02-27,639,980,0
2025-02-27,581,1027,0
2025-02-27,585,1042,0
2025-02-27,586,1083,0
2025-02-27,587,1038,0
2025-02-27,587,1086,0
2025-02-27,591,1087,0
2025-02-27,616,1047,0
2025-02-27,623,1080,0
2025-02-27,624,1041,0
2025-02-27,626,1076,0
2025-02-27,627,1073,0
2025-02-27,629,1054,0
2025-02-27,631,1026,0
2025-02-27,634,1083,0
2025-02-27,584,1120,0
2025-02-27,591,1122,0
2025-02-27,591,1127,0
2025-02-27,606,1115,0
2025-02-27,616,1096,0
2025-02-27,638,1113,0
2025-02-27,577,1154,0
2025-02-27,642,881,0
2025-02-27,644,874,0
2025-02-27,645,885,0
2025-02-27,644,944,0
2025-02-27,649,944,0
2025-02-27,650,913,0
2025-02-27,654,927,0
2025-02-27,656,912,0
2025-02-27,658,928,0
2025-02-27,665,923,0
2025-02-27,689,951,0
2025-02-27,700,933,0
2025-02-27,701,918,0
2025-02-27,656,1004,0
2025-02-27,660,966,0
2025-02-27,671,996,0
2025-02-27,677,965,0
2025-02-27,677,989,0
2025-02-27,677,1010,0
2025-02-27,694,1008,0
2025-02-27,697,965,0
2025-02-27,700,972,0
2025-02-27,644,1043,0
2025-02-27,659,1079,0
2025-02-27,664,1036,0
2025-02-27,666,1085,0
2025-02-27,671,1049,0
2025-02-27,671,1074,0
2025-02-27,672,1060,0
2025-02-27,673,1060,0
2025-02-27,677,1067,0
2025-02-27,681,1058,0
2025-02-27,682,1032,0
2025-02-27,682,1037,0
2025-02-27,685,1035,0
2025-02-27,685,1049,0
2025-02-27,694,1063,0
2025-02-27,699,1046,0
2025-02-27,656,1105,0
2025-02-27,666,1106,0
2025-02-27,672,1093,0
2025-02-27,676,1118,0
2025-02-27,688,1123,0
2025-02-27,691,1109,0
2025-02-27,706,891,0
2025-02-27,708,899,0
2025-02-27,719,931,0
2025-02-27,733,954,0
2025-02-27,734,948,0
2025-02-27,750,959,0
2025-02-27,766,959,0
2025-02-27,704,995,0
2025-02-27,713,963,0
2025-02-27,713,1011,0
2025-02-27,715,1020,0
2025-02-27,719,982,0
2025-02-27,727,966,0
2025-02-27,729,1006,0
2025-02-27,730,1002,0
2025-02-27,731,983,0
2025-02-27,741,984,0
2025-02-27,744,963,0
2025-02-27,744,1016,0
2025-02-27,745,977,0
2025-02-27,751,978,0
2025-02-27,756,1018,0
2025-02-27,759,971,0
2025-02-27,720,1051,0
2025-02-27,725,1032,0
2025-02-27,741,1077,0
2025-02-27,743,1072,0
2025-02-27,757,1087,0
2025-02-27,761,1027,0
2025-02-27,761,1050,0
2025-02-27,710,1102,0
2025-02-27,721,1105,0
2025-02-27,730,1111,0
2025-02-27,735,1113,0
2025-02-27,737,1092,0
2025-02-27,737,1111,0
2025-02-27,752,1109,0
2025-02-27,755,1105,0
2025-02-27,768,957,0
2025-02-27,768,1022,0
2025-02-27,778,989,0
2025-02-27,781,987,0
2025-02-27,794,1017,0
2025-02-27,804,1017,0
2025-02-27,769,1052,0
2025-02-27,771,1085,0
2025-02-27,774,1034,0
2025-02-27,783,1032,0
2025-02-27,783,1076,0
2025-02-27,801,1045,0
2025-02-27,811,1086,0
2025-02-27,821,1073,0
2025-02-27,829,1067,0
2025-02-27,807,1092,0
2025-02-27,812,1092,0
2025-03-04,46,309,0
2025-03-04,55,307,1
2025-03-04,49,339,0
2025-03-04,51,348,0
2025-03-04,63,371,0
2025-03-04,63,378,0
2025-03-04,72,308,0
2025-03-04,80,301,1
2025-03-04,103,314,0
2025-03-04,109,315,1
2025-03-04,113,319,1
2025-03-04,67,356,0
2025-03-04,68,340,0
2025-03-04,69,339,0
2025-03-04,73,366,0
2025-03-04,82,383,0
2025-03-04,92,355,0
2025-03-04,93,344,0
2025-03-04,96,340,0
2025-03-04,111,351,0
2025-03-04,112,364,0
2025-03-04,114,353,0
2025-03-04,120,341,1
2025-03-04,120,380,0
2025-03-04,121,341,1
2025-03-04,123,377,0
2025-03-04,126,343,1
2025-03-04,127,374,0
2025-03-04,85,387,0
2025-03-04,89,416,0
2025-03-04,92,408,0
2025-03-04,92,418,0
2025-03-04,95,415,0
2025-03-04,111,438,0
2025-03-04,112,388,0
2025-03-04,116,386,0
2025-03-04,116,410,0
2025-03-04,120,482,0
2025-03-04,123,467,0
2025-03-04,123,472,0
2025-03-04,124,519,0
2025-03-04,84,684,0
2025-03-04,85,685,0
2025-03-04,87,671,0
2025-03-04,91,703,0
2025-03-04,94,678,0
2025-03-04,96,656,0
2025-03-04,99,687,0
2025-03-04,117,697,0
2025-03-04,125,688,0
2025-03-04,127,683,0
2025-03-04,127,718,0
2025-03-04,139,361,0
2025-03-04,139,363,0
2025-03-04,147,357,0
2025-03-04,147,378,0
2025-03-04,162,356,1
2025-03-04,164,358,1
2025-03-04,172,376,0
2025-03-04,174,377,0
2025-03-04,187,356,1
2025-03-04,132,416,0
2025-03-04,138,445,0
2025-03-04,149,396,0
2025-03-04,150,397,0
2025-03-04,150,398,0
2025-03-04,157,396,0
2025-03-04,159,391,0
2025-03-04,166,398,0
2025-03-04,168,393,0
2025-03-04,172,426,0
2025-03-04,172,442,0
2025-03-04,175,424,0
2025-03-04,180,384,0
2025-03-04,190,387,0
2025-03-04,128,490,0
2025-03-04,129,457,0
2025-03-04,148,467,0
2025-03-04,149,476,0
2025-03-04,161,467,0
2025-03-04,163,489,0
2025-03-04,166,452,0
2025-03-04,174,448,0
2025-03-04,175,449,0
2025-03-04,131,538,0
2025-03-04,133,527,0
2025-03-04,135,542,0
2025-03-04,143,551,0
2025-03-04,146,560,0
2025-03-04,146,575,0
2025-03-04,148,531,0
2025-03-04,151,512,0
2025-03-04,151,543,0
2025-03-04,153,525,0
2025-03-04,168,543,0
2025-03-04,172,558,0
2025-03-04,173,517,0
2025-03-04,182,534,0
2025-03-04,141,583,0
2025-03-04,150,580,0
2025-03-04,158,600,0
2025-03-04,159,629,0
2025-03-04,161,577,0
2025-03-04,165,614,0
2025-03-04,177,581,0
2025-03-04,177,591,0
2025-03-04,178,626,0
2025-03-04,130,692,0
2025-03-04,131,693,0
2025-03-04,132,661,0
2025-03-04,136,699,0
2025-03-04,146,664,0
2025-03-04,149,659,0
2025-03-04,151,668,0
2025-03-04,183,681,1
2025-03-04,187,672,0
2025-03-04,192,353,1
2025-03-04,197,353,0
2025-03-04,212,362,1
2025-03-04,212,364,1
2025-03-04,213,358,1
2025-03-04,214,364,1
2025-03-04,215,359,1
2025-03-04,216,371,0
2025-03-04,224,377,0
2025-03-04,238,371,0
2025-03-04,197,402,0
2025-03-04,232,431,0
2025-03-04,234,433,0
2025-03-04,196,466,0
2025-03-04,196,560,0
2025-03-04,199,528,0
2025-03-04,202,538,0
2025-03-04,203,563,0
2025-03-04,213,521,0
2025-03-04,213,548,0
2025-03-04,218,533,0
2025-03-04,220,555,0
2025-03-04,222,558,0
2025-03-04,233,562,0
2025-03-04,242,572,0
2025-03-04,245,560,0
2025-03-04,192,578,0
2025-03-04,194,622,0
2025-03-04,203,635,0
2025-03-04,212,599,0
2025-03-04,212,631,0
2025-03-04,213,590,0
2025-03-04,213,618,0
2025-03-04,216,624,0
2025-03-04,219,624,0
2025-03-04,222,636,0
2025-03-04,225,584,0
2025-03-04,225,635,0
2025-03-04,238,617,0
2025-03-04,240,628,0
2025-03-04,243,581,0
2025-03-04,247,596,0
2025-03-04,247,637,0
2025-03-04,248,601,0
2025-03-04,252,586,0
2025-03-04,194,647,0
2025-03-04,224,650,0
2025-03-04,226,643,0
2025-03-04,226,658,0
2025-03-04,227,646,0
2025-03-04,231,640,0
2025-03-04,235,644,0
2025-03-04,239,652,0
2025-03-04,247,661,0
2025-03-04,248,657,0
2025-03-04,253,669,0
2025-03-04,209,716,0
2025-03-04,210,716,0
2025-03-04,263,575,0
2025-03-04,318,563,0
2025-03-04,264,622,0
2025-03-04,265,582,0
2025-03-04,269,618,0
2025-03-04,272,624,0
2025-03-04,280,590,0
2025-03-04,314,629,1
2025-03-04,317,632,1
2025-03-04,256,675,0
2025-03-04,258,663,0
2025-03-04,269,655,0
2025-03-04,270,655,0
2025-03-04,273,667,0
2025-03-04,280,703,0
2025-03-04,284,673,0
2025-03-04,293,658,1
2025-03-04,293,665,1
2025-03-04,294,662,1
2025-03-04,298,650,1
2025-03-04,298,651,1
2025-03-04,301,659,0
2025-03-04,306,701,0
2025-03-04,312,700,0
2025-03-04,263,753,0
2025-03-04,271,757,0
2025-03-04,278,732,0
2025-03-04,282,743,0
2025-03-04,285,715,0
2025-03-04,297,759,0
2025-03-04,300,748,0
2025-03-04,310,756,0
2025-03-04,312,714,0
2025-03-04,315,706,0
2025-03-04,320,634,1
2025-03-04,323,635,1
2025-03-04,324,585,0
2025-03-04,325,636,1
2025-03-04,329,634,0
2025-03-04,336,625,1
2025-03-04,336,626,1
2025-03-04,339,597,0
2025-03-04,352,578,0
2025-03-04,355,588,1
2025-03-04,357,583,1
2025-03-04,359,580,1
2025-03-04,359,584,1
2025-03-04,360,576,1
2025-03-04,360,579,1
2025-03-04,361,581,1
2025-03-04,355,698,0
2025-03-04,366,698,0
2025-03-04,375,689,0
2025-03-04,324,750,0
2025-03-04,326,725,0
2025-03-04,328,722,0
2025-03-04,330,747,0
2025-03-04,334,748,0
2025-03-04,336,726,0
2025-03-04,339,743,0
2025-03-04,343,725,0
2025-03-04,367,748,0
2025-03-04,371,707,0
2025-03-04,372,720,0
2025-03-04,378,750,0
2025-03-04,381,726,0
2025-03-04,385,693,0
2025-03-04,410,703,0
2025-03-04,384,745,0
2025-03-04,384,761,0
2025-03-04,384,763,0
2025-03-04,388,753,0
2025-03-04,393,766,0
2025-03-04,399,711,0
2025-03-04,407,754,0
2025-03-04,414,728,0
2025-03-04,425,763,0
2025-03-04,427,730,0
2025-03-04,433,726,0
2025-03-04,444,761,0
2025-03-04,390,770,0
2025-03-04,420,781,0
2025-03-04,436,786,0
2025-03-04,443,791,0
2025-03-04,452,758,0
2025-03-04,467,779,0
2025-03-04,471,779,0
2025-03-04,473,799,0
2025-03-04,490,801,0
2025-03-04,494,805,0
2025-03-04,461,846,0
2025-03-04,468,876,0
2025-03-04,476,869,0
2025-03-04,480,875,0
2025-03-04,484,866,0
2025-03-04,505,880,0
2025-03-04,509,863,0
2025-03-04,510,854,0
2025-03-04,504,917,0
2025-03-04,515,805,0
2025-03-04,516,806,0
2025-03-04,521,821,0
2025-03-04,512,895,0
2025-03-04,514,849,0
2025-03-04,522,871,0
2025-03-04,524,854,0
2025-03-04,527,837,0
2025-03-04,535,832,0
2025-03-04,535,892,0
2025-03-04,544,842,0
2025-03-04,556,855,0
2025-03-04,566,888,0
2025-03-04,569,842,0
2025-03-04,517,912,0
2025-03-04,522,900,0
2025-03-04,524,899,0
2025-03-04,527,909,0
2025-03-04,534,929,0
2025-03-04,539,937,0
2025-03-04,545,898,0
2025-03-04,547,908,0
2025-03-04,550,943,0
2025-03-04,552,932,0
2025-03-04,561,912,0
2025-03-04,565,897,0
2025-03-04,572,916,0
2025-03-04,550,1011,0
2025-03-04,562,977,0
2025-03-04,565,972,0
2025-03-04,522,1074,0
2025-03-04,524,1078,0
2025-03-04,540,1077,0
2025-03-04,549,1050,0
2025-03-04,553,1059,0
2025-03-04,573,1026,0
2025-03-04,575,1062,0
2025-03-04,523,1095,0
2025-03-04,538,1096,0
2025-03-04,540,1150,0
2025-03-04,559,1097,0
2025-03-04,572,1128,0
2025-03-04,575,1130,0
2025-03-04,542,1181,0
2025-03-04,556,1181,0
2025-03-04,564,1162,0
2025-03-04,569,1163,0
2025-03-04,584,895,0
2025-03-04,586,854,0
2025-03-04,587,887,0
2025-03-04,589,870,0
2025-03-04,621,873,1
2025-03-04,625,873,1
2025-03-04,626,873,1
2025-03-04,629,872,1
2025-03-04,632,892,1
2025-03-04,634,874,1
2025-03-04,638,872,1
2025-03-04,638,875,0
2025-03-04,638,884,0
2025-03-04,582,920,0
2025-03-04,584,905,0
2025-03-04,591,948,0
2025-03-04,598,905,0
2025-03-04,599,928,0
2025-03-04,600,900,0
2025-03-04,612,910,0
2025-03-04,621,917,0
2025-03-04,625,924,0
2025-03-04,577,1014,0
2025-03-04,578,988,0
2025-03-04,586,1020,0
2025-03-04,589,1001,0
2025-03-04,593,981,0
2025-03-04,594,965,0
2025-03-04,603,1005,0
2025-03-04,612,1022,0
2025-03-04,615,960,1
2025-03-04,615,1008,0
2025-03-04,631,999,0
2025-03-04,576,1027,0
2025-03-04,586,1039,0
2025-03-04,604,1057,0
2025-03-04,611,1035,0
2025-03-04,623,1041,0
2025-03-04,638,1079,0
2025-03-04,588,1100,0
2025-03-04,595,1128,0
2025-03-04,609,1092,0
2025-03-04,622,1090,0
2025-03-04,640,872,1
2025-03-04,640,878,0
2025-03-04,641,872,1
2025-03-04,666,891,0
2025-03-04,668,894,0
2025-03-04,641,921,0
2025-03-04,649,953,0
2025-03-04,651,938,0
2025-03-04,652,925,0
2025-03-04,657,923,0
2025-03-04,673,923,0
2025-03-04,673,937,0
2025-03-04,682,923,0
2025-03-04,686,930,0
2025-03-04,643,1019,0
2025-03-04,644,1000,0
2025-03-04,646,1021,0
2025-03-04,652,1022,0
2025-03-04,674,967,0
2025-03-04,678,1012,0
2025-03-04,686,1017,0
2025-03-04,694,977,0
2025-03-04,695,998,0
2025-03-04,698,1000,0
2025-03-04,700,1009,0
2025-03-04,702,981,0
2025-03-04,703,1007,0
2025-03-04,644,1063,1
2025-03-04,646,1065,0
2025-03-04,647,1061,1
2025-03-04,655,1050,0
2025-03-04,658,1066,0
2025-03-04,662,1075,0
2025-03-04,675,1057,0
2025-03-04,682,1042,0
2025-03-04,683,1061,0
2025-03-04,683,1085,0
2025-03-04,685,1024,0
2025-03-04,687,1026,0
2025-03-04,692,1056,0
2025-03-04,693,1032,0
2025-03-04,695,1068,0
2025-03-04,647,1090,0
2025-03-04,649,1094,0
2025-03-04,649,1123,0
2025-03-04,668,1098,0
2025-03-04,673,1100,1
2025-03-04,675,1098,1
2025-03-04,705,908,0
2025-03-04,720,957,0
2025-03-04,723,922,0
2025-03-04,734,946,0
2025-03-04,736,934,0
2025-03-04,739,950,0
2025-03-04,718,1017,0
2025-03-04,728,986,0
2025-03-04,729,1016,0
2025-03-04,732,967,0
2025-03-04,736,998,1
2025-03-04,737,995,1
2025-03-04,738,998,1
2025-03-04,739,994,1
2025-03-04,739,999,1
2025-03-04,740,987,1
2025-03-04,740,989,1
2025-03-04,740,991,1
2025-03-04,740,996,1
2025-03-04,741,968,0
2025-03-04,742,985,1
2025-03-04,742,987,1
2025-03-04,742,994,1
2025-03-04,742,1000,0
2025-03-04,744,993,1
2025-03-04,744,994,1
2025-03-04,744,1009,1
2025-03-04,745,994,1
2025-03-04,745,1006,1
2025-03-04,745,1010,1
2025-03-04,745,1011,1
2025-03-04,747,988,1
2025-03-04,747,1011,1
2025-03-04,748,990,1
2025-03-04,748,991,1
2025-03-04,748,1023,1
2025-03-04,749,989,1
2025-03-04,749,1015,1
2025-03-04,749,1017,1
2025-03-04,750,1014,1
2025-03-04,751,1020,1
2025-03-04,752,1008,0
2025-03-04,753,999,0
2025-03-04,758,1019,0
2025-03-04,760,1008,0
2025-03-04,762,979,0
2025-03-04,763,1018,0
2025-03-04,708,1084,0
2025-03-04,710,1073,1
2025-03-04,712,1076,1
2025-03-04,713,1076,1
2025-03-04,714,1072,1
2025-03-04,714,1074,1
2025-03-04,715,1072,1
2025-03-04,715,1076,1
2025-03-04,716,1075,1
2025-03-04,716,1076,1
2025-03-04,717,1066,0
2025-03-04,717,1073,1
2025-03-04,717,1075,1
2025-03-04,718,1080,1
2025-03-04,719,1074,1
2025-03-04,721,1071,1
2025-03-04,722,1071,1
2025-03-04,722,1072,1
2025-03-04,722,1074,1
2025-03-04,722,1081,1
2025-03-04,723,1038,0
2025-03-04,723,1080,1
2025-03-04,723,1085,1
2025-03-04,724,1050,0
2025-03-04,724,1067,1
2025-03-04,724,1077,1
2025-03-04,724,1079,1
2025-03-04,725,1072,1
2025-03-04,725,1084,1
2025-03-04,726,1072,1
2025-03-04,726,1075,1
2025-03-04,727,1064,1
2025-03-04,727,1069,1
2025-03-04,727,1072,1
2025-03-04,727,1077,1
2025-03-04,727,1086,1
2025-03-04,728,1060,1
2025-03-04,728,1064,1
2025-03-04,728,1087,1
2025-03-04,729,1065,1
2025-03-04,729,1067,1
2025-03-04,729,1075,1
2025-03-04,729,1078,1
2025-03-04,730,1056,1
2025-03-04,730,1062,1
2025-03-04,730,1071,1
2025-03-04,730,1072,1
2025-03-04,730,1074,1
2025-03-04,730,1077,1
2025-03-04,731,1049,1
2025-03-04,731,1050,1
2025-03-04,731,1056,1
2025-03-04,731,1061,1
2025-03-04,731,1063,1
2025-03-04,731,1073,1
2025-03-04,731,1079,1
2025-03-04,731,1080,1
2025-03-04,732,1063,1
2025-03-04,732,1065,1
2025-03-04,732,1077,1
2025-03-04,733,1047,1
2025-03-04,733,1055,1
2025-03-04,733,1060,1
2025-03-04,733,1068,1
2025-03-04,734,1063,1
2025-03-04,734,1076,1
2025-03-04,734,1078,1
2025-03-04,734,1079,1
2025-03-04,734,1082,1
2025-03-04,735,1040,1
2025-03-04,735,1052,1
2025-03-04,735,1065,1
2025-03-04,735,1079,1
2025-03-04,735,1081,1
2025-03-04,735,1083,1
2025-03-04,735,1087,1
2025-03-04,736,1042,1
2025-03-04,736,1052,1
2025-03-04,736,1069,1
2025-03-04,737,1037,1
2025-03-04,737,1039,1
2025-03-04,737,1067,1
2025-03-04,737,1078,1
2025-03-04,737,1083,1
2025-03-04,738,1053,1
2025-03-04,738,1057,1
2025-03-04,738,1058,1
2025-03-04,738,1076,1
2025-03-04,738,1077,1
2025-03-04,739,1039,1
2025-03-04,739,1068,1
2025-03-04,739,1072,1
2025-03-04,740,1044,1
2025-03-04,740,1051,1
2025-03-04,740,1052,1
2025-03-04,740,1066,1
2025-03-04,740,1075,1
2025-03-04,740,1082,1
2025-03-04,741,1050,1
2025-03-04,741,1075,1
2025-03-04,741,1076,1
2025-03-04,741,1078,1
2025-03-04,741,1085,1
2025-03-04,742,1035,1
2025-03-04,742,1036,1
2025-03-04,742,1040,1
2025-03-04,742,1051,1
2025-03-04,742,1058,1
2025-03-04,742,1063,1
2025-03-04,742,1086,1
2025-03-04,743,1032,1
2025-03-04,743,1034,1
2025-03-04,743,1040,1
2025-03-04,743,1042,1
2025-03-04,743,1045,1
2025-03-04,743,1062,1
2025-03-04,743,1064,1
2025-03-04,743,1066,1
2025-03-04,743,1076,1
2025-03-04,743,1084,1
2025-03-04,744,1034,1
2025-03-04,744,1048,1
2025-03-04,744,1057,1
2025-03-04,745,1028,0
2025-03-04,745,1032,1
2025-03-04,745,1038,1
2025-03-04,745,1039,1
2025-03-04,745,1041,1
2025-03-04,745,1053,1
2025-03-04,745,1065,1
2025-03-04,746,1033,1
2025-03-04,746,1034,1
2025-03-04,746,1035,1
2025-03-04,746,1045,1
2025-03-04,746,1072,1
2025-03-04,746,1073,1
2025-03-04,746,1076,1
2025-03-04,746,1078,1
2025-03-04,747,1031,1
2025-03-04,747,1038,1
2025-03-04,747,1056,1
2025-03-04,747,1066,1
2025-03-04,747,1067,1
2025-03-04,747,1070,1
2025-03-04,747,1075,1
2025-03-04,747,1087,1
2025-03-04,748,1051,1
2025-03-04,748,1066,1
2025-03-04,748,1069,1
2025-03-04,748,1072,1
2025-03-04,748,1078,1
2025-03-04,749,1041,1
2025-03-04,749,1044,1
2025-03-04,749,1067,1
2025-03-04,750,1037,1
2025-03-04,750,1055,1
2025-03-04,751,1046,1
2025-03-04,751,1056,1
2025-03-04,751,1071,1
2025-03-04,752,1031,1
2025-03-04,752,1046,1
2025-03-04,752,1067,1
2025-03-04,752,1071,1
2025-03-04,753,1039,1
2025-03-04,753,1042,0
2025-03-04,753,1070,1
2025-03-04,754,1038,1
2025-03-04,755,1027,0
2025-03-04,758,1039,1
2025-03-04,759,1036,1
2025-03-04,759,1037,1
2025-03-04,759,1064,1
2025-03-04,759,1066,1
2025-03-04,760,1032,1
2025-03-04,760,1035,1
2025-03-04,760,1046,1
2025-03-04,761,1040,1
2025-03-04,761,1046,1
2025-03-04,762,1036,1
2025-03-04,764,1047,1
2025-03-04,764,1065,1
2025-03-04,765,1081,0
2025-03-04,766,1036,1
2025-03-04,714,1094,1
2025-03-04,716,1093,1
2025-03-04,717,1095,1
2025-03-04,717,1106,1
2025-03-04,719,1096,1
2025-03-04,719,1103,1
2025-03-04,719,1106,1
2025-03-04,720,1106,1
2025-03-04,721,1097,1
2025-03-04,721,1099,1
2025-03-04,721,1106,1
2025-03-04,722,1099,1
2025-03-04,722,1100,1
2025-03-04,722,1101,1
2025-03-04,722,1102,1
2025-03-04,722,1104,1
2025-03-04,723,1088,1
2025-03-04,723,1091,1
2025-03-04,723,1095,1
2025-03-04,723,1098,1
2025-03-04,724,1095,1
2025-03-04,724,1104,1
2025-03-04,724,1105,1
2025-03-04,725,1093,1
2025-03-04,725,1110,1
2025-03-04,726,1088,1
2025-03-04,726,1099,1
2025-03-04,726,1109,1
2025-03-04,727,1091,1
2025-03-04,727,1092,1
2025-03-04,727,1095,1
2025-03-04,727,1099,1
2025-03-04,727,1102,1
2025-03-04,727,1107,1
2025-03-04,729,1096,1
2025-03-04,729,1104,1
2025-03-04,730,1093,1
2025-03-04,731,1089,1
2025-03-04,731,1100,1
2025-03-04,732,1098,1
2025-03-04,732,1099,1
2025-03-04,733,1098,1
2025-03-04,733,1113,1
2025-03-04,734,1093,1
2025-03-04,734,1100,1
2025-03-04,734,1103,1
2025-03-04,734,1108,1
2025-03-04,735,1089,1
2025-03-04,735,1091,1
2025-03-04,735,1097,1
2025-03-04,735,1103,1
2025-03-04,735,1108,1
2025-03-04,736,1090,1
2025-03-04,736,1092,1
2025-03-04,736,1099,1
2025-03-04,738,1098,1
2025-03-04,739,1096,1
2025-03-04,739,1099,1
2025-03-04,739,1102,1
2025-03-04,740,1091,1
2025-03-04,740,1095,1
2025-03-04,740,1097,1
2025-03-04,740,1104,1
2025-03-04,741,1096,1
2025-03-04,741,1097,1
2025-03-04,742,1089,1
2025-03-04,743,1092,1
2025-03-04,745,1088,1
2025-03-04,746,1089,1
2025-03-04,747,1089,1
2025-03-04,748,1092,1
2025-03-04,749,1092,1
2025-03-04,749,1112,0
2025-03-04,760,1111,0
2025-03-04,775,943,0
2025-03-04,777,949,1
2025-03-04,771,1012,0
2025-03-04,779,979,0
2025-03-04,771,1048,0
2025-03-04,776,1084,0
2025-03-04,783,1087,1
2025-03-04,784,1045,0
2025-03-04,784,1087,1
2025-03-04,787,1082,1
2025-03-04,787,1083,1
2025-03-04,789,1084,1
2025-03-04,790,1079,1
2025-03-04,791,1077,1
2025-03-04,791,1080,1
2025-03-04,793,1079,1
2025-03-04,793,1083,1
2025-03-04,794,1080,1
2025-03-04,795,1080,1
2025-03-04,795,1083,1
2025-03-04,797,1078,1
2025-03-04,797,1083,1
2025-03-04,798,1077,1
2025-03-04,798,1083,1
2025-03-04,799,1078,1
2025-03-04,799,1079,1
2025-03-04,799,1081,1
2025-03-04,800,1075,1
2025-03-04,800,1083,1
2025-03-04,801,1065,1
2025-03-04,801,1081,1
2025-03-04,802,1073,1
2025-03-04,802,1081,1
2025-03-04,802,1083,1
2025-03-04,803,1071,1
2025-03-04,803,1074,1
2025-03-04,804,1071,1
2025-03-04,805,1067,1
2025-03-04,805,1069,1
2025-03-04,805,1074,1
2025-03-04,805,1081,1
2025-03-04,806,1070,1
2025-03-04,809,1067,1
2025-03-04,809,1080,1
2025-03-04,809,1082,1
2025-03-04,812,1083,1
2025-03-04,820,1043,1
2025-03-04,820,1056,0
2025-03-04,821,1043,1
2025-03-04,823,1044,1
2025-03-04,824,1080,1
2025-03-04,826,1054,1
2025-03-04,826,1067,1
2025-03-04,827,1072,1
2025-03-04,828,1058,1
2025-03-04,829,1063,1
2025-03-04,773,1107,0
2025-03-04,777,1097,0
2025-03-04,781,1094,0
2025-03-04,781,1109,1
2025-03-04,782,1109,1
2025-03-04,783,1097,0
2025-03-04,783,1105,1
2025-03-04,783,1110,1
2025-03-04,784,1109,1
2025-03-04,785,1102,1
2025-03-04,785,1105,1
2025-03-04,786,1107,1
2025-03-04,788,1108,1
2025-03-04,790,1095,1
2025-03-04,790,1098,1
2025-03-04,790,1103,1
2025-03-04,792,1095,1
2025-03-04,793,1088,1
2025-03-04,793,1089,1
2025-03-04,793,1095,1
2025-03-04,793,1098,1
2025-03-04,794,1088,1
2025-03-04,795,1089,1
2025-03-04,795,1093,1
2025-03-04,797,1091,1
2025-03-04,797,1092,1
2025-03-04,798,1088,1
2025-03-04,800,1090,1
2025-03-04,804,1090,1
2025-03-09,42,314,0
2025-03-09,44,309,1
2025-03-09,50,351,0
2025-03-09,51,325,0
2025-03-09,62,354,0
2025-03-09,87,310,0
2025-03-09,90,316,0
2025-03-09,69,325,0
2025-03-09,70,356,0
2025-03-09,72,353,0
2025-03-09,84,383,0
2025-03-09,97,346,0
2025-03-09,106,354,0
2025-03-09,107,325,0
2025-03-09,124,352,0
2025-03-09,124,374,0
2025-03-09,127,353,0
2025-03-09,97,394,0
2025-03-09,109,387,0
2025-03-09,111,385,0
2025-03-09,103,462,0
2025-03-09,111,511,0
2025-03-09,120,483,0
2025-03-09,125,478,0
2025-03-09,73,681,0
2025-03-09,82,698,0
2025-03-09,95,685,0
2025-03-09,109,700,0
2025-03-09,111,652,0
2025-03-09,117,674,0
2025-03-09,121,675,0
2025-03-09,125,701,0
2025-03-09,126,679,0
2025-03-09,127,703,0
2025-03-09,122,706,0
2025-03-09,138,361,0
2025-03-09,181,370,0
2025-03-09,184,349,0
2025-03-09,129,387,0
2025-03-09,132,433,0
2025-03-09,135,417,0
2025-03-09,146,406,0
2025-03-09,147,385,0
2025-03-09,156,397,0
2025-03-09,158,413,0
2025-03-09,161,417,0
2025-03-09,172,434,0
2025-03-09,177,434,0
2025-03-09,185,402,0
2025-03-09,132,461,0
2025-03-09,134,471,0
2025-03-09,146,480,0
2025-03-09,153,491,0
2025-03-09,153,501,0
2025-03-09,157,462,0
2025-03-09,158,503,0
2025-03-09,166,492,0
2025-03-09,191,485,0
2025-03-09,141,575,0
2025-03-09,155,546,0
2025-03-09,160,538,0
2025-03-09,160,568,0
2025-03-09,172,522,0
2025-03-09,174,550,0
2025-03-09,184,553,0
2025-03-09,188,563,0
2025-03-09,189,554,0
2025-03-09,163,614,0
2025-03-09,164,610,0
2025-03-09,168,632,0
2025-03-09,174,628,0
2025-03-09,179,577,0
2025-03-09,180,578,0
2025-03-09,180,639,0
2025-03-09,182,602,0
2025-03-09,184,581,0
2025-03-09,188,632,0
2025-03-09,191,625,0
2025-03-09,135,644,0
2025-03-09,138,689,0
2025-03-09,163,670,0
2025-03-09,178,649,0
2025-03-09,184,670,0
2025-03-09,189,653,0
2025-03-09,186,732,0
2025-03-09,188,712,0
2025-03-09,189,713,0
2025-03-09,203,362,1
2025-03-09,203,378,1
2025-03-09,203,383,1
2025-03-09,204,379,0
2025-03-09,218,369,0
2025-03-09,219,365,0
2025-03-09,230,361,0
2025-03-09,233,372,0
2025-03-09,197,410,0
2025-03-09,201,446,0
2025-03-09,203,447,0
2025-03-09,228,419,0
2025-03-09,229,410,0
2025-03-09,236,386,0
2025-03-09,200,500,0
2025-03-09,197,551,0
2025-03-09,198,555,0
2025-03-09,201,513,0
2025-03-09,203,542,0
2025-03-09,209,517,0
2025-03-09,210,570,0
2025-03-09,217,558,0
2025-03-09,220,556,0
2025-03-09,221,525,0
2025-03-09,226,540,0
2025-03-09,237,521,0
2025-03-09,245,568,0
2025-03-09,250,566,0
2025-03-09,252,570,0
2025-03-09,196,605,0
2025-03-09,196,618,0
2025-03-09,201,594,0
2025-03-09,201,621,0
2025-03-09,202,624,0
2025-03-09,214,636,0
2025-03-09,222,617,0
2025-03-09,228,634,0
2025-03-09,236,609,0
2025-03-09,239,619,0
2025-03-09,242,621,0
2025-03-09,252,580,0
2025-03-09,198,646,0
2025-03-09,200,666,0
2025-03-09,202,641,0
2025-03-09,205,685,0
2025-03-09,209,653,0
2025-03-09,217,692,0
2025-03-09,220,687,0
2025-03-09,246,668,0
2025-03-09,196,726,0
2025-03-09,216,708,0
2025-03-09,217,710,0
2025-03-09,263,569,0
2025-03-09,279,558,0
2025-03-09,281,570,0
2025-03-09,290,559,0
2025-03-09,256,635,0
2025-03-09,259,628,0
2025-03-09,265,600,0
2025-03-09,269,624,0
2025-03-09,274,627,0
2025-03-09,278,594,0
2025-03-09,288,595,0
2025-03-09,290,581,0
2025-03-09,302,639,0
2025-03-09,309,606,0
2025-03-09,266,653,0
2025-03-09,272,679,0
2025-03-09,273,696,0
2025-03-09,288,665,0
2025-03-09,294,682,0
2025-03-09,295,684,0
2025-03-09,295,689,0
2025-03-09,300,696,0
2025-03-09,307,643,0
2025-03-09,308,652,0
2025-03-09,310,656,0
2025-03-09,314,672,0
2025-03-09,317,683,0
2025-03-09,318,682,0
2025-03-09,270,730,0
2025-03-09,273,758,0
2025-03-09,275,716,0
2025-03-09,278,707,0
2025-03-09,284,718,0
2025-03-09,319,775,0
2025-03-09,322,548,0
2025-03-09,323,629,0
2025-03-09,325,579,0
2025-03-09,328,633,0
2025-03-09,335,580,0
2025-03-09,336,618,0
2025-03-09,345,613,0
2025-03-09,320,678,0
2025-03-09,328,690,0
2025-03-09,329,731,0
2025-03-09,335,736,0
2025-03-09,336,749,0
2025-03-09,337,704,0
2025-03-09,338,709,0
2025-03-09,347,747,0
2025-03-09,348,709,0
2025-03-09,367,739,0
2025-03-09,370,707,0
2025-03-09,377,741,0
2025-03-09,381,731,0
2025-03-09,324,776,0
2025-03-09,389,693,0
2025-03-09,386,745,0
2025-03-09,386,758,0
2025-03-09,389,755,0
2025-03-09,397,744,0
2025-03-09,401,730,0
2025-03-09,408,744,0
2025-03-09,418,716,0
2025-03-09,430,724,0
2025-03-09,430,758,0
2025-03-09,431,721,0
2025-03-09,440,744,0
2025-03-09,417,803,0
2025-03-09,432,800,0
2025-03-09,436,803,0
2025-03-09,461,762,0
2025-03-09,451,800,0
2025-03-09,455,771,0
2025-03-09,469,795,0
2025-03-09,474,777,0
2025-03-09,489,789,0
2025-03-09,494,816,0
2025-03-09,472,855,0
2025-03-09,503,862,0
2025-03-09,505,839,0
2025-03-09,510,865,0
2025-03-09,508,903,0
2025-03-09,532,823,0
2025-03-09,513,838,0
2025-03-09,515,851,0
2025-03-09,534,883,0
2025-03-09,537,885,0
2025-03-09,548,845,0
2025-03-09,551,889,0
2025-03-09,574,869,0
2025-03-09,532,929,0
2025-03-09,534,902,0
2025-03-09,541,935,0
2025-03-09,547,906,0
2025-03-09,555,923,0
2025-03-09,556,947,0
2025-03-09,558,930,0
2025-03-09,559,898,0
2025-03-09,559,926,0
2025-03-09,560,899,0
2025-03-09,568,920,0
2025-03-09,575,902,0
2025-03-09,539,961,0
2025-03-09,545,1005,0
2025-03-09,545,1010,0
2025-03-09,550,1004,0
2025-03-09,563,1022,0
2025-03-09,569,974,0
2025-03-09,529,1062,0
2025-03-09,538,1036,0
2025-03-09,538,1061,0
2025-03-09,538,1080,0
2025-03-09,549,1076,0
2025-03-09,556,1057,0
2025-03-09,563,1067,0
2025-03-09,566,1059,0
2025-03-09,574,1026,0
2025-03-09,534,1091,0
2025-03-09,540,1107,0
2025-03-09,541,1127,0
2025-03-09,552,1127,0
2025-03-09,553,1131,0
2025-03-09,554,1114,0
2025-03-09,569,1121,0
2025-03-09,582,858,0
2025-03-09,590,882,0
2025-03-09,620,876,0
2025-03-09,576,957,0
2025-03-09,577,927,0
2025-03-09,581,907,0
2025-03-09,583,911,0
2025-03-09,589,919,0
2025-03-09,604,933,0
2025-03-09,606,922,0
2025-03-09,617,905,0
2025-03-09,619,925,0
2025-03-09,628,954,0
2025-03-09,629,908,0
2025-03-09,631,902,0
2025-03-09,633,907,0
2025-03-09,634,941,0
2025-03-09,577,985,0
2025-03-09,584,985,0
2025-03-09,586,979,0
2025-03-09,588,1001,0
2025-03-09,593,1011,0
2025-03-09,596,972,0
2025-03-09,602,993,0
2025-03-09,611,978,0
2025-03-09,614,1017,0
2025-03-09,621,1019,0
2025-03-09,631,975,0
2025-03-09,633,1006,0
2025-03-09,576,1039,0
2025-03-09,581,1084,0
2025-03-09,585,1081,0
2025-03-09,599,1083,0
2025-03-09,606,1084,0
2025-03-09,609,1086,0
2025-03-09,614,1047,0
2025-03-09,623,1029,0
2025-03-09,627,1042,0
2025-03-09,627,1048,0
2025-03-09,629,1030,0
2025-03-09,630,1049,0
2025-03-09,631,1024,0
2025-03-09,632,1078,0
2025-03-09,638,1050,0
2025-03-09,639,1038,0
2025-03-09,576,1126,0
2025-03-09,579,1132,0
2025-03-09,586,1127,0
2025-03-09,590,1123,0
2025-03-09,612,1092,0
2025-03-09,612,1103,0
2025-03-09,623,1132,0
2025-03-09,652,894,0
2025-03-09,676,887,0
2025-03-09,648,903,0
2025-03-09,653,908,0
2025-03-09,655,920,0
2025-03-09,661,949,0
2025-03-09,667,940,0
2025-03-09,668,904,0
2025-03-09,687,932,0
2025-03-09,689,898,0
2025-03-09,690,913,0
2025-03-09,691,907,0
2025-03-09,691,923,0
2025-03-09,693,922,0
2025-03-09,697,919,0
2025-03-09,700,903,0
2025-03-09,651,963,0
2025-03-09,656,1023,0
2025-03-09,658,999,0
2025-03-09,664,986,0
2025-03-09,666,989,0
2025-03-09,677,1000,0
2025-03-09,679,1003,0
2025-03-09,682,1000,0
2025-03-09,686,1018,0
2025-03-09,697,997,0
2025-03-09,703,990,0
2025-03-09,703,1001,0
2025-03-09,640,1051,0
2025-03-09,649,1045,0
2025-03-09,657,1055,0
2025-03-09,657,1060,0
2025-03-09,661,1027,0
2025-03-09,664,1024,0
2025-03-09,671,1061,0
2025-03-09,674,1063,0
2025-03-09,675,1083,0
2025-03-09,642,1092,0
2025-03-09,645,1093,0
2025-03-09,649,1093,0
2025-03-09,704,934,0
2025-03-09,712,900,0
2025-03-09,712,952,0
2025-03-09,723,935,0
2025-03-09,761,948,0
2025-03-09,707,993,0
2025-03-09,708,1004,0
2025-03-09,711,992,0
2025-03-09,718,977,0
2025-03-09,725,998,0
2025-03-09,730,997,0
2025-03-09,730,1004,0
2025-03-09,739,994,0
2025-03-09,742,1023,0
2025-03-09,747,997,0
2025-03-09,748,963,0
2025-03-09,753,990,0
2025-03-09,704,1075,0
2025-03-09,706,1039,0
2025-03-09,707,1080,0
2025-03-09,711,1041,0
2025-03-09,725,1086,0
2025-03-09,727,1040,0
2025-03-09,731,1055,0
2025-03-09,738,1053,0
2025-03-09,741,1045,0
2025-03-09,742,1075,0
2025-03-09,747,1046,0
2025-03-09,749,1056,0
2025-03-09,754,1036,0
2025-03-09,762,1087,0
2025-03-09,767,1044,0
2025-03-09,706,1088,0
2025-03-09,777,949,0
2025-03-09,770,1017,0
2025-03-09,771,962,0
2025-03-09,771,968,0
2025-03-09,783,1007,0
2025-03-09,796,1008,0
2025-03-09,800,1010,0
2025-03-09,771,1063,0
2025-03-09,794,1024,0
2025-03-09,798,1039,0
2025-03-09,800,1072,0
2025-03-09,811,1057,0
2025-03-09,768,1099,0
2025-03-09,771,1118,0
2025-03-09,772,1089,0
2025-03-09,802,1092,0
2025-03-14,37,319,0
2025-03-14,56,326,0
2025-03-14,91,316,0
2025-03-14,93,316,0
2025-03-14,71,378,0
2025-03-14,78,374,0
2025-03-14,92,345,0
2025-03-14,105,361,0
2025-03-14,105,373,0
2025-03-14,107,342,0
2025-03-14,116,327,0
2025-03-14,120,353,0
2025-03-14,79,386,0
2025-03-14,99,422,0
2025-03-14,100,417,0
2025-03-14,106,486,0
2025-03-14,125,478,0
2025-03-14,81,691,0
2025-03-14,88,698,0
2025-03-14,95,685,0
2025-03-14,109,695,0
2025-03-14,110,645,0
2025-03-14,111,671,0
2025-03-14,113,695,0
2025-03-14,116,656,0
2025-03-14,117,683,0
2025-03-14,120,665,0
2025-03-14,121,681,0
2025-03-14,98,706,0
2025-03-14,122,711,0
2025-03-14,150,361,0
2025-03-14,158,378,0
2025-03-14,162,364,0
2025-03-14,162,377,0
2025-03-14,134,410,0
2025-03-14,144,385,0
2025-03-14,148,386,0
2025-03-14,149,433,0
2025-03-14,163,416,0
2025-03-14,168,399,0
2025-03-14,170,384,0
2025-03-14,172,411,0
2025-03-14,172,443,0
2025-03-14,183,421,0
2025-03-14,129,469,0
2025-03-14,130,453,0
2025-03-14,131,467,0
2025-03-14,132,489,0
2025-03-14,135,483,0
2025-03-14,141,475,0
2025-03-14,141,507,0
2025-03-14,146,506,0
2025-03-14,157,466,0
2025-03-14,170,508,0
2025-03-14,173,490,0
2025-03-14,176,488,0
2025-03-14,188,487,0
2025-03-14,189,498,0
2025-03-14,129,527,0
2025-03-14,144,537,0
2025-03-14,153,532,0
2025-03-14,159,552,0
2025-03-14,164,556,0
2025-03-14,169,569,0
2025-03-14,170,538,0
2025-03-14,172,568,0
2025-03-14,174,549,0
2025-03-14,179,560,0
2025-03-14,184,527,0
2025-03-14,149,597,0
2025-03-14,152,599,0
2025-03-14,157,607,0
2025-03-14,164,606,0
2025-03-14,170,635,0
2025-03-14,179,597,0
2025-03-14,145,657,0
2025-03-14,155,659,0
2025-03-14,157,658,0
2025-03-14,166,669,0
2025-03-14,166,676,0
2025-03-14,170,660,0
2025-03-14,182,660,0
2025-03-14,185,733,0
2025-03-14,205,379,0
2025-03-14,219,363,0
2025-03-14,231,379,0
2025-03-14,237,380,0
2025-03-14,199,439,0
2025-03-14,205,406,0
2025-03-14,208,393,0
2025-03-14,210,397,0
2025-03-14,212,389,0
2025-03-14,219,446,0
2025-03-14,240,436,0
2025-03-14,199,489,0
2025-03-14,196,545,0
2025-03-14,203,513,0
2025-03-14,203,538,0
2025-03-14,222,524,0
2025-03-14,226,530,0
2025-03-14,239,564,0
2025-03-14,240,550,0
2025-03-14,242,528,0
2025-03-14,243,550,0
2025-03-14,243,571,0
2025-03-14,248,555,0
2025-03-14,198,600,0
2025-03-14,204,627,0
2025-03-14,212,580,0
2025-03-14,219,607,0
2025-03-14,226,630,0
2025-03-14,227,585,0
2025-03-14,227,631,0
2025-03-14,236,577,0
2025-03-14,246,626,0
2025-03-14,255,602,0
2025-03-14,193,647,0
2025-03-14,202,653,0
2025-03-14,210,697,0
2025-03-14,215,651,0
2025-03-14,228,664,0
2025-03-14,230,686,0
2025-03-14,233,693,0
2025-03-14,238,677,0
2025-03-14,241,645,0
2025-03-14,248,659,0
2025-03-14,198,723,0
2025-03-14,205,718,0
2025-03-14,271,567,0
2025-03-14,303,550,0
2025-03-14,259,639,0
2025-03-14,260,596,0
2025-03-14,265,621,0
2025-03-14,267,592,0
2025-03-14,269,610,0
2025-03-14,272,612,0
2025-03-14,277,592,0
2025-03-14,298,599,0
2025-03-14,307,577,0
2025-03-14,260,652,0
2025-03-14,277,656,0
2025-03-14,285,699,0
2025-03-14,287,688,0
2025-03-14,304,646,0
2025-03-14,305,685,0
2025-03-14,309,694,0
2025-03-14,310,696,0
2025-03-14,264,753,0
2025-03-14,278,732,0
2025-03-14,293,709,0
2025-03-14,296,732,0
2025-03-14,300,744,0
2025-03-14,301,708,0
2025-03-14,302,731,0
2025-03-14,310,724,0
2025-03-14,311,755,0
2025-03-14,312,732,0
2025-03-14,314,739,0
2025-03-14,315,727,0
2025-03-14,315,728,0
2025-03-14,317,736,0
2025-03-14,317,776,0
2025-03-14,324,567,0
2025-03-14,333,565,0
2025-03-14,337,572,0
2025-03-14,320,634,0
2025-03-14,334,602,0
2025-03-14,339,579,0
2025-03-14,350,603,0
2025-03-14,326,694,0
2025-03-14,336,696,0
2025-03-14,345,694,0
2025-03-14,361,688,0
2025-03-14,322,707,0
2025-03-14,323,708,0
2025-03-14,323,756,0
2025-03-14,325,709,0
2025-03-14,332,746,0
2025-03-14,334,717,0
2025-03-14,335,720,0
2025-03-14,337,750,0
2025-03-14,347,762,0
2025-03-14,348,739,0
2025-03-14,349,760,0
2025-03-14,374,764,0
2025-03-14,379,744,0
2025-03-14,381,733,0
2025-03-14,332,769,0
2025-03-14,345,770,0
2025-03-14,385,697,0
2025-03-14,390,692,0
2025-03-14,385,753,0
2025-03-14,393,756,0
2025-03-14,395,707,0
2025-03-14,401,766,0
2025-03-14,404,718,0
2025-03-14,405,761,0
2025-03-14,413,756,0
2025-03-14,415,712,0
2025-03-14,417,736,0
2025-03-14,435,760,0
2025-03-14,393,774,0
2025-03-14,415,790,0
2025-03-14,420,785,0
2025-03-14,421,805,0
2025-03-14,430,787,0
2025-03-14,447,769,0
2025-03-14,450,758,0
2025-03-14,455,767,0
2025-03-14,449,787,0
2025-03-14,460,782,0
2025-03-14,477,812,0
2025-03-14,482,804,0
2025-03-14,484,816,0
2025-03-14,496,791,0
2025-03-14,507,821,0
2025-03-14,508,798,0
2025-03-14,471,874,0
2025-03-14,472,883,0
2025-03-14,477,874,0
2025-03-14,486,878,0
2025-03-14,491,846,0
2025-03-14,500,876,0
2025-03-14,508,872,0
2025-03-14,509,884,0
2025-03-14,510,878,0
2025-03-14,530,816,0
2025-03-14,533,820,0
2025-03-14,534,824,0
2025-03-14,546,823,0
2025-03-14,516,893,0
2025-03-14,520,894,0
2025-03-14,526,877,0
2025-03-14,527,882,0
2025-03-14,539,833,0
2025-03-14,555,884,0
2025-03-14,565,890,0
2025-03-14,567,839,0
2025-03-14,573,856,0
2025-03-14,517,930,0
2025-03-14,518,917,0
2025-03-14,519,918,0
2025-03-14,523,919,0
2025-03-14,529,897,0
2025-03-14,542,905,0
2025-03-14,544,933,0
2025-03-14,551,901,0
2025-03-14,555,909,0
2025-03-14,567,909,0
2025-03-14,567,911,0
2025-03-14,570,951,0
2025-03-14,571,934,0
2025-03-14,572,943,0
2025-03-14,554,1005,0
2025-03-14,555,1020,0
2025-03-14,557,976,0
2025-03-14,559,989,0
2025-03-14,566,1016,0
2025-03-14,569,1011,0
2025-03-14,570,973,0
2025-03-14,574,974,0
2025-03-14,538,1038,0
2025-03-14,546,1043,0
2025-03-14,548,1048,0
2025-03-14,553,1070,0
2025-03-14,570,1086,0
2025-03-14,573,1055,0
2025-03-14,574,1063,0
2025-03-14,575,1058,0
2025-03-14,545,1106,0
2025-03-14,550,1151,0
2025-03-14,557,1138,0
2025-03-14,561,1088,0
2025-03-14,566,1100,0
2025-03-14,573,1111,0
2025-03-14,545,1182,0
2025-03-14,582,858,0
2025-03-14,586,893,0
2025-03-14,597,879,0
2025-03-14,624,877,0
2025-03-14,628,878,0
2025-03-14,576,952,0
2025-03-14,577,925,0
2025-03-14,586,944,0
2025-03-14,594,896,0
2025-03-14,594,908,0
2025-03-14,595,950,0
2025-03-14,601,898,0
2025-03-14,602,953,0
2025-03-14,607,936,0
2025-03-14,611,897,0
2025-03-14,612,947,0
2025-03-14,613,915,0
2025-03-14,615,955,0
2025-03-14,628,933,0
2025-03-14,637,957,0
2025-03-14,580,963,0
2025-03-14,605,965,0
2025-03-14,605,993,0
2025-03-14,606,1018,0
2025-03-14,615,1009,0
2025-03-14,620,1016,0
2025-03-14,638,991,0
2025-03-14,639,1023,0
2025-03-14,589,1074,0
2025-03-14,598,1069,0
2025-03-14,603,1052,0
2025-03-14,604,1037,0
2025-03-14,606,1051,0
2025-03-14,608,1026,0
2025-03-14,613,1086,0
2025-03-14,618,1045,0
2025-03-14,626,1043,0
2025-03-14,631,1060,0
2025-03-14,636,1078,0
2025-03-14,638,1050,0
2025-03-14,578,1094,0
2025-03-14,579,1112,0
2025-03-14,581,1122,0
2025-03-14,583,1100,0
2025-03-14,591,1130,0
2025-03-14,597,1122,0
2025-03-14,634,1114,0
2025-03-14,653,894,0
2025-03-14,660,877,0
2025-03-14,665,872,0
2025-03-14,649,959,0
2025-03-14,653,927,0
2025-03-14,653,943,0
2025-03-14,655,919,0
2025-03-14,662,896,0
2025-03-14,662,933,0
2025-03-14,683,950,0
2025-03-14,685,937,0
2025-03-14,686,935,0
2025-03-14,647,967,0
2025-03-14,654,989,0
2025-03-14,667,988,0
2025-03-14,677,984,0
2025-03-14,692,1010,0
2025-03-14,695,1020,0
2025-03-14,697,966,0
2025-03-14,644,1035,0
2025-03-14,648,1053,0
2025-03-14,652,1073,0
2025-03-14,654,1033,0
2025-03-14,663,1051,0
2025-03-14,667,1069,0
2025-03-14,676,1060,0
2025-03-14,689,1054,0
2025-03-14,658,1115,0
2025-03-14,671,1089,0
2025-03-14,671,1116,0
2025-03-14,682,1089,0
2025-03-14,707,919,0
2025-03-14,709,909,0
2025-03-14,713,928,0
2025-03-14,722,935,0
2025-03-14,723,945,0
2025-03-14,732,941,0
2025-03-14,735,959,0
2025-03-14,715,980,0
2025-03-14,725,1023,0
2025-03-14,726,967,0
2025-03-14,727,971,0
2025-03-14,738,1023,0
2025-03-14,745,994,0
2025-03-14,760,965,0
2025-03-14,760,977,0
2025-03-14,762,964,0
2025-03-14,763,1017,0
2025-03-14,705,1059,0
2025-03-14,706,1072,0
2025-03-14,710,1028,0
2025-03-14,715,1070,0
2025-03-14,719,1045,0
2025-03-14,723,1072,0
2025-03-14,726,1055,0
2025-03-14,731,1062,0
2025-03-14,737,1066,0
2025-03-14,742,1035,0
2025-03-14,757,1062,0
2025-03-14,720,1096,0
2025-03-14,747,1088,0
2025-03-14,748,1115,1
2025-03-14,755,1095,0
2025-03-14,771,957,0
2025-03-14,778,952,0
2025-03-14,771,992,0
2025-03-14,795,1017,0
2025-03-14,771,1069,0
2025-03-14,771,1071,0
2025-03-14,774,1035,0
2025-03-14,787,1024,0
2025-03-14,799,1063,0
2025-03-14,806,1060,0
2025-03-14,812,1061,0
2025-03-14,820,1047,0
2025-03-14,826,1056,1
2025-03-14,827,1055,1
2025-03-14,795,1102,0
2025-03-14,809,1089,0
2025-03-14,812,1089,0
2025-03-19,63,312,0
2025-03-19,43,320,0
2025-03-19,45,333,0
2025-03-19,54,356,0
2025-03-19,55,349,0
2025-03-19,59,363,0
2025-03-19,65,306,1
2025-03-19,102,314,0
2025-03-19,71,357,0
2025-03-19,78,337,0
2025-03-19,78,371,0
2025-03-19,79,367,0
2025-03-19,84,342,0
2025-03-19,90,360,0
2025-03-19,96,326,0
2025-03-19,119,331,0
2025-03-19,127,355,0
2025-03-19,83,384,0
2025-03-19,89,388,0
2025-03-19,89,412,0
2025-03-19,98,438,0
2025-03-19,104,412,0
2025-03-19,106,421,0
2025-03-19,119,428,0
2025-03-19,103,452,0
2025-03-19,116,454,0
2025-03-19,117,486,0
2025-03-19,79,675,0
2025-03-19,93,691,0
2025-03-19,98,696,0
2025-03-19,116,703,0
2025-03-19,124,667,0
2025-03-19,126,666,0
2025-03-19,74,710,0
2025-03-19,77,709,0
2025-03-19,120,710,0
2025-03-19,123,712,0
2025-03-19,132,349,0
2025-03-19,132,370,0
2025-03-19,174,353,0
2025-03-19,138,387,0
2025-03-19,138,397,0
2025-03-19,139,434,0
2025-03-19,143,406,0
2025-03-19,144,415,0
2025-03-19,145,442,0
2025-03-19,151,384,0
2025-03-19,153,410,0
2025-03-19,154,402,0
2025-03-19,156,422,0
2025-03-19,158,430,0
2025-03-19,168,411,0
2025-03-19,182,408,0
2025-03-19,188,416,0
2025-03-19,128,507,0
2025-03-19,131,463,0
2025-03-19,139,463,0
2025-03-19,147,504,0
2025-03-19,157,454,0
2025-03-19,173,509,0
2025-03-19,175,478,0
2025-03-19,184,498,0
2025-03-19,188,499,0
2025-03-19,135,572,0
2025-03-19,147,529,0
2025-03-19,161,562,0
2025-03-19,170,536,0
2025-03-19,170,540,0
2025-03-19,172,540,0
2025-03-19,152,594,0
2025-03-19,158,606,0
2025-03-19,162,592,0
2025-03-19,169,576,0
2025-03-19,180,633,0
2025-03-19,191,607,0
2025-03-19,136,672,0
2025-03-19,156,658,0
2025-03-19,159,643,0
2025-03-19,162,640,0
2025-03-19,163,651,0
2025-03-19,173,649,0
2025-03-19,184,678,0
2025-03-19,184,716,0
2025-03-19,196,360,0
2025-03-19,196,374,0
2025-03-19,199,366,0
2025-03-19,215,370,0
2025-03-19,219,364,0
2025-03-19,240,372,0
2025-03-19,196,414,0
2025-03-19,197,429,0
2025-03-19,198,411,0
2025-03-19,218,389,0
2025-03-19,221,446,0
2025-03-19,223,395,0
2025-03-19,228,416,0
2025-03-19,233,437,0
2025-03-19,216,450,0
2025-03-19,216,506,0
2025-03-19,192,573,0
2025-03-19,195,574,0
2025-03-19,196,522,0
2025-03-19,203,574,0
2025-03-19,204,555,0
2025-03-19,205,521,0
2025-03-19,214,521,0
2025-03-19,224,572,0
2025-03-19,231,530,0
2025-03-19,235,539,0
2025-03-19,235,552,0
2025-03-19,236,536,0
2025-03-19,252,550,0
2025-03-19,196,603,0
2025-03-19,199,616,0
2025-03-19,206,612,0
2025-03-19,221,584,0
2025-03-19,222,583,0
2025-03-19,223,639,0
2025-03-19,229,591,0
2025-03-19,230,601,0
2025-03-19,232,613,0
2025-03-19,235,594,0
2025-03-19,242,588,0
2025-03-19,246,593,0
2025-03-19,252,593,0
2025-03-19,254,630,0
2025-03-19,192,706,0
2025-03-19,195,712,0
2025-03-19,200,718,0
2025-03-19,215,708,0
2025-03-19,297,557,0
2025-03-19,317,567,0
2025-03-19,258,633,0
2025-03-19,259,637,0
2025-03-19,270,627,0
2025-03-19,271,608,0
2025-03-19,278,597,0
2025-03-19,280,637,0
2025-03-19,284,636,0
2025-03-19,289,582,0
2025-03-19,306,577,0
2025-03-19,310,636,0
2025-03-19,315,609,0
2025-03-19,279,663,0
2025-03-19,285,675,0
2025-03-19,286,688,0
2025-03-19,287,645,0
2025-03-19,288,682,0
2025-03-19,291,652,0
2025-03-19,295,640,0
2025-03-19,316,703,0
2025-03-19,276,737,0
2025-03-19,279,738,0
2025-03-19,281,759,0
2025-03-19,288,715,0
2025-03-19,293,763,0
2025-03-19,297,758,0
2025-03-19,305,765,0
2025-03-19,306,763,0
2025-03-19,314,710,0
2025-03-19,316,707,0
2025-03-19,320,570,0
2025-03-19,343,566,0
2025-03-19,321,603,0
2025-03-19,325,577,0
2025-03-19,338,611,0
2025-03-19,345,609,0
2025-03-19,323,676,0
2025-03-19,329,701,0
2025-03-19,353,698,0
2025-03-19,357,697,0
2025-03-19,359,698,0
2025-03-19,365,691,0
2025-03-19,334,758,0
2025-03-19,335,742,0
2025-03-19,355,756,0
2025-03-19,359,720,0
2025-03-19,361,755,0
2025-03-19,374,748,0
2025-03-19,384,692,0
2025-03-19,385,719,0
2025-03-19,388,746,0
2025-03-19,392,757,0
2025-03-19,414,730,0
2025-03-19,418,708,0
2025-03-19,423,721,0
2025-03-19,433,756,0
2025-03-19,397,772,0
2025-03-19,412,789,0
2025-03-19,420,774,0
2025-03-19,420,794,0
2025-03-19,420,800,0
2025-03-19,425,801,0
2025-03-19,432,799,0
2025-03-19,435,776,0
2025-03-19,440,770,0
2025-03-19,445,776,0
2025-03-19,448,799,0
2025-03-19,471,787,0
2025-03-19,477,804,0
2025-03-19,488,789,0
2025-03-19,488,790,0
2025-03-19,493,797,0
2025-03-19,503,796,0
2025-03-19,506,828,0
2025-03-19,465,851,0
2025-03-19,503,885,0
2025-03-19,528,825,0
2025-03-19,536,823,0
2025-03-19,557,827,0
2025-03-19,513,863,0
2025-03-19,514,861,0
2025-03-19,517,853,0
2025-03-19,548,885,0
2025-03-19,552,891,0
2025-03-19,555,893,0
2025-03-19,570,865,0
2025-03-19,570,869,0
2025-03-19,573,860,0
2025-03-19,573,891,0
2025-03-19,513,896,0
2025-03-19,520,936,0
2025-03-19,524,936,0
2025-03-19,530,925,0
2025-03-19,534,945,0
2025-03-19,535,936,0
2025-03-19,539,920,0
2025-03-19,543,946,0
2025-03-19,555,917,0
2025-03-19,567,922,0
2025-03-19,569,940,0
2025-03-19,565,999,0
2025-03-19,575,980,0
2025-03-19,521,1073,0
2025-03-19,524,1071,0
2025-03-19,532,1056,0
2025-03-19,546,1028,0
2025-03-19,546,1082,0
2025-03-19,547,1045,0
2025-03-19,557,1045,0
2025-03-19,561,1049,0
2025-03-19,568,1061,0
2025-03-19,570,1069,0
2025-03-19,573,1049,0
2025-03-19,573,1063,0
2025-03-19,539,1150,0
2025-03-19,545,1098,0
2025-03-19,546,1127,0
2025-03-19,548,1126,0
2025-03-19,555,1104,0
2025-03-19,564,1113,0
2025-03-19,569,1148,0
2025-03-19,570,1100,0
2025-03-19,557,1152,0
2025-03-19,579,853,0
2025-03-19,586,850,0
2025-03-19,587,882,0
2025-03-19,600,863,0
2025-03-19,611,880,0
2025-03-19,612,895,0
2025-03-19,624,882,0
2025-03-19,624,883,0
2025-03-19,635,892,0
2025-03-19,639,872,1
2025-03-19,576,918,0
2025-03-19,579,950,0
2025-03-19,584,940,0
2025-03-19,586,907,0
2025-03-19,588,912,0
2025-03-19,588,939,0
2025-03-19,599,941,0
2025-03-19,599,951,0
2025-03-19,611,912,0
2025-03-19,614,935,0
2025-03-19,624,900,0
2025-03-19,630,925,0
2025-03-19,634,915,0
2025-03-19,635,938,0
2025-03-19,638,902,0
2025-03-19,638,935,0
2025-03-19,639,933,0
2025-03-19,582,1005,0
2025-03-19,583,1003,0
2025-03-19,585,1009,0
2025-03-19,588,965,0
2025-03-19,598,967,0
2025-03-19,599,993,0
2025-03-19,604,976,0
2025-03-19,616,983,0
2025-03-19,638,990,0
2025-03-19,576,1085,0
2025-03-19,582,1059,0
2025-03-19,583,1039,0
2025-03-19,584,1026,0
2025-03-19,586,1087,0
2025-03-19,603,1074,0
2025-03-19,616,1036,0
2025-03-19,616,1068,0
2025-03-19,621,1025,0
2025-03-19,624,1039,0
2025-03-19,627,1056,0
2025-03-19,629,1032,0
2025-03-19,629,1051,0
2025-03-19,629,1085,0
2025-03-19,638,1086,0
2025-03-19,577,1097,0
2025-03-19,581,1118,0
2025-03-19,583,1090,0
2025-03-19,614,1090,0
2025-03-19,623,1131,0
2025-03-19,637,1107,0
2025-03-19,639,1128,0
2025-03-19,640,872,1
2025-03-19,642,885,0
2025-03-19,652,893,0
2025-03-19,672,892,0
2025-03-19,641,914,0
2025-03-19,650,954,0
2025-03-19,672,926,0
2025-03-19,681,928,0
2025-03-19,686,946,0
2025-03-19,686,950,0
2025-03-19,692,945,0
2025-03-19,695,910,0
2025-03-19,695,956,0
2025-03-19,696,906,0
2025-03-19,640,976,0
2025-03-19,642,964,0
2025-03-19,649,1019,0
2025-03-19,653,1017,0
2025-03-19,655,962,0
2025-03-19,668,1023,0
2025-03-19,671,970,0
2025-03-19,679,1005,0
2025-03-19,680,981,0
2025-03-19,683,1023,0
2025-03-19,685,995,0
2025-03-19,687,1013,0
2025-03-19,689,1023,0
2025-03-19,690,1022,0
2025-03-19,693,1008,0
2025-03-19,700,1013,0
2025-03-19,701,973,0
2025-03-19,703,980,0
2025-03-19,642,1024,0
2025-03-19,657,1047,0
2025-03-19,657,1054,0
2025-03-19,669,1048,0
2025-03-19,673,1026,0
2025-03-19,691,1033,0
2025-03-19,694,1085,0
2025-03-19,697,1035,0
2025-03-19,703,1025,0
2025-03-19,703,1032,0
2025-03-19,703,1083,0
2025-03-19,647,1089,0
2025-03-19,663,1093,0
2025-03-19,675,1103,0
2025-03-19,685,1116,0
2025-03-19,696,1093,0
2025-03-19,708,957,0
2025-03-19,723,917,0
2025-03-19,753,952,0
2025-03-19,716,965,0
2025-03-19,728,1020,0
2025-03-19,730,1014,0
2025-03-19,736,1013,0
2025-03-19,737,1005,0
2025-03-19,750,1004,0
2025-03-19,764,996,0
2025-03-19,708,1053,0
2025-03-19,718,1048,0
2025-03-19,718,1069,0
2025-03-19,720,1052,0
2025-03-19,722,1083,0
2025-03-19,723,1086,0
2025-03-19,733,1058,0
2025-03-19,733,1076,0
2025-03-19,737,1031,0
2025-03-19,741,1042,0
2025-03-19,749,1080,0
2025-03-19,758,1059,0
2025-03-19,777,947,1
2025-03-19,768,1005,0
2025-03-19,775,974,0
2025-03-19,806,1023,0
2025-03-19,776,1066,0
2025-03-19,777,1053,0
2025-03-19,780,1073,0
2025-03-19,782,1045,0
2025-03-19,791,1085,0
2025-03-19,801,1058,0
2025-03-19,810,1074,0
2025-03-19,811,1064,0
2025-03-19,815,1072,0
2025-03-19,817,1068,0
2025-03-19,818,1076,0
2025-03-19,769,1102,0
2025-03-19,779,1101,0
2025-03-19,788,1093,0
2025-03-19,788,1102,0
2025-03-19,790,1093,0
2025-03-19,799,1102,0
2025-03-19,800,1095,0
2025-03-24,55,319,0
2025-03-24,51,355,0
2025-03-24,108,319,0
2025-03-24,68,320,0
2025-03-24,77,358,0
2025-03-24,96,348,0
2025-03-24,96,372,0
2025-03-24,98,322,0
2025-03-24,106,328,0
2025-03-24,116,323,0
2025-03-24,127,380,0
2025-03-24,97,394,0
2025-03-24,117,429,0
2025-03-24,120,435,0
2025-03-24,124,422,0
2025-03-24,104,502,0
2025-03-24,106,487,0
2025-03-24,111,497,0
2025-03-24,115,488,0
2025-03-24,117,462,0
2025-03-24,124,482,0
2025-03-24,117,518,0
2025-03-24,119,521,0
2025-03-24,127,526,0
2025-03-24,127,635,0
2025-03-24,78,673,0
2025-03-24,82,688,0
2025-03-24,89,686,0
2025-03-24,90,669,0
2025-03-24,94,669,0
2025-03-24,98,694,0
2025-03-24,99,676,0
2025-03-24,100,687,0
2025-03-24,100,708,0
2025-03-24,114,711,0
2025-03-24,133,358,0
2025-03-24,133,364,0
2025-03-24,141,375,0
2025-03-24,154,371,0
2025-03-24,169,376,0
2025-03-24,161,418,0
2025-03-24,166,425,0
2025-03-24,176,393,0
2025-03-24,178,403,0
2025-03-24,185,385,0
2025-03-24,188,386,0
2025-03-24,135,479,0
2025-03-24,136,448,0
2025-03-24,136,458,0
2025-03-24,145,456,0
2025-03-24,150,460,0
2025-03-24,158,472,0
2025-03-24,158,487,0
2025-03-24,165,454,0
2025-03-24,165,469,0
2025-03-24,181,490,0
2025-03-24,145,553,0
2025-03-24,148,561,0
2025-03-24,151,547,0
2025-03-24,152,538,0
2025-03-24,154,513,0
2025-03-24,154,531,0
2025-03-24,161,564,0
2025-03-24,162,531,0
2025-03-24,171,554,0
2025-03-24,171,558,0
2025-03-24,172,571,1
2025-03-24,173,567,1
2025-03-24,173,568,1
2025-03-24,173,569,1
2025-03-24,175,557,0
2025-03-24,176,553,1
2025-03-24,176,556,1
2025-03-24,176,568,1
2025-03-24,177,568,1
2025-03-24,177,573,1
2025-03-24,178,560,1
2025-03-24,178,562,1
2025-03-24,178,568,1
2025-03-24,178,571,1
2025-03-24,179,551,0
2025-03-24,179,558,1
2025-03-24,179,567,1
2025-03-24,180,557,1
2025-03-24,180,558,1
2025-03-24,180,563,1
2025-03-24,180,575,1
2025-03-24,181,554,1
2025-03-24,181,556,1
2025-03-24,181,565,1
2025-03-24,181,566,1
2025-03-24,181,575,1
2025-03-24,182,566,1
2025-03-24,183,559,1
2025-03-24,183,561,1
2025-03-24,183,564,1
2025-03-24,183,573,1
2025-03-24,184,562,1
2025-03-24,184,569,1
2025-03-24,184,573,1
2025-03-24,185,562,1
2025-03-24,185,563,1
2025-03-24,185,570,1
2025-03-24,185,571,1
2025-03-24,185,574,1
2025-03-24,185,575,1
2025-03-24,188,549,1
2025-03-24,188,550,1
2025-03-24,189,537,1
2025-03-24,189,548,1
2025-03-24,190,543,1
2025-03-24,190,544,1
2025-03-24,190,545,1
2025-03-24,190,547,1
2025-03-24,191,534,1
2025-03-24,191,542,1
2025-03-24,191,543,1
2025-03-24,191,544,1
2025-03-24,191,548,1
2025-03-24,150,625,0
2025-03-24,168,624,0
2025-03-24,169,606,0
2025-03-24,173,584,1
2025-03-24,173,601,1
2025-03-24,174,581,1
2025-03-24,174,583,1
2025-03-24,174,602,1
2025-03-24,174,628,0
2025-03-24,175,581,1
2025-03-24,178,583,1
2025-03-24,178,584,1
2025-03-24,178,634,0
2025-03-24,180,576,1
2025-03-24,183,576,1
2025-03-24,184,583,1
2025-03-24,186,576,1
2025-03-24,186,577,1
2025-03-24,187,578,1
2025-03-24,130,691,0
2025-03-24,132,649,0
2025-03-24,137,644,0
2025-03-24,142,673,0
2025-03-24,151,659,0
2025-03-24,153,665,0
2025-03-24,173,679,0
2025-03-24,179,675,0
2025-03-24,180,644,0
2025-03-24,182,676,0
2025-03-24,186,663,0
2025-03-24,197,381,0
2025-03-24,213,375,0
2025-03-24,199,390,0
2025-03-24,209,428,0
2025-03-24,216,400,0
2025-03-24,228,422,0
2025-03-24,229,389,0
2025-03-24,231,393,0
2025-03-24,196,463,0
2025-03-24,220,511,0
2025-03-24,192,538,1
2025-03-24,192,542,1
2025-03-24,192,543,1
2025-03-24,192,547,1
2025-03-24,192,549,1
2025-03-24,192,551,1
2025-03-24,193,532,1
2025-03-24,193,533,1
2025-03-24,193,537,1
2025-03-24,193,539,1
2025-03-24,193,540,1
2025-03-24,193,542,1
2025-03-24,193,544,1
2025-03-24,193,545,1
2025-03-24,193,546,1
2025-03-24,193,548,1
2025-03-24,193,551,1
2025-03-24,194,535,1
2025-03-24,194,536,1
2025-03-24,194,538,1
2025-03-24,194,541,1
2025-03-24,194,548,1
2025-03-24,194,551,1
2025-03-24,195,542,1
2025-03-24,195,544,1
2025-03-24,195,545,1
2025-03-24,195,549,1
2025-03-24,196,545,1
2025-03-24,197,547,1
2025-03-24,197,572,0
2025-03-24,206,531,0
2025-03-24,207,555,0
2025-03-24,215,562,0
2025-03-24,218,556,0
2025-03-24,221,520,0
2025-03-24,221,540,0
2025-03-24,223,557,0
2025-03-24,231,565,0
2025-03-24,234,545,0
2025-03-24,245,572,0
2025-03-24,196,635,0
2025-03-24,199,579,0
2025-03-24,199,622,1
2025-03-24,199,624,1
2025-03-24,200,622,1
2025-03-24,202,622,1
2025-03-24,202,625,1
2025-03-24,204,621,1
2025-03-24,204,622,1
2025-03-24,205,615,1
2025-03-24,205,617,1
2025-03-24,205,618,1
2025-03-24,205,621,1
2025-03-24,206,588,0
2025-03-24,206,616,1
2025-03-24,206,617,1
2025-03-24,206,621,1
2025-03-24,206,622,1
2025-03-24,206,624,1
2025-03-24,206,625,1
2025-03-24,207,601,1
2025-03-24,207,612,1
2025-03-24,207,614,1
2025-03-24,207,615,1
2025-03-24,207,616,1
2025-03-24,207,618,1
2025-03-24,207,620,1
2025-03-24,208,614,1
2025-03-24,208,616,1
2025-03-24,208,620,1
2025-03-24,208,624,1
2025-03-24,208,625,1
2025-03-24,209,596,1
2025-03-24,209,598,1
2025-03-24,209,599,1
2025-03-24,209,618,1
2025-03-24,209,620,1
2025-03-24,209,631,0
2025-03-24,210,613,1
2025-03-24,210,620,1
2025-03-24,210,621,1
2025-03-24,210,622,1
2025-03-24,210,623,1
2025-03-24,210,625,1
2025-03-24,211,598,1
2025-03-24,211,604,1
2025-03-24,211,607,1
2025-03-24,211,609,1
2025-03-24,211,611,1
2025-03-24,211,613,1
2025-03-24,211,615,1
2025-03-24,211,618,1
2025-03-24,211,619,1
2025-03-24,211,624,1
2025-03-24,212,601,1
2025-03-24,213,596,1
2025-03-24,213,603,1
2025-03-24,213,605,1
2025-03-24,213,611,1
2025-03-24,213,613,1
2025-03-24,213,615,1
2025-03-24,213,617,1
2025-03-24,213,621,1
2025-03-24,214,598,1
2025-03-24,214,599,1
2025-03-24,214,600,1
2025-03-24,214,601,1
2025-03-24,214,612,1
2025-03-24,214,616,1
2025-03-24,214,617,1
2025-03-24,214,620,1
2025-03-24,214,622,1
2025-03-24,214,623,1
2025-03-24,215,598,1
2025-03-24,215,603,1
2025-03-24,215,605,1
2025-03-24,215,609,1
2025-03-24,215,610,1
2025-03-24,215,611,1
2025-03-24,215,614,1
2025-03-24,215,625,1
2025-03-24,216,596,1
2025-03-24,216,600,1
2025-03-24,216,601,1
2025-03-24,216,614,1
2025-03-24,216,615,1
2025-03-24,216,618,1
2025-03-24,216,620,1
2025-03-24,216,625,1
2025-03-24,217,606,1
2025-03-24,217,607,1
2025-03-24,217,611,1
2025-03-24,217,612,1
2025-03-24,217,613,1
2025-03-24,217,614,1
2025-03-24,217,622,1
2025-03-24,217,623,1
2025-03-24,217,624,1
2025-03-24,217,625,1
2025-03-24,217,626,1
2025-03-24,218,602,1
2025-03-24,218,608,1
2025-03-24,218,609,1
2025-03-24,218,612,1
2025-03-24,218,614,1
2025-03-24,218,617,1
2025-03-24,218,618,1
2025-03-24,218,620,1
2025-03-24,218,621,1
2025-03-24,218,623,1
2025-03-24,218,626,1
2025-03-24,218,627,1
2025-03-24,219,607,1
2025-03-24,219,611,1
2025-03-24,219,613,1
2025-03-24,219,616,1
2025-03-24,219,623,1
2025-03-24,219,627,1
2025-03-24,220,606,1
2025-03-24,220,608,1
2025-03-24,220,613,1
2025-03-24,220,617,1
2025-03-24,220,619,1
2025-03-24,220,620,1
2025-03-24,220,621,1
2025-03-24,220,624,1
2025-03-24,221,606,1
2025-03-24,221,610,1
2025-03-24,221,614,1
2025-03-24,221,616,1
2025-03-24,221,619,1
2025-03-24,221,622,1
2025-03-24,221,624,1
2025-03-24,221,626,1
2025-03-24,221,628,1
2025-03-24,222,606,1
2025-03-24,222,607,1
2025-03-24,222,608,1
2025-03-24,222,609,1
2025-03-24,222,612,1
2025-03-24,222,618,1
2025-03-24,222,619,1
2025-03-24,222,620,1
2025-03-24,222,623,1
2025-03-24,222,629,1
2025-03-24,223,614,1
2025-03-24,223,615,1
2025-03-24,223,617,1
2025-03-24,223,624,1
2025-03-24,223,625,1
2025-03-24,223,629,1
2025-03-24,224,608,1
2025-03-24,224,611,1
2025-03-24,224,613,1
2025-03-24,224,616,1
2025-03-24,224,617,1
2025-03-24,224,618,1
2025-03-24,224,625,1
2025-03-24,224,627,1
2025-03-24,224,631,1
2025-03-24,225,622,1
2025-03-24,225,624,1
2025-03-24,225,629,1
2025-03-24,226,614,1
2025-03-24,226,615,1
2025-03-24,226,618,1
2025-03-24,226,621,1
2025-03-24,226,632,1
2025-03-24,227,616,1
2025-03-24,227,618,1
2025-03-24,227,624,1
2025-03-24,227,625,1
2025-03-24,227,627,1
2025-03-24,227,628,1
2025-03-24,227,632,1
2025-03-24,227,633,1
2025-03-24,228,618,1
2025-03-24,228,622,1
2025-03-24,228,625,1
2025-03-24,228,630,1
2025-03-24,229,618,1
2025-03-24,229,619,1
2025-03-24,229,625,1
2025-03-24,229,626,1
2025-03-24,229,627,1
2025-03-24,229,628,1
2025-03-24,229,629,1
2025-03-24,229,633,1
2025-03-24,230,622,1
2025-03-24,230,623,1
2025-03-24,230,625,1
2025-03-24,230,626,1
2025-03-24,230,627,1
2025-03-24,230,630,1
2025-03-24,231,619,1
2025-03-24,231,622,1
2025-03-24,231,624,1
2025-03-24,231,627,1
2025-03-24,231,629,1
2025-03-24,231,632,1
2025-03-24,231,634,1
2025-03-24,232,621,1
2025-03-24,232,623,1
2025-03-24,232,624,1
2025-03-24,232,628,1
2025-03-24,232,631,1
2025-03-24,233,619,1
2025-03-24,233,620,1
2025-03-24,233,622,1
2025-03-24,233,623,1
2025-03-24,233,624,1
2025-03-24,233,625,1
2025-03-24,233,626,1
2025-03-24,233,628,1
2025-03-24,233,629,1
2025-03-24,233,630,1
2025-03-24,233,632,1
2025-03-24,233,636,1
2025-03-24,234,619,1
2025-03-24,234,630,1
2025-03-24,235,619,1
2025-03-24,235,623,1
2025-03-24,235,625,1
2025-03-24,235,627,1
2025-03-24,235,629,1
2025-03-24,235,632,1
2025-03-24,235,634,1
2025-03-24,235,635,1
2025-03-24,236,598,0
2025-03-24,236,629,1
2025-03-24,236,630,1
2025-03-24,236,631,1
2025-03-24,236,638,1
2025-03-24,237,601,0
2025-03-24,237,630,1
2025-03-24,237,636,1
2025-03-24,239,629,1
2025-03-24,239,631,1
2025-03-24,239,635,1
2025-03-24,246,605,0
2025-03-24,247,639,1
2025-03-24,200,641,0
2025-03-24,201,648,0
2025-03-24,203,663,0
2025-03-24,209,682,0
2025-03-24,213,693,0
2025-03-24,224,678,0
2025-03-24,227,679,0
2025-03-24,229,689,0
2025-03-24,230,650,0
2025-03-24,237,689,1
2025-03-24,239,685,1
2025-03-24,243,642,1
2025-03-24,243,649,1
2025-03-24,244,642,1
2025-03-24,244,644,1
2025-03-24,244,648,1
2025-03-24,244,650,1
2025-03-24,245,651,1
2025-03-24,246,644,1
2025-03-24,246,648,1
2025-03-24,247,645,1
2025-03-24,247,648,1
2025-03-24,247,656,1
2025-03-24,247,657,1
2025-03-24,248,658,1
2025-03-24,248,678,0
2025-03-24,204,722,0
2025-03-24,206,711,0
2025-03-24,221,714,0
2025-03-24,225,706,0
2025-03-24,257,563,0
2025-03-24,258,559,0
2025-03-24,260,557,0
2025-03-24,262,556,0
2025-03-24,275,568,0
2025-03-24,287,552,0
2025-03-24,303,569,0
2025-03-24,318,568,0
2025-03-24,256,631,0
2025-03-24,257,621,0
2025-03-24,262,581,0
2025-03-24,273,608,0
2025-03-24,273,614,1
2025-03-24,274,616,1
2025-03-24,274,617,1
2025-03-24,275,619,1
2025-03-24,276,615,1
2025-03-24,277,612,1
2025-03-24,277,614,1
2025-03-24,277,617,1
2025-03-24,278,612,1
2025-03-24,278,613,1
2025-03-24,278,614,1
2025-03-24,279,610,1
2025-03-24,280,618,1
2025-03-24,282,617,1
2025-03-24,282,619,1
2025-03-24,283,617,1
2025-03-24,284,617,1
2025-03-24,285,616,1
2025-03-24,286,616,1
2025-03-24,287,617,1
2025-03-24,288,617,1
2025-03-24,289,616,1
2025-03-24,289,618,1
2025-03-24,290,616,1
2025-03-24,290,619,1
2025-03-24,291,584,0
2025-03-24,291,619,1
2025-03-24,292,621,1
2025-03-24,293,621,1
2025-03-24,294,585,0
2025-03-24,296,631,1
2025-03-24,298,622,1
2025-03-24,298,623,1
2025-03-24,299,622,1
2025-03-24,299,627,1
2025-03-24,299,631,1
2025-03-24,300,592,1
2025-03-24,303,622,1
2025-03-24,303,623,1
2025-03-24,304,620,1
2025-03-24,305,618,1
2025-03-24,305,621,1
2025-03-24,305,623,1
2025-03-24,306,620,1
2025-03-24,306,623,1
2025-03-24,307,621,1
2025-03-24,308,614,0
2025-03-24,308,619,1
2025-03-24,309,617,1
2025-03-24,309,619,1
2025-03-24,311,637,0
2025-03-24,314,629,0
2025-03-24,315,605,0
2025-03-24,257,658,0
2025-03-24,263,645,0
2025-03-24,265,645,0
2025-03-24,265,661,0
2025-03-24,265,677,1
2025-03-24,269,643,0
2025-03-24,273,691,0
2025-03-24,274,694,0
2025-03-24,278,689,0
2025-03-24,288,666,1
2025-03-24,288,667,1
2025-03-24,296,672,0
2025-03-24,297,668,0
2025-03-24,306,701,0
2025-03-24,313,669,0
2025-03-24,272,728,0
2025-03-24,272,740,0
2025-03-24,277,738,0
2025-03-24,281,717,0
2025-03-24,282,741,0
2025-03-24,283,766,0
2025-03-24,289,748,0
2025-03-24,295,705,0
2025-03-24,298,738,0
2025-03-24,303,707,0
2025-03-24,303,736,0
2025-03-24,307,725,0
2025-03-24,313,726,0
2025-03-24,313,753,0
2025-03-24,312,773,0
2025-03-24,321,556,0
2025-03-24,340,566,0
2025-03-24,356,573,1
2025-03-24,358,573,1
2025-03-24,326,595,0
2025-03-24,329,599,0
2025-03-24,330,601,0
2025-03-24,343,609,0
2025-03-24,349,585,0
2025-03-24,359,578,1
2025-03-24,361,581,1
2025-03-24,362,578,0
2025-03-24,320,689,0
2025-03-24,328,686,0
2025-03-24,339,690,0
2025-03-24,350,686,0
2025-03-24,350,699,0
2025-03-24,353,693,0
2025-03-24,321,712,0
2025-03-24,321,766,0
2025-03-24,330,725,0
2025-03-24,330,741,0
2025-03-24,335,767,0
2025-03-24,338,744,0
2025-03-24,343,759,0
2025-03-24,345,766,0
2025-03-24,366,748,0
2025-03-24,369,767,0
2025-03-24,391,703,0
2025-03-24,396,748,0
2025-03-24,400,765,0
2025-03-24,406,742,0
2025-03-24,421,749,0
2025-03-24,428,756,0
2025-03-24,442,747,0
2025-03-24,402,791,0
2025-03-24,421,807,0
2025-03-24,428,790,0
2025-03-24,485,813,0
2025-03-24,489,781,0
2025-03-24,501,813,0
2025-03-24,504,828,0
2025-03-24,460,844,0
2025-03-24,507,857,0
2025-03-24,515,818,0
2025-03-24,534,826,0
2025-03-24,549,830,0
2025-03-24,516,882,0
2025-03-24,528,857,0
2025-03-24,535,859,0
2025-03-24,545,849,0
2025-03-24,546,873,0
2025-03-24,550,858,0
2025-03-24,555,843,0
2025-03-24,555,886,0
2025-03-24,566,881,0
2025-03-24,567,889,0
2025-03-24,574,879,0
2025-03-24,575,860,0
2025-03-24,516,917,0
2025-03-24,527,926,0
2025-03-24,532,931,0
2025-03-24,545,925,0
2025-03-24,546,913,0
2025-03-24,550,938,0
2025-03-24,557,908,0
2025-03-24,565,916,0
2025-03-24,573,896,0
2025-03-24,573,958,0
2025-03-24,544,992,0
2025-03-24,548,1022,0
2025-03-24,552,987,0
2025-03-24,523,1071,0
2025-03-24,536,1038,0
2025-03-24,541,1068,0
2025-03-24,562,1083,0
2025-03-24,563,1029,0
2025-03-24,568,1053,0
2025-03-24,570,1027,0
2025-03-24,573,1038,0
2025-03-24,544,1099,0
2025-03-24,545,1134,0
2025-03-24,549,1147,0
2025-03-24,550,1141,0
2025-03-24,552,1099,0
2025-03-24,554,1097,0
2025-03-24,557,1100,0
2025-03-24,565,1105,0
2025-03-24,567,1121,0
2025-03-24,570,1113,0
2025-03-24,573,1144,0
2025-03-24,541,1157,0
2025-03-24,562,1169,0
2025-03-24,576,878,0
2025-03-24,597,880,0
2025-03-24,610,886,0
2025-03-24,611,891,0
2025-03-24,612,874,0
2025-03-24,634,879,0
2025-03-24,594,908,0
2025-03-24,600,926,0
2025-03-24,603,957,0
2025-03-24,609,955,0
2025-03-24,613,945,0
2025-03-24,623,945,0
2025-03-24,626,945,0
2025-03-24,627,941,0
2025-03-24,631,918,0
2025-03-24,580,999,0
2025-03-24,581,991,0
2025-03-24,584,984,0
2025-03-24,616,993,0
2025-03-24,616,995,0
2025-03-24,628,979,0
2025-03-24,629,996,0
2025-03-24,633,960,0
2025-03-24,635,995,0
2025-03-24,576,1051,0
2025-03-24,578,1044,0
2025-03-24,580,1062,0
2025-03-24,582,1063,0
2025-03-24,595,1067,0
2025-03-24,597,1026,0
2025-03-24,613,1079,0
2025-03-24,621,1054,0
2025-03-24,621,1074,0
2025-03-24,623,1025,0
2025-03-24,623,1041,0
2025-03-24,628,1066,0
2025-03-24,629,1071,0
2025-03-24,633,1070,0
2025-03-24,634,1037,0
2025-03-24,635,1032,0
2025-03-24,636,1076,0
2025-03-24,588,1097,0
2025-03-24,594,1115,0
2025-03-24,596,1091,0
2025-03-24,596,1101,0
2025-03-24,604,1101,0
2025-03-24,619,1091,0
2025-03-24,628,1127,0
2025-03-24,638,1117,0
2025-03-24,647,894,0
2025-03-24,656,884,0
2025-03-24,671,885,0
2025-03-24,671,886,0
2025-03-24,642,957,0
2025-03-24,646,959,0
2025-03-24,653,917,0
2025-03-24,654,937,0
2025-03-24,672,913,0
2025-03-24,676,923,0
2025-03-24,686,931,0
2025-03-24,698,933,0
2025-03-24,702,954,0
2025-03-24,703,910,0
2025-03-24,644,1020,0
2025-03-24,647,966,0
2025-03-24,647,972,0
2025-03-24,655,979,0
2025-03-24,658,980,0
2025-03-24,661,987,0
2025-03-24,670,998,0
2025-03-24,673,984,0
2025-03-24,687,1023,0
2025-03-24,690,998,0
2025-03-24,692,977,0
2025-03-24,693,1011,0
2025-03-24,694,990,0
2025-03-24,695,985,0
2025-03-24,701,964,0
2025-03-24,644,1029,0
2025-03-24,675,1074,0
2025-03-24,676,1054,0
2025-03-24,685,1075,0
2025-03-24,687,1038,0
2025-03-24,698,1075,0
2025-03-24,702,1042,0
2025-03-24,667,1111,0
2025-03-24,668,1095,0
2025-03-24,673,1112,0
2025-03-24,673,1123,0
2025-03-24,698,1108,0
2025-03-24,702,1098,0
2025-03-24,721,942,0
2025-03-24,731,923,0
2025-03-24,733,944,0
2025-03-24,737,936,0
2025-03-24,743,953,0
2025-03-24,743,955,0
2025-03-24,705,1015,0
2025-03-24,714,994,0
2025-03-24,719,971,0
2025-03-24,724,963,0
2025-03-24,733,1009,0
2025-03-24,734,990,0
2025-03-24,743,995,0
2025-03-24,745,1001,0
2025-03-24,748,982,0
2025-03-24,766,979,0
2025-03-24,767,1004,0
2025-03-24,709,1062,0
2025-03-24,709,1069,0
2025-03-24,721,1053,0
2025-03-24,731,1033,0
2025-03-24,737,1032,0
2025-03-24,754,1051,0
2025-03-24,759,1050,0
2025-03-24,763,1037,0
2025-03-24,767,1060,0
2025-03-24,722,1093,0
2025-03-24,727,1105,0
2025-03-24,764,1103,0
2025-03-24,771,1002,0
2025-03-24,777,987,0
2025-03-24,795,994,0
2025-03-24,798,1004,0
2025-03-24,799,1008,0
2025-03-24,770,1084,0
2025-03-24,780,1067,0
2025-03-24,789,1046,1
2025-03-24,793,1026,0
2025-03-24,801,1048,0
2025-03-24,801,1083,0
2025-03-24,807,1086,0
2025-03-24,811,1082,0
2025-03-24,816,1070,0
2025-03-24,819,1043,0
2025-03-24,826,1046,1
2025-03-24,779,1111,0
2025-03-24,780,1095,0
2025-03-24,781,1106,0
2025-03-24,787,1099,0
2025-03-24,790,1096,0
2025-03-24,794,1108,0
2025-04-03,42,311,1
2025-04-03,44,309,1
2025-04-03,55,307,1
2025-04-03,59,306,1
2025-04-03,59,307,1
2025-04-03,60,307,1
2025-04-03,61,307,1
2025-04-03,62,306,1
2025-04-03,47,351,0
2025-04-03,55,328,0
2025-04-03,62,372,0
2025-04-03,70,306,1
2025-04-03,102,315,0
2025-04-03,64,365,0
2025-04-03,73,373,0
2025-04-03,90,373,0
2025-04-03,94,320,0
2025-04-03,96,375,0
2025-04-03,105,378,0
2025-04-03,115,344,0
2025-04-03,117,354,0
2025-04-03,104,425,0
2025-04-03,107,413,0
2025-04-03,115,413,0
2025-04-03,127,435,0
2025-04-03,102,493,0
2025-04-03,107,488,0
2025-04-03,110,473,0
2025-04-03,113,476,0
2025-04-03,116,451,0
2025-04-03,122,455,0
2025-04-03,124,505,0
2025-04-03,73,679,1
2025-04-03,73,695,0
2025-04-03,74,676,1
2025-04-03,75,672,1
2025-04-03,75,673,1
2025-04-03,75,674,1
2025-04-03,75,675,1
2025-04-03,75,676,1
2025-04-03,75,677,1
2025-04-03,75,678,1
2025-04-03,75,679,1
2025-04-03,75,681,1
2025-04-03,76,672,1
2025-04-03,76,673,1
2025-04-03,76,674,1
2025-04-03,76,677,1
2025-04-03,76,678,1
2025-04-03,76,679,1
2025-04-03,76,698,0
2025-04-03,77,672,1
2025-04-03,77,674,1
2025-04-03,78,672,1
2025-04-03,78,673,1
2025-04-03,78,674,1
2025-04-03,78,675,1
2025-04-03,78,676,1
2025-04-03,78,677,1
2025-04-03,78,678,1
2025-04-03,78,679,1
2025-04-03,78,681,1
2025-04-03,79,673,1
2025-04-03,79,674,1
2025-04-03,80,673,1
2025-04-03,80,674,1
2025-04-03,80,677,1
2025-04-03,81,669,1
2025-04-03,81,670,1
2025-04-03,81,671,1
2025-04-03,81,672,1
2025-04-03,81,674,1
2025-04-03,82,669,1
2025-04-03,82,671,1
2025-04-03,82,672,1
2025-04-03,82,674,1
2025-04-03,83,669,1
2025-04-03,83,670,1
2025-04-03,83,671,1
2025-04-03,83,672,1
2025-04-03,83,673,1
2025-04-03,83,674,1
2025-04-03,84,669,1
2025-04-03,84,670,1
2025-04-03,84,671,1
2025-04-03,84,672,1
2025-04-03,84,673,1
2025-04-03,84,674,1
2025-04-03,85,669,1
2025-04-03,85,670,1
2025-04-03,85,671,1
2025-04-03,85,672,1
2025-04-03,85,673,1
2025-04-03,85,674,1
2025-04-03,86,669,1
2025-04-03,86,670,1
2025-04-03,86,671,1
2025-04-03,86,672,1
2025-04-03,86,673,1
2025-04-03,86,674,1
2025-04-03,87,667,1
2025-04-03,87,668,1
2025-04-03,87,670,1
2025-04-03,88,667,1
2025-04-03,88,668,1
2025-04-03,88,669,1
2025-04-03,88,670,1
2025-04-03,88,671,1
2025-04-03,88,672,1
2025-04-03,88,674,1
2025-04-03,89,663,1
2025-04-03,89,664,1
2025-04-03,89,666,1
2025-04-03,90,661,1
2025-04-03,90,663,1
2025-04-03,90,664,1
2025-04-03,90,665,1
2025-04-03,90,666,1
2025-04-03,91,661,1
2025-04-03,91,662,1
2025-04-03,91,663,1
2025-04-03,91,664,1
2025-04-03,92,659,1
2025-04-03,92,662,1
2025-04-03,92,663,1
2025-04-03,92,664,1
2025-04-03,93,661,1
2025-04-03,93,662,1
2025-04-03,94,657,1
2025-04-03,94,660,1
2025-04-03,94,662,1
2025-04-03,94,664,1
2025-04-03,95,659,1
2025-04-03,95,660,1
2025-04-03,96,657,1
2025-04-03,96,658,1
2025-04-03,97,658,1
2025-04-03,103,677,0
2025-04-03,106,694,0
2025-04-03,109,659,0
2025-04-03,109,680,0
2025-04-03,113,677,0
2025-04-03,114,648,0
2025-04-03,115,659,0
2025-04-03,115,672,0
2025-04-03,121,668,0
2025-04-03,123,670,0
2025-04-03,125,691,0
2025-04-03,126,655,0
2025-04-03,96,704,0
2025-04-03,112,712,0
2025-04-03,124,712,0
2025-04-03,139,359,0
2025-04-03,148,379,0
2025-04-03,158,364,0
2025-04-03,164,370,0
2025-04-03,135,407,0
2025-04-03,145,442,0
2025-04-03,147,439,0
2025-04-03,149,398,0
2025-04-03,157,394,0
2025-04-03,157,430,0
2025-04-03,161,386,0
2025-04-03,171,439,0
2025-04-03,172,438,0
2025-04-03,184,404,0
2025-04-03,191,384,0
2025-04-03,131,492,0
2025-04-03,132,504,0
2025-04-03,134,497,0
2025-04-03,136,448,0
2025-04-03,144,479,0
2025-04-03,147,501,0
2025-04-03,163,503,0
2025-04-03,165,507,0
2025-04-03,165,509,0
2025-04-03,172,474,0
2025-04-03,140,570,0
2025-04-03,144,559,0
2025-04-03,150,550,0
2025-04-03,160,561,0
2025-04-03,168,528,0
2025-04-03,170,555,0
2025-04-03,177,555,0
2025-04-03,191,519,0
2025-04-03,134,636,0
2025-04-03,147,578,0
2025-04-03,148,637,0
2025-04-03,153,590,0
2025-04-03,159,614,0
2025-04-03,167,598,0
2025-04-03,170,600,0
2025-04-03,174,618,0
2025-04-03,177,577,0
2025-04-03,190,608,0
2025-04-03,130,697,0
2025-04-03,163,655,0
2025-04-03,171,670,0
2025-04-03,178,719,0
2025-04-03,180,727,0
2025-04-03,192,373,0
2025-04-03,193,373,0
2025-04-03,207,382,0
2025-04-03,223,361,0
2025-04-03,227,383,0
2025-04-03,230,361,0
2025-04-03,194,418,0
2025-04-03,200,386,0
2025-04-03,202,396,0
2025-04-03,224,443,0
2025-04-03,236,432,0
2025-04-03,199,448,0
2025-04-03,219,502,0
2025-04-03,192,536,0
2025-04-03,198,568,0
2025-04-03,199,538,0
2025-04-03,200,552,0
2025-04-03,204,563,0
2025-04-03,223,528,0
2025-04-03,226,567,0
2025-04-03,235,523,0
2025-04-03,238,521,0
2025-04-03,248,559,0
2025-04-03,197,596,0
2025-04-03,197,623,0
2025-04-03,212,592,0
2025-04-03,217,621,0
2025-04-03,224,600,0
2025-04-03,225,588,0
2025-04-03,225,618,0
2025-04-03,206,645,1
2025-04-03,207,645,1
2025-04-03,208,645,1
2025-04-03,209,642,1
2025-04-03,209,645,1
2025-04-03,209,688,0
2025-04-03,211,642,1
2025-04-03,211,645,1
2025-04-03,216,685,0
2025-04-03,232,643,0
2025-04-03,237,684,0
2025-04-03,245,678,0
2025-04-03,247,643,0
2025-04-03,250,644,0
2025-04-03,256,550,0
2025-04-03,270,560,0
2025-04-03,285,572,0
2025-04-03,298,560,0
2025-04-03,259,603,0
2025-04-03,269,633,0
2025-04-03,283,587,0
2025-04-03,288,627,0
2025-04-03,290,621,0
2025-04-03,297,593,0
2025-04-03,302,620,0
2025-04-03,309,580,0
2025-04-03,316,630,0
2025-04-03,265,640,0
2025-04-03,271,642,0
2025-04-03,280,700,0
2025-04-03,281,700,0
2025-04-03,282,694,0
2025-04-03,295,698,0
2025-04-03,316,664,0
2025-04-03,317,644,0
2025-04-03,267,751,0
2025-04-03,275,730,0
2025-04-03,275,731,0
2025-04-03,283,716,0
2025-04-03,291,748,0
2025-04-03,296,733,0
2025-04-03,314,718,0
2025-04-03,314,732,0
2025-04-03,316,739,0
2025-04-03,319,760,0
2025-04-03,286,771,0
2025-04-03,320,571,0
2025-04-03,335,564,0
2025-04-03,349,575,0
2025-04-03,321,624,0
2025-04-03,328,613,0
2025-04-03,330,623,0
2025-04-03,342,580,0
2025-04-03,321,672,0
2025-04-03,332,697,0
2025-04-03,321,731,0
2025-04-03,327,731,0
2025-04-03,337,710,0
2025-04-03,339,766,0
2025-04-03,344,710,0
2025-04-03,349,764,0
2025-04-03,368,749,0
2025-04-03,371,764,0
2025-04-03,379,738,0
2025-04-03,385,767,0
2025-04-03,387,706,0
2025-04-03,414,704,0
2025-04-03,415,735,0
2025-04-03,421,708,0
2025-04-03,432,744,0
2025-04-03,442,775,0
2025-04-03,461,768,0
2025-04-03,470,785,0
2025-04-03,479,810,0
2025-04-03,501,815,0
2025-04-03,471,884,0
2025-04-03,485,868,0
2025-04-03,486,876,0
2025-04-03,493,853,0
2025-04-03,494,854,0
2025-04-03,499,857,0
2025-04-03,504,869,0
2025-04-03,506,915,0
2025-04-03,514,808,0
2025-04-03,514,824,0
2025-04-03,516,796,0
2025-04-03,517,803,0
2025-04-03,520,860,0
2025-04-03,521,880,0
2025-04-03,526,892,0
2025-04-03,536,843,0
2025-04-03,563,871,0
2025-04-03,563,872,0
2025-04-03,568,859,0
2025-04-03,518,932,0
2025-04-03,549,948,0
2025-04-03,552,897,0
2025-04-03,556,939,0
2025-04-03,557,914,0
2025-04-03,560,928,0
2025-04-03,564,939,0
2025-04-03,569,949,0
2025-04-03,572,905,0
2025-04-03,572,934,0
2025-04-03,546,999,0
2025-04-03,553,1001,0
2025-04-03,557,1018,0
2025-04-03,568,991,0
2025-04-03,520,1084,0
2025-04-03,521,1070,0
2025-04-03,531,1048,0
2025-04-03,538,1074,0
2025-04-03,543,1066,0
2025-04-03,552,1040,0
2025-04-03,554,1066,0
2025-04-03,557,1065,0
2025-04-03,561,1036,0
2025-04-03,538,1105,0
2025-04-03,540,1120,0
2025-04-03,541,1129,0
2025-04-03,556,1090,0
2025-04-03,559,1109,0
2025-04-03,567,1093,0
2025-04-03,567,1101,0
2025-04-03,567,1134,0
2025-04-03,541,1173,0
2025-04-03,542,1152,0
2025-04-03,543,1152,0
2025-04-03,546,1153,0
2025-04-03,547,1169,0
2025-04-03,549,1165,0
2025-04-03,555,1167,0
2025-04-03,558,1164,0
2025-04-03,563,1160,0
2025-04-03,574,1154,0
2025-04-03,587,846,0
2025-04-03,589,859,0
2025-04-03,593,872,0
2025-04-03,625,879,0
2025-04-03,632,895,0
2025-04-03,580,935,0
2025-04-03,603,905,0
2025-04-03,611,930,0
2025-04-03,611,953,0
2025-04-03,617,914,0
2025-04-03,629,897,0
2025-04-03,631,952,0
2025-04-03,636,915,0
2025-04-03,638,905,0
2025-04-03,580,973,0
2025-04-03,580,988,0
2025-04-03,582,998,0
2025-04-03,587,983,0
2025-04-03,592,979,0
2025-04-03,592,1001,0
2025-04-03,600,1005,0
2025-04-03,608,987,0
2025-04-03,616,994,0
2025-04-03,624,1022,0
2025-04-03,626,974,0
2025-04-03,626,1020,0
2025-04-03,631,991,0
2025-04-03,632,1000,0
2025-04-03,634,980,0
2025-04-03,639,975,0
2025-04-03,578,1080,0
2025-04-03,579,1054,0
2025-04-03,584,1075,0
2025-04-03,586,1036,0
2025-04-03,588,1030,0
2025-04-03,589,1032,0
2025-04-03,594,1069,0
2025-04-03,601,1035,0
2025-04-03,602,1051,0
2025-04-03,619,1070,0
2025-04-03,621,1042,0
2025-04-03,628,1045,0
2025-04-03,631,1028,0
2025-04-03,637,1024,0
2025-04-03,637,1029,0
2025-04-03,601,1091,0
2025-04-03,617,1101,0
2025-04-03,623,1129,0
2025-04-03,624,1133,0
2025-04-03,626,1120,0
2025-04-03,636,1107,0
2025-04-03,665,886,0
2025-04-03,645,912,0
2025-04-03,652,909,0
2025-04-03,653,955,0
2025-04-03,660,915,0
2025-04-03,663,898,0
2025-04-03,663,904,0
2025-04-03,671,929,0
2025-04-03,676,918,0
2025-04-03,679,899,0
2025-04-03,681,917,0
2025-04-03,688,941,0
2025-04-03,689,947,0
2025-04-03,694,902,0
2025-04-03,694,926,0
2025-04-03,699,914,0
2025-04-03,648,998,0
2025-04-03,669,986,0
2025-04-03,669,1017,0
2025-04-03,674,985,0
2025-04-03,674,998,0
2025-04-03,675,1004,0
2025-04-03,688,971,0
2025-04-03,695,965,0
2025-04-03,700,962,0
2025-04-03,703,969,0
2025-04-03,640,1086,0
2025-04-03,645,1024,0
2025-04-03,645,1039,0
2025-04-03,656,1062,0
2025-04-03,664,1075,0
2025-04-03,675,1030,0
2025-04-03,677,1050,0
2025-04-03,696,1060,0
2025-04-03,697,1056,0
2025-04-03,703,1085,0
2025-04-03,641,1090,0
2025-04-03,647,1111,0
2025-04-03,654,1103,0
2025-04-03,655,1108,0
2025-04-03,667,1096,0
2025-04-03,667,1112,0
2025-04-03,668,1099,0
2025-04-03,678,1109,0
2025-04-03,689,1091,0
2025-04-03,696,1108,0
2025-04-03,712,899,0
2025-04-03,714,903,0
2025-04-03,717,910,0
2025-04-03,717,914,0
2025-04-03,718,919,0
2025-04-03,725,921,0
2025-04-03,731,945,0
2025-04-03,707,1015,0
2025-04-03,710,969,0
2025-04-03,712,978,0
2025-04-03,720,997,0
2025-04-03,746,967,0
2025-04-03,757,970,0
2025-04-03,759,997,0
2025-04-03,763,1010,0
2025-04-03,705,1068,0
2025-04-03,713,1048,0
2025-04-03,722,1030,0
2025-04-03,726,1054,0
2025-04-03,728,1041,0
2025-04-03,728,1060,0
2025-04-03,728,1087,0
2025-04-03,730,1053,0
2025-04-03,738,1030,0
2025-04-03,748,1024,0
2025-04-03,706,1092,0
2025-04-03,722,1097,0
2025-04-03,726,1110,0
2025-04-03,739,1109,0
2025-04-03,764,1103,0
2025-04-03,772,958,0
2025-04-03,776,952,0
2025-04-03,772,1011,0
2025-04-03,777,972,0
2025-04-03,777,985,0
2025-04-03,780,1003,0
2025-04-03,789,984,0
2025-04-03,791,1002,0
2025-04-03,769,1024,0
2025-04-03,772,1030,0
2025-04-03,782,1049,0
2025-04-03,791,1084,0
2025-04-03,796,1052,0
2025-04-03,812,1062,0
2025-04-03,812,1063,0
2025-04-03,813,1069,0
2025-04-03,814,1083,0
2025-04-03,820,1078,0
2025-04-03,822,1081,0
2025-04-03,768,1110,0
2025-04-03,776,1104,0
2025-04-03,779,1115,0
2025-04-03,786,1104,0
2025-04-03,792,1111,0
2025-04-03,799,1106,0
2025-04-03,802,1097,0
2025-04-03,808,1097,0
2025-04-08,37,319,0
2025-04-08,55,312,0
2025-04-08,46,320,0
2025-04-08,50,343,0
2025-04-08,54,322,0
2025-04-08,54,347,0
2025-04-08,61,369,0
2025-04-08,64,319,0
2025-04-08,69,347,0
2025-04-08,81,341,0
2025-04-08,82,333,0
2025-04-08,82,345,0
2025-04-08,83,350,0
2025-04-08,104,371,0
2025-04-08,110,320,0
2025-04-08,118,380,0
2025-04-08,123,383,0
2025-04-08,124,342,0
2025-04-08,87,384,0
2025-04-08,87,408,0
2025-04-08,92,421,0
2025-04-08,105,397,0
2025-04-08,111,392,0
2025-04-08,114,387,0
2025-04-08,114,389,0
2025-04-08,115,405,0
2025-04-08,117,441,0
2025-04-08,105,482,0
2025-04-08,108,456,0
2025-04-08,112,459,0
2025-04-08,113,476,0
2025-04-08,115,454,0
2025-04-08,127,471,0
2025-04-08,79,700,0
2025-04-08,93,681,0
2025-04-08,95,660,0
2025-04-08,96,688,0
2025-04-08,96,702,0
2025-04-08,100,654,0
2025-04-08,100,655,0
2025-04-08,103,695,0
2025-04-08,105,649,0
2025-04-08,107,661,0
2025-04-08,107,695,0
2025-04-08,118,670,0
2025-04-08,125,687,0
2025-04-08,182,363,0
2025-04-08,191,376,0
2025-04-08,133,394,0
2025-04-08,146,437,0
2025-04-08,147,420,0
2025-04-08,148,392,0
2025-04-08,149,437,0
2025-04-08,150,442,0
2025-04-08,166,402,0
2025-04-08,175,445,0
2025-04-08,178,430,0
2025-04-08,179,425,0
2025-04-08,180,401,0
2025-04-08,191,409,0
2025-04-08,130,486,0
2025-04-08,136,494,0
2025-04-08,140,466,0
2025-04-08,140,498,0
2025-04-08,140,500,0
2025-04-08,141,505,0
2025-04-08,142,457,0
2025-04-08,143,498,0
2025-04-08,144,448,0
2025-04-08,148,484,0
2025-04-08,148,506,0
2025-04-08,150,468,0
2025-04-08,157,498,0
2025-04-08,162,487,0
2025-04-08,167,465,0
2025-04-08,167,486,0
2025-04-08,178,510,0
2025-04-08,129,534,0
2025-04-08,133,524,0
2025-04-08,136,527,0
2025-04-08,140,542,0
2025-04-08,148,532,0
2025-04-08,159,558,0
2025-04-08,159,559,0
2025-04-08,167,565,0
2025-04-08,191,575,0
2025-04-08,135,637,0
2025-04-08,146,589,0
2025-04-08,151,629,0
2025-04-08,156,622,0
2025-04-08,157,632,0
2025-04-08,158,610,0
2025-04-08,168,603,0
2025-04-08,171,627,0
2025-04-08,174,602,0
2025-04-08,175,628,0
2025-04-08,188,587,0
2025-04-08,129,659,0
2025-04-08,129,688,0
2025-04-08,129,699,0
2025-04-08,134,645,0
2025-04-08,153,640,0
2025-04-08,159,643,0
2025-04-08,168,683,0
2025-04-08,171,679,0
2025-04-08,178,640,0
2025-04-08,186,641,0
2025-04-08,183,736,0
2025-04-08,199,371,0
2025-04-08,232,364,0
2025-04-08,202,425,0
2025-04-08,210,443,0
2025-04-08,193,525,0
2025-04-08,211,534,0
2025-04-08,211,569,0
2025-04-08,215,543,0
2025-04-08,216,573,0
2025-04-08,218,575,0
2025-04-08,221,558,0
2025-04-08,223,532,0
2025-04-08,224,529,0
2025-04-08,235,549,0
2025-04-08,242,567,0
2025-04-08,243,535,0
2025-04-08,196,617,0
2025-04-08,196,638,0
2025-04-08,213,603,0
2025-04-08,216,617,0
2025-04-08,237,630,0
2025-04-08,251,630,0
2025-04-08,254,620,0
2025-04-08,200,650,0
2025-04-08,201,642,0
2025-04-08,209,663,0
2025-04-08,212,641,0
2025-04-08,219,655,0
2025-04-08,220,653,0
2025-04-08,223,690,0
2025-04-08,226,689,0
2025-04-08,207,720,0
2025-04-08,208,718,0
2025-04-08,209,710,0
2025-04-08,267,561,0
2025-04-08,271,568,0
2025-04-08,273,570,0
2025-04-08,279,562,0
2025-04-08,291,563,0
2025-04-08,300,548,0
2025-04-08,310,558,0
2025-04-08,257,638,0
2025-04-08,267,624,0
2025-04-08,280,621,0
2025-04-08,284,583,0
2025-04-08,284,628,0
2025-04-08,286,605,0
2025-04-08,289,617,0
2025-04-08,294,603,0
2025-04-08,296,617,0
2025-04-08,299,587,0
2025-04-08,315,607,0
2025-04-08,258,643,0
2025-04-08,258,651,0
2025-04-08,279,672,0
2025-04-08,286,673,0
2025-04-08,296,659,0
2025-04-08,308,669,0
2025-04-08,309,692,0
2025-04-08,280,747,0
2025-04-08,286,750,0
2025-04-08,291,745,0
2025-04-08,298,721,0
2025-04-08,299,762,0
2025-04-08,302,746,0
2025-04-08,302,764,0
2025-04-08,305,754,0
2025-04-08,304,769,0
2025-04-08,342,567,0
2025-04-08,325,601,0
2025-04-08,327,609,0
2025-04-08,327,632,0
2025-04-08,328,594,0
2025-04-08,342,612,0
2025-04-08,349,590,0
2025-04-08,353,586,0
2025-04-08,354,580,0
2025-04-08,322,699,0
2025-04-08,323,683,0
2025-04-08,329,696,0
2025-04-08,332,692,0
2025-04-08,322,750,0
2025-04-08,324,710,0
2025-04-08,324,762,0
2025-04-08,329,740,0
2025-04-08,350,742,0
2025-04-08,362,710,0
2025-04-08,362,758,0
2025-04-08,367,745,0
2025-04-08,368,762,0
2025-04-08,369,761,0
2025-04-08,371,708,0
2025-04-08,371,738,0
2025-04-08,382,732,0
2025-04-08,392,693,1
2025-04-08,407,752,0
2025-04-08,417,750,0
2025-04-08,427,714,0
2025-04-08,433,725,0
2025-04-08,393,768,0
2025-04-08,430,781,0
2025-04-08,441,809,0
2025-04-08,445,803,0
2025-04-08,446,796,0
2025-04-08,454,779,0
2025-04-08,472,788,0
2025-04-08,472,790,0
2025-04-08,485,815,0
2025-04-08,492,787,0
2025-04-08,494,814,0
2025-04-08,494,829,0
2025-04-08,505,791,0
2025-04-08,462,855,0
2025-04-08,480,871,0
2025-04-08,502,877,0
2025-04-08,505,893,0
2025-04-08,510,872,0
2025-04-08,507,906,0
2025-04-08,515,890,0
2025-04-08,518,885,0
2025-04-08,528,895,0
2025-04-08,537,840,0
2025-04-08,537,858,0
2025-04-08,548,849,0
2025-04-08,557,871,0
2025-04-08,557,875,0
2025-04-08,561,840,0
2025-04-08,561,880,0
2025-04-08,565,857,0
2025-04-08,567,889,0
2025-04-08,572,837,0
2025-04-08,573,860,0
2025-04-08,519,915,0
2025-04-08,523,897,0
2025-04-08,524,927,0
2025-04-08,531,920,0
2025-04-08,535,949,0
2025-04-08,546,925,0
2025-04-08,553,930,0
2025-04-08,555,920,0
2025-04-08,557,943,0
2025-04-08,560,923,0
2025-04-08,573,966,0
2025-04-08,531,1041,0
2025-04-08,536,1038,0
2025-04-08,537,1084,0
2025-04-08,541,1062,0
2025-04-08,550,1035,0
2025-04-08,551,1071,0
2025-04-08,555,1034,0
2025-04-08,566,1043,0
2025-04-08,567,1028,0
2025-04-08,568,1049,0
2025-04-08,573,1026,0
2025-04-08,557,1118,0
2025-04-08,573,1097,0
2025-04-08,575,1097,0
2025-04-08,534,1168,0
2025-04-08,537,1157,0
2025-04-08,546,1171,0
2025-04-08,567,1164,0
2025-04-08,588,889,0
2025-04-08,590,857,0
2025-04-08,591,871,0
2025-04-08,606,873,0
2025-04-08,598,943,0
2025-04-08,601,902,0
2025-04-08,609,929,0
2025-04-08,618,914,0
2025-04-08,620,915,0
2025-04-08,636,940,0
2025-04-08,577,1016,0
2025-04-08,589,1003,0
2025-04-08,591,995,0
2025-04-08,592,978,0
2025-04-08,596,1007,0
2025-04-08,598,1014,0
2025-04-08,608,1003,0
2025-04-08,610,972,0
2025-04-08,622,998,0
2025-04-08,624,991,0
2025-04-08,634,960,0
2025-04-08,576,1072,0
2025-04-08,579,1037,0
2025-04-08,599,1068,0
2025-04-08,601,1064,0
2025-04-08,611,1031,0
2025-04-08,611,1078,0
2025-04-08,613,1059,0
2025-04-08,615,1025,0
2025-04-08,615,1063,0
2025-04-08,616,1057,0
2025-04-08,616,1086,0
2025-04-08,620,1024,0
2025-04-08,626,1047,0
2025-04-08,628,1064,0
2025-04-08,631,1077,0
2025-04-08,576,1111,0
2025-04-08,589,1099,0
2025-04-08,606,1101,0
2025-04-08,611,1096,0
2025-04-08,613,1098,0
2025-04-08,633,1101,0
2025-04-08,637,1131,0
2025-04-08,645,885,0
2025-04-08,660,880,0
2025-04-08,669,875,0
2025-04-08,640,896,0
2025-04-08,646,918,0
2025-04-08,664,932,0
2025-04-08,671,927,0
2025-04-08,678,931,0
2025-04-08,682,905,0
2025-04-08,686,897,0
2025-04-08,692,918,0
2025-04-08,694,955,0
2025-04-08,648,962,0
2025-04-08,655,1012,0
2025-04-08,658,1013,0
2025-04-08,667,1021,0
2025-04-08,676,973,0
2025-04-08,682,982,0
2025-04-08,689,989,0
2025-04-08,698,986,0
2025-04-08,644,1024,0
2025-04-08,644,1054,0
2025-04-08,651,1029,0
2025-04-08,653,1064,0
2025-04-08,661,1055,0
2025-04-08,662,1057,0
2025-04-08,665,1041,0
2025-04-08,668,1050,0
2025-04-08,672,1038,0
2025-04-08,684,1083,0
2025-04-08,685,1032,0
2025-04-08,687,1047,0
2025-04-08,689,1030,0
2025-04-08,697,1057,0
2025-04-08,698,1073,0
2025-04-08,702,1052,0
2025-04-08,703,1072,0
2025-04-08,642,1096,0
2025-04-08,644,1103,0
2025-04-08,646,1100,0
2025-04-08,665,1114,0
2025-04-08,677,1117,0
2025-04-08,679,1092,0
2025-04-08,705,898,0
2025-04-08,714,955,0
2025-04-08,714,956,0
2025-04-08,750,958,0
2025-04-08,705,962,0
2025-04-08,711,1018,0
2025-04-08,748,984,0
2025-04-08,748,1010,0
2025-04-08,759,981,0
2025-04-08,767,971,0
2025-04-08,707,1070,0
2025-04-08,728,1064,0
2025-04-08,730,1080,0
2025-04-08,734,1034,0
2025-04-08,734,1053,0
2025-04-08,736,1057,0
2025-04-08,737,1055,0
2025-04-08,738,1025,0
2025-04-08,745,1071,0
2025-04-08,754,1035,0
2025-04-08,759,1080,0
2025-04-08,709,1100,0
2025-04-08,724,1102,0
2025-04-08,733,1103,0
2025-04-08,748,1099,0
2025-04-08,762,1107,0
2025-04-08,764,1092,0
2025-04-08,777,997,0
2025-04-08,778,975,0
2025-04-08,778,1012,0
2025-04-08,780,982,0
2025-04-08,785,1020,0
2025-04-08,788,992,0
2025-04-08,789,985,0
2025-04-08,799,1020,0
2025-04-08,782,1047,0
2025-04-08,790,1029,0
2025-04-08,797,1026,0
2025-04-08,801,1086,0
2025-04-08,804,1026,0
2025-04-08,810,1061,0
2025-04-08,770,1118,0
2025-04-08,774,1117,0
2025-04-08,780,1097,0
2025-04-08,785,1111,0
2025-04-08,805,1095,0
2025-04-13,46,319,0
2025-04-13,62,313,0
2025-04-13,49,332,0
2025-04-13,51,343,0
2025-04-13,58,347,0
2025-04-13,63,345,0
2025-04-13,82,306,0
2025-04-13,68,333,0
2025-04-13,69,355,0
2025-04-13,70,365,0
2025-04-13,71,335,0
2025-04-13,71,357,0
2025-04-13,77,349,0
2025-04-13,86,344,0
2025-04-13,91,379,0
2025-04-13,103,352,0
2025-04-13,106,346,0
2025-04-13,112,338,0
2025-04-13,100,432,0
2025-04-13,101,446,0
2025-04-13,102,387,0
2025-04-13,114,417,0
2025-04-13,123,438,0
2025-04-13,105,450,0
2025-04-13,113,473,0
2025-04-13,116,477,0
2025-04-13,121,456,0
2025-04-13,122,501,0
2025-04-13,126,450,0
2025-04-13,127,487,0
2025-04-13,120,522,0
2025-04-13,79,689,0
2025-04-13,80,686,0
2025-04-13,90,670,0
2025-04-13,93,693,0
2025-04-13,94,665,0
2025-04-13,98,680,0
2025-04-13,107,662,0
2025-04-13,123,643,0
2025-04-13,76,715,0
2025-04-13,99,710,0
2025-04-13,114,714,0
2025-04-13,141,354,0
2025-04-13,156,359,0
2025-04-13,173,370,0
2025-04-13,131,398,0
2025-04-13,131,424,0
2025-04-13,132,418,0
2025-04-13,139,442,0
2025-04-13,141,394,0
2025-04-13,141,434,0
2025-04-13,147,395,0
2025-04-13,154,434,0
2025-04-13,158,398,0
2025-04-13,159,389,0
2025-04-13,159,420,0
2025-04-13,160,400,0
2025-04-13,161,387,0
2025-04-13,170,433,0
2025-04-13,172,396,0
2025-04-13,182,422,0
2025-04-13,135,459,0
2025-04-13,138,487,0
2025-04-13,142,479,0
2025-04-13,150,455,0
2025-04-13,161,489,0
2025-04-13,178,474,0
2025-04-13,183,481,0
2025-04-13,184,484,0
2025-04-13,191,477,0
2025-04-13,136,520,0
2025-04-13,139,538,0
2025-04-13,143,549,0
2025-04-13,146,540,0
2025-04-13,151,532,0
2025-04-13,156,518,0
2025-04-13,157,518,0
2025-04-13,161,549,0
2025-04-13,174,550,0
2025-04-13,181,543,0
2025-04-13,188,548,0
2025-04-13,148,587,0
2025-04-13,153,620,0
2025-04-13,161,612,0
2025-04-13,166,605,0
2025-04-13,169,590,0
2025-04-13,178,624,0
2025-04-13,180,587,0
2025-04-13,184,621,0
2025-04-13,129,676,0
2025-04-13,136,642,0
2025-04-13,137,647,0
2025-04-13,141,659,0
2025-04-13,146,657,0
2025-04-13,176,675,0
2025-04-13,178,681,0
2025-04-13,182,642,0
2025-04-13,190,724,0
2025-04-13,199,351,0
2025-04-13,203,355,0
2025-04-13,203,366,0
2025-04-13,208,357,0
2025-04-13,219,367,0
2025-04-13,232,375,0
2025-04-13,194,412,0
2025-04-13,207,385,0
2025-04-13,195,492,0
2025-04-13,198,506,0
2025-04-13,214,510,0
2025-04-13,215,498,0
2025-04-13,193,514,0
2025-04-13,198,570,0
2025-04-13,203,552,0
2025-04-13,205,570,0
2025-04-13,208,537,0
2025-04-13,215,540,0
2025-04-13,227,512,0
2025-04-13,227,513,0
2025-04-13,252,550,0
2025-04-13,192,592,0
2025-04-13,194,639,0
2025-04-13,200,581,0
2025-04-13,201,599,0
2025-04-13,201,611,0
2025-04-13,204,616,0
2025-04-13,205,576,0
2025-04-13,210,619,0
2025-04-13,212,586,0
2025-04-13,221,579,0
2025-04-13,225,595,0
2025-04-13,227,598,0
2025-04-13,234,639,0
2025-04-13,239,618,0
2025-04-13,241,619,0
2025-04-13,243,576,0
2025-04-13,243,602,0
2025-04-13,254,585,0
2025-04-13,207,658,0
2025-04-13,208,682,0
2025-04-13,210,657,0
2025-04-13,211,643,0
2025-04-13,215,659,0
2025-04-13,220,678,0
2025-04-13,232,660,0
2025-04-13,239,668,0
2025-04-13,249,677,0
2025-04-13,213,723,0
2025-04-13,257,548,0
2025-04-13,268,567,0
2025-04-13,284,554,0
2025-04-13,300,567,0
2025-04-13,316,558,0
2025-04-13,257,609,0
2025-04-13,266,591,0
2025-04-13,269,621,0
2025-04-13,272,622,0
2025-04-13,276,614,0
2025-04-13,279,586,0
2025-04-13,304,607,0
2025-04-13,304,635,0
2025-04-13,317,606,0
2025-04-13,266,643,0
2025-04-13,278,702,0
2025-04-13,279,700,0
2025-04-13,283,669,0
2025-04-13,292,652,0
2025-04-13,295,670,0
2025-04-13,308,689,0
2025-04-13,312,694,0
2025-04-13,275,746,0
2025-04-13,279,743,0
2025-04-13,290,719,0
2025-04-13,314,706,0
2025-04-13,339,570,0
2025-04-13,341,574,0
2025-04-13,323,620,0
2025-04-13,338,616,0
2025-04-13,346,579,0
2025-04-13,321,680,0
2025-04-13,331,681,0
2025-04-13,331,690,0
2025-04-13,334,693,0
2025-04-13,336,702,0
2025-04-13,359,696,0
2025-04-13,360,693,0
2025-04-13,381,689,0
2025-04-13,322,710,0
2025-04-13,323,766,0
2025-04-13,335,755,0
2025-04-13,346,704,0
2025-04-13,350,730,0
2025-04-13,353,715,0
2025-04-13,366,755,0
2025-04-13,370,735,0
2025-04-13,370,759,0
2025-04-13,372,718,0
2025-04-13,375,741,0
2025-04-13,377,736,0
2025-04-13,381,728,0
2025-04-13,382,717,0
2025-04-13,345,768,0
2025-04-13,401,738,0
2025-04-13,409,735,0
2025-04-13,441,741,1
2025-04-13,393,776,0
2025-04-13,415,785,0
2025-04-13,421,782,0
2025-04-13,432,777,0
2025-04-13,433,780,0
2025-04-13,439,792,0
2025-04-13,440,790,0
2025-04-13,443,787,0
2025-04-13,447,780,0
2025-04-13,449,755,0
2025-04-13,458,759,1
2025-04-13,464,767,1
2025-04-13,461,780,0
2025-04-13,467,785,0
2025-04-13,479,819,0
2025-04-13,480,804,0
2025-04-13,490,802,0
2025-04-13,492,824,0
2025-04-13,496,821,0
2025-04-13,502,823,0
2025-04-13,503,819,0
2025-04-13,509,820,0
2025-04-13,476,872,0
2025-04-13,486,846,0
2025-04-13,502,852,0
2025-04-13,526,821,0
2025-04-13,545,824,0
2025-04-13,526,880,0
2025-04-13,555,845,0
2025-04-13,556,850,0
2025-04-13,561,845,0
2025-04-13,565,874,0
2025-04-13,566,838,0
2025-04-13,529,922,0
2025-04-13,535,922,0
2025-04-13,539,941,0
2025-04-13,539,954,0
2025-04-13,541,919,0
2025-04-13,547,943,0
2025-04-13,553,940,0
2025-04-13,553,943,0
2025-04-13,550,1017,0
2025-04-13,551,983,0
2025-04-13,557,1017,0
2025-04-13,572,962,0
2025-04-13,533,1048,0
2025-04-13,539,1054,0
2025-04-13,544,1044,0
2025-04-13,545,1068,0
2025-04-13,561,1050,0
2025-04-13,568,1083,0
2025-04-13,573,1087,0
2025-04-13,574,1053,0
2025-04-13,541,1120,0
2025-04-13,543,1110,0
2025-04-13,549,1100,0
2025-04-13,549,1125,0
2025-04-13,558,1110,0
2025-04-13,559,1124,0
2025-04-13,569,1137,0
2025-04-13,575,1092,0
2025-04-13,538,1170,0
2025-04-13,546,1177,0
2025-04-13,557,1158,0
2025-04-13,570,1170,0
2025-04-13,583,847,0
2025-04-13,587,846,0
2025-04-13,592,875,0
2025-04-13,594,869,0
2025-04-13,618,871,0
2025-04-13,631,895,0
2025-04-13,580,927,0
2025-04-13,591,952,0
2025-04-13,596,951,0
2025-04-13,597,899,0
2025-04-13,605,945,0
2025-04-13,632,959,0
2025-04-13,634,951,0
2025-04-13,637,947,0
2025-04-13,577,984,0
2025-04-13,578,979,0
2025-04-13,579,1006,0
2025-04-13,580,997,0
2025-04-13,598,1007,0
2025-04-13,607,996,0
2025-04-13,610,963,0
2025-04-13,610,972,0
2025-04-13,615,1017,0
2025-04-13,617,980,0
2025-04-13,617,1021,0
2025-04-13,618,1004,0
2025-04-13,624,989,0
2025-04-13,628,1006,0
2025-04-13,630,966,0
2025-04-13,631,967,0
2025-04-13,632,1009,0
2025-04-13,586,1031,0
2025-04-13,591,1034,0
2025-04-13,593,1029,0
2025-04-13,593,1077,0
2025-04-13,599,1053,0
2025-04-13,606,1069,0
2025-04-13,609,1024,0
2025-04-13,619,1048,0
2025-04-13,622,1033,0
2025-04-13,626,1057,0
2025-04-13,630,1047,0
2025-04-13,639,1049,0
2025-04-13,583,1128,0
2025-04-13,587,1125,0
2025-04-13,596,1124,0
2025-04-13,603,1122,0
2025-04-13,622,1102,0
2025-04-13,623,1100,0
2025-04-13,624,1088,0
2025-04-13,627,1105,0
2025-04-13,630,1118,0
2025-04-13,634,1104,0
2025-04-13,688,889,0
2025-04-13,645,916,0
2025-04-13,668,940,0
2025-04-13,685,933,0
2025-04-13,695,952,0
2025-04-13,699,932,0
2025-04-13,647,977,0
2025-04-13,649,1000,0
2025-04-13,651,1022,0
2025-04-13,657,1009,0
2025-04-13,660,960,0
2025-04-13,683,985,0
2025-04-13,684,980,0
2025-04-13,697,994,0
2025-04-13,697,1010,0
2025-04-13,703,1012,0
2025-04-13,643,1057,0
2025-04-13,644,1082,0
2025-04-13,650,1051,0
2025-04-13,654,1032,0
2025-04-13,655,1032,0
2025-04-13,662,1044,0
2025-04-13,677,1050,0
2025-04-13,679,1042,0
2025-04-13,686,1025,0
2025-04-13,686,1086,0
2025-04-13,688,1050,0
2025-04-13,688,1081,0
2025-04-13,694,1062,0
2025-04-13,702,1079,0
2025-04-13,702,1087,0
2025-04-13,703,1077,0
2025-04-13,662,1102,0
2025-04-13,691,1108,0
2025-04-13,695,1102,0
2025-04-13,732,941,0
2025-04-13,740,946,0
2025-04-13,757,947,0
2025-04-13,758,945,0
2025-04-13,764,947,0
2025-04-13,711,981,0
2025-04-13,714,1023,0
2025-04-13,719,965,0
2025-04-13,719,972,0
2025-04-13,723,991,0
2025-04-13,724,975,0
2025-04-13,729,1008,0
2025-04-13,731,984,0
2025-04-13,738,968,0
2025-04-13,755,965,0
2025-04-13,711,1072,0
2025-04-13,719,1024,0
2025-04-13,722,1041,0
2025-04-13,726,1026,0
2025-04-13,727,1048,0
2025-04-13,734,1041,0
2025-04-13,735,1075,0
2025-04-13,737,1032,0
2025-04-13,740,1054,0
2025-04-13,740,1073,0
2025-04-13,743,1036,0
2025-04-13,745,1050,0
2025-04-13,752,1087,0
2025-04-13,757,1031,0
2025-04-13,757,1075,0
2025-04-13,740,1111,0
2025-04-13,759,1102,0
2025-04-13,770,957,0
2025-04-13,777,955,0
2025-04-13,770,973,0
2025-04-13,773,998,0
2025-04-13,777,1068,0
2025-04-13,781,1053,0
2025-04-13,792,1053,0
2025-04-13,793,1028,0
2025-04-13,801,1053,0
2025-04-13,803,1063,0
2025-04-13,822,1074,0
2025-04-13,775,1099,0
2025-04-13,800,1102,0
2025-04-13,800,1106,0
2025-04-15,47,337,0
2025-04-15,53,351,0
2025-04-15,87,313,0
2025-04-15,103,314,0
2025-04-15,71,340,0
2025-04-15,73,332,0
2025-04-15,80,355,0
2025-04-15,92,366,0
2025-04-15,115,339,0
2025-04-15,117,345,0
2025-04-15,84,403,0
2025-04-15,100,433,0
2025-04-15,108,443,0
2025-04-15,112,419,0
2025-04-15,117,394,0
2025-04-15,121,403,0
2025-04-15,124,391,0
2025-04-15,125,444,0
2025-04-15,104,482,0
2025-04-15,109,472,0
2025-04-15,120,491,0
2025-04-15,125,488,0
2025-04-15,118,520,0
2025-04-15,78,688,0
2025-04-15,84,677,0
2025-04-15,85,690,0
2025-04-15,92,694,0
2025-04-15,100,688,0
2025-04-15,102,655,0
2025-04-15,107,655,0
2025-04-15,112,676,0
2025-04-15,116,701,0
2025-04-15,119,665,0
2025-04-15,120,688,0
2025-04-15,126,687,0
2025-04-15,126,719,0
2025-04-15,134,360,0
2025-04-15,144,383,0
2025-04-15,153,355,0
2025-04-15,178,376,0
2025-04-15,133,422,0
2025-04-15,136,394,0
2025-04-15,138,427,0
2025-04-15,144,405,0
2025-04-15,146,416,0
2025-04-15,152,393,0
2025-04-15,180,413,0
2025-04-15,190,385,0
2025-04-15,129,499,0
2025-04-15,136,475,0
2025-04-15,139,474,0
2025-04-15,152,451,0
2025-04-15,153,510,0
2025-04-15,160,487,0
2025-04-15,162,485,0
2025-04-15,170,470,0
2025-04-15,186,477,0
2025-04-15,189,510,0
2025-04-15,128,523,0
2025-04-15,142,557,0
2025-04-15,163,549,0
2025-04-15,165,543,0
2025-04-15,167,520,0
2025-04-15,168,563,0
2025-04-15,178,563,0
2025-04-15,187,516,0
2025-04-15,151,600,0
2025-04-15,158,606,0
2025-04-15,191,614,0
2025-04-15,129,695,0
2025-04-15,134,699,0
2025-04-15,141,645,0
2025-04-15,143,644,0
2025-04-15,143,650,0
2025-04-15,164,665,0
2025-04-15,174,657,0
2025-04-15,174,673,0
2025-04-15,175,657,0
2025-04-15,188,640,0
2025-04-15,189,655,0
2025-04-15,175,732,0
2025-04-15,183,731,0
2025-04-15,195,349,0
2025-04-15,206,357,0
2025-04-15,212,377,0
2025-04-15,214,383,0
2025-04-15,216,380,0
2025-04-15,222,369,0
2025-04-15,199,388,0
2025-04-15,214,392,0
2025-04-15,219,397,0
2025-04-15,236,424,0
2025-04-15,227,507,0
2025-04-15,192,523,0
2025-04-15,209,574,0
2025-04-15,211,524,0
2025-04-15,217,547,0
2025-04-15,225,568,0
2025-04-15,245,569,0
2025-04-15,253,543,0
2025-04-15,195,592,0
2025-04-15,196,594,0
2025-04-15,199,620,0
2025-04-15,208,615,0
2025-04-15,210,595,0
2025-04-15,213,582,0
2025-04-15,225,597,0
2025-04-15,227,595,0
2025-04-15,242,580,0
2025-04-15,242,584,0
2025-04-15,244,587,0
2025-04-15,249,625,0
2025-04-15,251,629,0
2025-04-15,253,580,0
2025-04-15,202,641,0
2025-04-15,206,702,0
2025-04-15,208,674,0
2025-04-15,215,656,0
2025-04-15,223,653,0
2025-04-15,232,654,0
2025-04-15,242,644,0
2025-04-15,246,640,0
2025-04-15,254,649,0
2025-04-15,220,704,0
2025-04-15,260,558,0
2025-04-15,294,573,0
2025-04-15,295,558,0
2025-04-15,306,567,0
2025-04-15,312,566,0
2025-04-15,314,563,0
2025-04-15,317,551,0
2025-04-15,257,605,0
2025-04-15,259,622,0
2025-04-15,262,624,0
2025-04-15,263,627,0
2025-04-15,266,637,0
2025-04-15,274,584,0
2025-04-15,277,602,0
2025-04-15,279,592,0
2025-04-15,281,610,0
2025-04-15,286,612,0
2025-04-15,288,608,0
2025-04-15,288,616,0
2025-04-15,305,634,0
2025-04-15,306,606,0
2025-04-15,264,673,0
2025-04-15,271,644,0
2025-04-15,272,677,0
2025-04-15,273,693,0
2025-04-15,282,673,0
2025-04-15,288,664,0
2025-04-15,293,667,0
2025-04-15,296,681,0
2025-04-15,312,686,0
2025-04-15,284,709,0
2025-04-15,288,721,0
2025-04-15,299,754,0
2025-04-15,300,767,0
2025-04-15,318,746,0
2025-04-15,307,774,0
2025-04-15,334,573,0
2025-04-15,320,611,0
2025-04-15,335,583,0
2025-04-15,327,690,0
2025-04-15,337,689,0
2025-04-15,366,696,0
2025-04-15,321,732,0
2025-04-15,323,706,0
2025-04-15,324,763,0
2025-04-15,334,743,0
2025-04-15,367,716,0
2025-04-15,368,719,0
2025-04-15,369,710,0
2025-04-15,320,773,0
2025-04-15,392,702,0
2025-04-15,385,765,0
2025-04-15,390,735,0
2025-04-15,390,751,0
2025-04-15,398,714,0
2025-04-15,408,715,0
2025-04-15,413,753,0
2025-04-15,420,733,0
2025-04-15,421,762,0
2025-04-15,432,731,0
2025-04-15,442,752,0
2025-04-15,418,790,0
2025-04-15,429,808,0
2025-04-15,443,768,0
2025-04-15,445,798,0
2025-04-15,446,793,0
2025-04-15,458,759,1
2025-04-15,481,795,0
2025-04-15,487,799,0
2025-04-15,488,805,0
2025-04-15,489,825,0
2025-04-15,492,801,0
2025-04-15,494,800,0
2025-04-15,472,846,0
2025-04-15,474,879,0
2025-04-15,508,897,0
2025-04-15,563,831,0
2025-04-15,521,870,0
2025-04-15,521,881,0
2025-04-15,525,844,0
2025-04-15,525,876,0
2025-04-15,531,842,0
2025-04-15,532,857,0
2025-04-15,535,870,0
2025-04-15,537,846,0
2025-04-15,538,836,0
2025-04-15,540,861,0
2025-04-15,542,846,0
2025-04-15,542,863,0
2025-04-15,548,881,0
2025-04-15,549,861,0
2025-04-15,551,890,0
2025-04-15,564,854,0
2025-04-15,570,887,0
2025-04-15,575,882,0
2025-04-15,532,932,0
2025-04-15,553,915,0
2025-04-15,562,904,0
2025-04-15,569,906,0
2025-04-15,558,991,0
2025-04-15,563,977,0
2025-04-15,564,1011,0
2025-04-15,565,986,0
2025-04-15,573,963,0
2025-04-15,527,1078,0
2025-04-15,533,1033,0
2025-04-15,534,1058,0
2025-04-15,537,1058,0
2025-04-15,538,1041,0
2025-04-15,542,1076,0
2025-04-15,548,1057,0
2025-04-15,549,1061,0
2025-04-15,551,1051,0
2025-04-15,559,1069,0
2025-04-15,561,1067,0
2025-04-15,569,1077,0
2025-04-15,570,1066,0
2025-04-15,572,1054,0
2025-04-15,519,1094,0
2025-04-15,538,1095,0
2025-04-15,543,1143,0
2025-04-15,544,1093,0
2025-04-15,549,1099,0
2025-04-15,549,1116,0
2025-04-15,550,1091,0
2025-04-15,557,1118,0
2025-04-15,539,1158,0
2025-04-15,543,1169,0
2025-04-15,550,1157,0
2025-04-15,553,1169,0
2025-04-15,563,1152,0
2025-04-15,570,1169,0
2025-04-15,585,872,0
2025-04-15,595,892,0
2025-04-15,625,877,0
2025-04-15,638,872,0
2025-04-15,582,935,0
2025-04-15,586,935,0
2025-04-15,600,906,0
2025-04-15,600,932,0
2025-04-15,605,944,0
2025-04-15,612,904,0
2025-04-15,613,900,0
2025-04-15,623,896,0
2025-04-15,631,901,0
2025-04-15,633,951,0
2025-04-15,579,981,0
2025-04-15,589,980,0
2025-04-15,595,980,0
2025-04-15,597,1012,0
2025-04-15,598,982,0
2025-04-15,599,994,0
2025-04-15,604,987,0
2025-04-15,606,1006,0
2025-04-15,610,971,0
2025-04-15,617,974,0
2025-04-15,626,1015,0
2025-04-15,627,977,0
2025-04-15,636,983,0
2025-04-15,636,1012,0
2025-04-15,577,1056,0
2025-04-15,579,1062,0
2025-04-15,586,1034,0
2025-04-15,594,1049,0
2025-04-15,597,1085,0
2025-04-15,601,1066,0
2025-04-15,609,1050,0
2025-04-15,610,1056,0
2025-04-15,610,1062,0
2025-04-15,611,1072,0
2025-04-15,611,1085,0
2025-04-15,614,1029,0
2025-04-15,618,1086,0
2025-04-15,620,1035,0
2025-04-15,626,1027,0
2025-04-15,576,1088,0
2025-04-15,576,1100,0
2025-04-15,598,1122,0
2025-04-15,600,1106,0
2025-04-15,601,1092,0
2025-04-15,602,1119,0
2025-04-15,605,1095,0
2025-04-15,606,1088,0
2025-04-15,623,1117,0
2025-04-15,630,1115,0
2025-04-15,631,1112,0
2025-04-15,638,1099,0
2025-04-15,638,1133,0
2025-04-15,639,1125,0
2025-04-15,657,887,0
2025-04-15,679,895,0
2025-04-15,695,893,0
2025-04-15,644,901,0
2025-04-15,650,923,0
2025-04-15,660,944,0
2025-04-15,668,930,0
2025-04-15,669,923,0
2025-04-15,682,916,0
2025-04-15,700,923,0
2025-04-15,702,903,0
2025-04-15,640,981,0
2025-04-15,640,984,0
2025-04-15,643,1012,0
2025-04-15,647,996,0
2025-04-15,650,976,0
2025-04-15,652,998,0
2025-04-15,652,1023,0
2025-04-15,656,977,0
2025-04-15,660,1000,0
2025-04-15,675,990,0
2025-04-15,687,1009,0
2025-04-15,687,1013,0
2025-04-15,692,970,0
2025-04-15,703,1015,0
2025-04-15,647,1031,0
2025-04-15,647,1068,0
2025-04-15,661,1085,0
2025-04-15,662,1025,0
2025-04-15,665,1031,0
2025-04-15,673,1055,0
2025-04-15,674,1030,0
2025-04-15,674,1083,0
2025-04-15,677,1070,0
2025-04-15,682,1039,0
2025-04-15,686,1034,0
2025-04-15,707,945,0
2025-04-15,708,943,0
2025-04-15,710,938,0
2025-04-15,713,938,0
2025-04-15,713,957,0
2025-04-15,714,903,0
2025-04-15,716,952,0
2025-04-15,731,931,0
2025-04-15,746,956,0
2025-04-15,759,942,0
2025-04-15,724,1007,0
2025-04-15,727,1002,0
2025-04-15,729,1012,0
2025-04-15,750,963,0
2025-04-15,752,966,0
2025-04-15,754,963,0
2025-04-15,760,971,0
2025-04-15,763,1022,0
2025-04-15,709,1044,0
2025-04-15,718,1030,0
2025-04-15,737,1067,0
2025-04-15,740,1025,0
2025-04-15,746,1053,0
2025-04-15,748,1052,0
2025-04-15,761,1061,0
2025-04-15,766,1076,0
2025-04-15,708,1103,0
2025-04-15,723,1096,0
2025-04-15,736,1107,0
2025-04-15,762,1100,0
2025-04-15,767,1088,0
2025-04-15,775,959,0
2025-04-15,776,947,0
2025-04-15,778,1005,0
2025-04-15,783,984,0
2025-04-15,783,1014,0
2025-04-15,791,995,0
2025-04-15,770,1056,0
2025-04-15,775,1080,0
2025-04-15,777,1058,0
2025-04-15,777,1087,0
2025-04-15,780,1058,0
2025-04-15,784,1080,0
2025-04-15,789,1058,0
2025-04-15,792,1085,0
2025-04-15,793,1068,0
2025-04-15,796,1070,0
2025-04-15,799,1047,0
2025-04-15,807,1080,0
2025-04-15,814,1051,0
2025-04-15,774,1093,0
2025-04-15,782,1112,0
2025-04-18,54,353,0
2025-04-18,59,338,0
2025-04-18,83,313,0
2025-04-18,90,318,0
2025-04-18,80,350,0
2025-04-18,85,338,0
2025-04-18,101,354,0
2025-04-18,105,350,0
2025-04-18,121,332,0
2025-04-18,121,343,0
2025-04-18,86,412,0
2025-04-18,92,394,0
2025-04-18,98,436,0
2025-04-18,103,443,0
2025-04-18,104,431,0
2025-04-18,112,404,0
2025-04-18,112,411,0
2025-04-18,115,384,0
2025-04-18,122,404,0
2025-04-18,122,424,0
2025-04-18,103,484,0
2025-04-18,105,486,0
2025-04-18,107,495,0
2025-04-18,117,478,0
2025-04-18,122,487,0
2025-04-18,124,490,0
2025-04-18,127,501,0
2025-04-18,116,524,0
2025-04-18,75,697,0
2025-04-18,81,697,0
2025-04-18,89,681,0
2025-04-18,93,689,0
2025-04-18,95,676,0
2025-04-18,95,679,0
2025-04-18,107,648,0
2025-04-18,113,697,0
2025-04-18,126,689,0
2025-04-18,76,704,0
2025-04-18,89,706,0
2025-04-18,147,383,0
2025-04-18,178,354,0
2025-04-18,181,380,0
2025-04-18,184,353,0
2025-04-18,139,421,0
2025-04-18,147,432,0
2025-04-18,148,447,0
2025-04-18,153,388,0
2025-04-18,154,396,0
2025-04-18,155,410,0
2025-04-18,167,400,0
2025-04-18,169,447,0
2025-04-18,182,405,0
2025-04-18,140,501,0
2025-04-18,145,458,0
2025-04-18,146,470,0
2025-04-18,146,503,0
2025-04-18,147,480,0
2025-04-18,158,492,0
2025-04-18,160,467,0
2025-04-18,160,504,0
2025-04-18,161,488,0
2025-04-18,166,453,0
2025-04-18,177,496,0
2025-04-18,134,517,0
2025-04-18,140,538,0
2025-04-18,148,519,0
2025-04-18,152,557,0
2025-04-18,152,574,0
2025-04-18,160,535,0
2025-04-18,164,515,0
2025-04-18,167,532,0
2025-04-18,172,514,0
2025-04-18,173,536,0
2025-04-18,178,534,0
2025-04-18,181,544,0
2025-04-18,189,559,0
2025-04-18,141,633,0
2025-04-18,154,615,0
2025-04-18,154,634,0
2025-04-18,165,617,0
2025-04-18,173,605,0
2025-04-18,175,603,0
2025-04-18,178,637,0
2025-04-18,183,625,0
2025-04-18,184,629,0
2025-04-18,185,604,0
2025-04-18,129,642,0
2025-04-18,133,658,0
2025-04-18,143,663,0
2025-04-18,149,650,0
2025-04-18,173,640,0
2025-04-18,177,667,0
2025-04-18,190,647,0
2025-04-18,198,354,0
2025-04-18,198,360,0
2025-04-18,212,362,0
2025-04-18,212,374,0
2025-04-18,226,366,0
2025-04-18,232,362,0
2025-04-18,194,419,0
2025-04-18,194,427,0
2025-04-18,204,445,0
2025-04-18,216,401,0
2025-04-18,217,510,0
2025-04-18,205,537,0
2025-04-18,229,575,0
2025-04-18,234,515,0
2025-04-18,241,534,0
2025-04-18,244,533,0
2025-04-18,245,567,0
2025-04-18,252,543,0
2025-04-18,252,567,0
2025-04-18,196,613,0
2025-04-18,210,626,0
2025-04-18,222,582,0
2025-04-18,224,580,0
2025-04-18,229,590,0
2025-04-18,244,625,0
2025-04-18,246,607,0
2025-04-18,193,659,0
2025-04-18,211,652,0
2025-04-18,213,678,0
2025-04-18,221,690,0
2025-04-18,237,648,0
2025-04-18,239,668,0
2025-04-18,255,642,0
2025-04-18,208,705,0
2025-04-18,216,707,0
2025-04-18,218,715,0
2025-04-18,298,552,0
2025-04-18,307,575,0
2025-04-18,258,637,0
2025-04-18,266,628,0
2025-04-18,270,587,0
2025-04-18,277,608,0
2025-04-18,281,608,0
2025-04-18,282,586,0
2025-04-18,284,595,0
2025-04-18,284,598,0
2025-04-18,290,636,0
2025-04-18,294,610,0
2025-04-18,299,600,0
2025-04-18,303,597,0
2025-04-18,304,609,0
2025-04-18,309,639,0
2025-04-18,265,677,0
2025-04-18,272,648,0
2025-04-18,272,694,0
2025-04-18,273,691,0
2025-04-18,275,684,0
2025-04-18,278,698,0
2025-04-18,279,676,0
2025-04-18,280,697,0
2025-04-18,290,678,0
2025-04-18,300,661,0
2025-04-18,309,674,0
2025-04-18,312,645,0
2025-04-18,319,702,0
2025-04-18,268,737,0
2025-04-18,274,714,0
2025-04-18,278,705,0
2025-04-18,278,742,0
2025-04-18,286,759,0
2025-04-18,290,742,0
2025-04-18,297,715,0
2025-04-18,300,721,0
2025-04-18,302,720,0
2025-04-18,303,743,0
2025-04-18,308,757,0
2025-04-18,326,607,0
2025-04-18,330,619,0
2025-04-18,338,607,0
2025-04-18,345,590,0
2025-04-18,350,594,0
2025-04-18,355,586,0
2025-04-18,321,698,0
2025-04-18,325,682,0
2025-04-18,366,700,0
2025-04-18,325,722,0
2025-04-18,327,707,0
2025-04-18,336,757,0
2025-04-18,358,754,0
2025-04-18,370,730,0
2025-04-18,389,742,0
2025-04-18,389,758,0
2025-04-18,393,724,0
2025-04-18,393,761,0
2025-04-18,403,722,0
2025-04-18,413,744,0
2025-04-18,413,753,0
2025-04-18,418,727,0
2025-04-18,386,777,0
2025-04-18,387,777,0
2025-04-18,397,769,0
2025-04-18,411,788,0
2025-04-18,425,773,0
2025-04-18,425,805,0
2025-04-18,429,785,0
2025-04-18,453,757,0
2025-04-18,458,759,1
2025-04-18,464,767,1
2025-04-18,449,806,1
2025-04-18,450,802,0
2025-04-18,485,809,0
2025-04-18,492,820,0
2025-04-18,504,816,0
2025-04-18,504,830,0
2025-04-18,507,795,0
2025-04-18,463,844,0
2025-04-18,463,850,0
2025-04-18,494,846,0
2025-04-18,499,865,0
2025-04-18,507,854,0
2025-04-18,507,887,0
2025-04-18,506,917,0
2025-04-18,508,896,0
2025-04-18,511,907,0
2025-04-18,520,806,0
2025-04-18,521,810,0
2025-04-18,555,830,0
2025-04-18,515,850,0
2025-04-18,517,877,0
2025-04-18,518,846,0
2025-04-18,532,855,0
2025-04-18,532,871,0
2025-04-18,538,869,0
2025-04-18,539,855,0
2025-04-18,561,853,0
2025-04-18,565,871,0
2025-04-18,570,849,0
2025-04-18,513,930,0
2025-04-18,523,928,0
2025-04-18,528,903,0
2025-04-18,531,900,0
2025-04-18,556,928,0
2025-04-18,558,925,0
2025-04-18,563,936,0
2025-04-18,575,947,0
2025-04-18,543,964,0
2025-04-18,544,998,0
2025-04-18,555,967,0
2025-04-18,557,971,0
2025-04-18,562,984,0
2025-04-18,568,1012,0
2025-04-18,569,1019,0
2025-04-18,575,992,0
2025-04-18,535,1053,0
2025-04-18,539,1060,0
2025-04-18,550,1059,0
2025-04-18,550,1087,0
2025-04-18,552,1055,0
2025-04-18,568,1069,0
2025-04-18,574,1049,0
2025-04-18,574,1068,0
2025-04-18,575,1043,0
2025-04-18,538,1100,0
2025-04-18,538,1101,0
2025-04-18,546,1118,0
2025-04-18,552,1116,0
2025-04-18,554,1104,0
2025-04-18,554,1118,0
2025-04-18,556,1138,0
2025-04-18,559,1120,0
2025-04-18,560,1104,0
2025-04-18,563,1145,0
2025-04-18,567,1133,0
2025-04-18,543,1180,0
2025-04-18,557,1163,0
2025-04-18,561,1160,0
2025-04-18,576,875,0
2025-04-18,580,886,0
2025-04-18,599,889,0
2025-04-18,610,874,0
2025-04-18,613,873,0
2025-04-18,613,877,0
2025-04-18,615,891,0
2025-04-18,576,937,0
2025-04-18,597,938,0
2025-04-18,602,958,0
2025-04-18,603,954,0
2025-04-18,605,951,0
2025-04-18,629,948,0
2025-04-18,639,913,0
2025-04-18,580,1006,0
2025-04-18,592,977,0
2025-04-18,607,985,0
2025-04-18,610,986,0
2025-04-18,610,989,0
2025-04-18,616,960,0
2025-04-18,620,971,0
2025-04-18,627,966,0
2025-04-18,630,960,0
2025-04-18,630,962,0
2025-04-18,638,969,0
2025-04-18,580,1066,0
2025-04-18,586,1030,0
2025-04-18,591,1029,0
2025-04-18,595,1061,0
2025-04-18,598,1040,0
2025-04-18,599,1043,0
2025-04-18,635,1076,0
2025-04-18,579,1098,0
2025-04-18,589,1124,0
2025-04-18,591,1118,0
2025-04-18,601,1120,0
2025-04-18,604,1103,0
2025-04-18,617,1102,0
2025-04-18,636,1104,0
2025-04-18,637,1117,0
2025-04-18,671,884,0
2025-04-18,646,897,0
2025-04-18,647,924,0
2025-04-18,647,935,0
2025-04-18,656,945,0
2025-04-18,680,909,0
2025-04-18,683,913,0
2025-04-18,687,915,0
2025-04-18,697,940,0
2025-04-18,644,967,0
2025-04-18,652,961,0
2025-04-18,653,978,0
2025-04-18,662,966,0
2025-04-18,669,989,0
2025-04-18,671,968,0
2025-04-18,672,1020,0
2025-04-18,675,1015,0
2025-04-18,683,1001,0
2025-04-18,687,1017,0
2025-04-18,698,980,0
2025-04-18,701,960,0
2025-04-18,644,1030,0
2025-04-18,647,1074,0
2025-04-18,649,1075,0
2025-04-18,653,1072,0
2025-04-18,668,1052,0
2025-04-18,669,1059,0
2025-04-18,682,1047,0
2025-04-18,695,1030,0
2025-04-18,701,1043,0
2025-04-18,641,1125,0
2025-04-18,644,1119,0
2025-04-18,650,1117,0
2025-04-18,663,1115,0
2025-04-18,665,1123,0
2025-04-18,666,1117,0
2025-04-18,676,1095,0
2025-04-18,691,1092,0
2025-04-18,704,914,0
2025-04-18,708,898,0
2025-04-18,727,958,0
2025-04-18,730,955,0
2025-04-18,731,959,0
2025-04-18,764,958,0
2025-04-18,704,1002,0
2025-04-18,704,1007,0
2025-04-18,707,990,0
2025-04-18,717,984,0
2025-04-18,718,969,0
2025-04-18,721,1017,0
2025-04-18,729,995,0
2025-04-18,729,1020,0
2025-04-18,740,975,0
2025-04-18,741,995,0
2025-04-18,744,987,0
2025-04-18,753,983,0
2025-04-18,763,961,0
2025-04-18,764,1021,0
2025-04-18,766,1014,0
2025-04-18,709,1057,0
2025-04-18,716,1057,0
2025-04-18,721,1052,0
2025-04-18,725,1041,0
2025-04-18,725,1087,0
2025-04-18,733,1075,0
2025-04-18,740,1037,0
2025-04-18,745,1080,0
2025-04-18,757,1087,0
2025-04-18,704,1097,0
2025-04-18,713,1090,0
2025-04-18,718,1107,0
2025-04-18,726,1090,0
2025-04-18,743,1103,0
2025-04-18,744,1110,0
2025-04-18,751,1118,0
2025-04-18,764,1109,0
2025-04-18,767,1101,0
2025-04-18,769,1014,0
2025-04-18,776,1001,0
2025-04-18,786,985,0
2025-04-18,786,989,0
2025-04-18,789,1019,0
2025-04-18,768,1042,0
2025-04-18,776,1068,0
2025-04-18,778,1079,0
2025-04-18,779,1083,0
2025-04-18,792,1052,0
2025-04-18,795,1052,0
2025-04-18,812,1074,0
2025-04-18,821,1059,0
2025-04-18,824,1071,0
2025-04-18,775,1116,0
2025-04-18,776,1097,0
2025-04-18,796,1111,0
2025-04-28,42,314,0
2025-04-28,50,313,0
2025-04-28,46,344,0
2025-04-28,50,331,0
2025-04-28,53,338,0
2025-04-28,59,337,0
2025-04-28,109,318,0
2025-04-28,75,357,0
2025-04-28,83,368,0
2025-04-28,91,367,0
2025-04-28,91,383,0
2025-04-28,95,330,0
2025-04-28,102,324,0
2025-04-28,102,369,0
2025-04-28,108,339,0
2025-04-28,120,347,0
2025-04-28,123,353,0
2025-04-28,126,373,0
2025-04-28,90,421,0
2025-04-28,94,414,0
2025-04-28,100,390,0
2025-04-28,102,439,0
2025-04-28,104,440,0
2025-04-28,106,427,0
2025-04-28,107,397,0
2025-04-28,106,453,0
2025-04-28,110,452,0
2025-04-28,113,480,0
2025-04-28,116,483,0
2025-04-28,123,462,0
2025-04-28,80,691,0
2025-04-28,85,703,0
2025-04-28,87,692,0
2025-04-28,94,693,0
2025-04-28,98,657,0
2025-04-28,112,673,0
2025-04-28,125,669,0
2025-04-28,127,653,0
2025-04-28,133,351,0
2025-04-28,151,376,0
2025-04-28,180,382,0
2025-04-28,182,369,0
2025-04-28,128,395,0
2025-04-28,135,430,0
2025-04-28,140,430,0
2025-04-28,141,388,0
2025-04-28,153,396,0
2025-04-28,177,388,0
2025-04-28,177,429,0
2025-04-28,180,426,0
2025-04-28,180,427,0
2025-04-28,185,403,0
2025-04-28,190,404,0
2025-04-28,142,485,0
2025-04-28,161,489,0
2025-04-28,171,510,0
2025-04-28,179,466,1
2025-04-28,190,499,0
2025-04-28,131,519,0
2025-04-28,154,520,0
2025-04-28,164,552,0
2025-04-28,182,535,0
2025-04-28,189,540,0
2025-04-28,143,585,0
2025-04-28,151,633,0
2025-04-28,156,583,0
2025-04-28,157,581,0
2025-04-28,164,638,0
2025-04-28,167,586,0
2025-04-28,177,604,0
2025-04-28,179,621,0
2025-04-28,184,580,0
2025-04-28,189,625,0
2025-04-28,137,651,0
2025-04-28,165,651,0
2025-04-28,170,666,0
2025-04-28,185,679,0
2025-04-28,187,664,0
2025-04-28,190,713,0
2025-04-28,198,352,0
2025-04-28,198,374,0
2025-04-28,205,392,0
2025-04-28,205,401,0
2025-04-28,211,390,0
2025-04-28,230,438,0
2025-04-28,196,466,0
2025-04-28,212,503,0
2025-04-28,205,557,0
2025-04-28,206,526,0
2025-04-28,209,527,0
2025-04-28,213,530,0
2025-04-28,242,539,0
2025-04-28,247,564,0
2025-04-28,248,553,0
2025-04-28,205,639,0
2025-04-28,206,611,0
2025-04-28,211,580,0
2025-04-28,215,595,0
2025-04-28,223,592,0
2025-04-28,224,634,0
2025-04-28,226,619,0
2025-04-28,226,624,0
2025-04-28,227,578,0
2025-04-28,229,629,0
2025-04-28,235,601,0
2025-04-28,236,626,0
2025-04-28,244,617,0
2025-04-28,198,657,0
2025-04-28,201,662,0
2025-04-28,209,650,0
2025-04-28,216,654,0
2025-04-28,219,649,0
2025-04-28,242,665,0
2025-04-28,251,680,0
2025-04-28,201,714,0
2025-04-28,260,573,0
2025-04-28,264,556,1
2025-04-28,287,573,0
2025-04-28,290,571,0
2025-04-28,296,571,0
2025-04-28,313,574,0
2025-04-28,261,576,0
2025-04-28,267,601,0
2025-04-28,268,626,0
2025-04-28,275,632,0
2025-04-28,285,633,0
2025-04-28,293,606,0
2025-04-28,294,612,0
2025-04-28,303,588,0
2025-04-28,307,623,0
2025-04-28,309,598,0
2025-04-28,310,607,0
2025-04-28,317,605,0
2025-04-28,264,687,0
2025-04-28,265,664,0
2025-04-28,281,702,0
2025-04-28,283,653,0
2025-04-28,286,665,0
2025-04-28,288,647,0
2025-04-28,288,672,0
2025-04-28,303,644,0
2025-04-28,305,664,0
2025-04-28,308,701,0
2025-04-28,309,670,0
2025-04-28,318,681,0
2025-04-28,318,697,0
2025-04-28,272,714,0
2025-04-28,272,750,0
2025-04-28,289,729,0
2025-04-28,289,764,0
2025-04-28,290,706,0
2025-04-28,295,736,0
2025-04-28,297,733,0
2025-04-28,305,714,0
2025-04-28,311,734,0
2025-04-28,318,716,0
2025-04-28,294,770,0
2025-04-28,325,562,0
2025-04-28,326,559,0
2025-04-28,331,563,0
2025-04-28,321,599,0
2025-04-28,322,579,0
2025-04-28,324,620,0
2025-04-28,325,616,0
2025-04-28,326,634,0
2025-04-28,334,624,0
2025-04-28,335,608,0
2025-04-28,338,613,0
2025-04-28,342,606,0
2025-04-28,348,578,0
2025-04-28,349,585,0
2025-04-28,322,701,0
2025-04-28,323,691,0
2025-04-28,353,699,0
2025-04-28,367,689,0
2025-04-28,326,747,0
2025-04-28,326,761,0
2025-04-28,332,717,0
2025-04-28,335,726,0
2025-04-28,337,737,0
2025-04-28,337,761,0
2025-04-28,346,710,0
2025-04-28,352,712,0
2025-04-28,352,763,0
2025-04-28,356,706,0
2025-04-28,357,756,0
2025-04-28,374,765,0
2025-04-28,376,736,0
2025-04-28,380,706,0
2025-04-28,385,747,0
2025-04-28,388,750,0
2025-04-28,391,759,0
2025-04-28,408,751,0
2025-04-28,441,741,1
2025-04-28,445,750,0
2025-04-28,422,785,0
2025-04-28,424,776,0
2025-04-28,425,782,0
2025-04-28,438,813,0
2025-04-28,443,793,0
2025-04-28,444,792,0
2025-04-28,447,771,0
2025-04-28,458,759,1
2025-04-28,464,767,1
2025-04-28,449,787,0
2025-04-28,453,775,0
2025-04-28,455,783,0
2025-04-28,463,772,0
2025-04-28,478,822,0
2025-04-28,480,781,0
2025-04-28,488,816,0
2025-04-28,492,801,0
2025-04-28,494,810,0
2025-04-28,500,813,0
2025-04-28,493,853,0
2025-04-28,494,850,0
2025-04-28,497,867,0
2025-04-28,498,869,0
2025-04-28,510,887,0
2025-04-28,506,900,0
2025-04-28,512,794,0
2025-04-28,515,829,0
2025-04-28,546,822,0
2025-04-28,512,875,0
2025-04-28,523,849,0
2025-04-28,523,855,0
2025-04-28,532,834,0
2025-04-28,533,885,0
2025-04-28,536,875,0
2025-04-28,538,881,0
2025-04-28,543,865,0
2025-04-28,550,846,0
2025-04-28,574,867,0
2025-04-28,518,931,0
2025-04-28,521,912,0
2025-04-28,523,936,0
2025-04-28,536,898,0
2025-04-28,546,911,0
2025-04-28,565,950,0
2025-04-28,568,958,0
2025-04-28,575,903,0
2025-04-28,550,1017,0
2025-04-28,569,1022,0
2025-04-28,573,979,0
2025-04-28,529,1080,0
2025-04-28,537,1074,0
2025-04-28,540,1037,0
2025-04-28,543,1034,0
2025-04-28,543,1048,0
2025-04-28,553,1055,0
2025-04-28,560,1061,0
2025-04-28,538,1103,0
2025-04-28,552,1108,0
2025-04-28,556,1104,0
2025-04-28,558,1138,0
2025-04-28,559,1113,0
2025-04-28,533,1167,0
2025-04-28,534,1172,0
2025-04-28,539,1163,0
2025-04-28,553,1163,0
2025-04-28,563,1176,0
2025-04-28,565,1155,0
2025-04-28,576,888,0
2025-04-28,578,880,0
2025-04-28,601,894,0
2025-04-28,633,877,0
2025-04-28,638,875,0
2025-04-28,639,872,1
2025-04-28,579,908,0
2025-04-28,585,948,0
2025-04-28,587,953,0
2025-04-28,594,947,0
2025-04-28,599,949,0
2025-04-28,618,913,0
2025-04-28,621,957,0
2025-04-28,623,899,0
2025-04-28,626,907,0
2025-04-28,581,1008,0
2025-04-28,585,967,0
2025-04-28,588,967,0
2025-04-28,592,1004,0
2025-04-28,593,1014,0
2025-04-28,595,978,0
2025-04-28,598,995,0
2025-04-28,613,963,0
2025-04-28,613,1011,0
2025-04-28,617,976,0
2025-04-28,621,993,0
2025-04-28,636,1001,0
2025-04-28,637,1019,0
2025-04-28,579,1045,0
2025-04-28,582,1061,0
2025-04-28,584,1053,0
2025-04-28,588,1066,0
2025-04-28,590,1076,0
2025-04-28,592,1043,0
2025-04-28,593,1047,0
2025-04-28,595,1039,0
2025-04-28,597,1053,0
2025-04-28,601,1036,0
2025-04-28,609,1076,0
2025-04-28,611,1030,0
2025-04-28,632,1053,0
2025-04-28,634,1038,0
2025-04-28,638,1047,0
2025-04-28,577,1112,0
2025-04-28,577,1126,0
2025-04-28,577,1130,0
2025-04-28,580,1125,0
2025-04-28,593,1126,0
2025-04-28,596,1096,0
2025-04-28,619,1124,0
2025-04-28,627,1127,0
2025-04-28,647,876,0
2025-04-28,654,891,0
2025-04-28,655,891,0
2025-04-28,642,948,0
2025-04-28,643,959,0
2025-04-28,651,928,0
2025-04-28,653,945,0
2025-04-28,660,924,0
2025-04-28,667,948,0
2025-04-28,678,900,0
2025-04-28,684,951,0
2025-04-28,686,915,0
2025-04-28,690,907,0
2025-04-28,701,901,0
2025-04-28,641,961,0
2025-04-28,642,992,0
2025-04-28,645,1012,0
2025-04-28,661,973,0
2025-04-28,665,965,0
2025-04-28,669,1005,0
2025-04-28,673,976,0
2025-04-28,679,986,0
2025-04-28,680,1000,0
2025-04-28,685,977,0
2025-04-28,690,987,0
2025-04-28,691,993,0
2025-04-28,694,1013,0
2025-04-28,644,1076,0
2025-04-28,645,1025,0
2025-04-28,649,1031,0
2025-04-28,650,1066,0
2025-04-28,654,1062,0
2025-04-28,662,1076,0
2025-04-28,666,1087,0
2025-04-28,675,1077,0
2025-04-28,677,1080,0
2025-04-28,681,1049,0
2025-04-28,687,1085,0
2025-04-28,701,1070,0
2025-04-28,647,1090,0
2025-04-28,673,1103,0
2025-04-28,690,1109,0
2025-04-28,710,949,0
2025-04-28,717,915,0
2025-04-28,723,920,0
2025-04-28,733,931,0
2025-04-28,734,935,0
2025-04-28,739,943,0
2025-04-28,764,949,0
2025-04-28,705,1021,0
2025-04-28,716,1014,0
2025-04-28,721,1003,0
2025-04-28,722,1018,0
2025-04-28,723,967,0
2025-04-28,727,978,0
2025-04-28,728,1017,0
2025-04-28,736,967,0
2025-04-28,738,960,0
2025-04-28,748,985,0
2025-04-28,755,963,0
2025-04-28,758,1016,0
2025-04-28,759,971,0
2025-04-28,765,980,0
2025-04-28,765,994,0
2025-04-28,709,1074,0
2025-04-28,720,1043,0
2025-04-28,728,1041,0
2025-04-28,737,1042,0
2025-04-28,750,1080,0
2025-04-28,759,1086,0
2025-04-28,730,1088,0
2025-04-28,747,1113,0
2025-04-28,754,1112,0
2025-04-28,756,1115,0
2025-04-28,761,1102,0
2025-04-28,777,947,1
2025-04-28,769,960,0
2025-04-28,772,966,0
2025-04-28,780,1023,0
2025-04-28,784,987,0
2025-04-28,793,1002,0
2025-04-28,774,1036,0
2025-04-28,778,1027,0
2025-04-28,785,1038,0
2025-04-28,786,1087,0
2025-04-28,794,1042,0
2025-04-28,801,1075,0
2025-04-28,804,1059,0
2025-04-28,812,1074,0
2025-04-28,813,1048,0
2025-04-28,791,1094,0
2025-04-28,794,1096,0
2025-04-28,800,1104,0
2025-04-28,800,1106,0
2025-05-03,40,340,0
2025-05-03,45,336,0
2025-05-03,61,350,0
2025-05-03,65,319,0
2025-05-03,67,362,0
2025-05-03,75,326,0
2025-05-03,75,363,0
2025-05-03,88,372,0
2025-05-03,97,324,0
2025-05-03,102,334,0
2025-05-03,108,376,0
2025-05-03,114,373,0
2025-05-03,119,355,0
2025-05-03,120,349,0
2025-05-03,93,386,0
2025-05-03,93,391,0
2025-05-03,95,387,0
2025-05-03,95,405,0
2025-05-03,101,407,0
2025-05-03,123,405,0
2025-05-03,113,477,0
2025-05-03,122,478,0
2025-05-03,124,523,0
2025-05-03,79,698,0
2025-05-03,83,701,0
2025-05-03,85,675,0
2025-05-03,85,702,0
2025-05-03,98,686,0
2025-05-03,101,666,0
2025-05-03,119,655,0
2025-05-03,133,364,0
2025-05-03,139,361,0
2025-05-03,145,377,0
2025-05-03,166,376,0
2025-05-03,191,377,0
2025-05-03,128,403,0
2025-05-03,130,395,0
2025-05-03,151,432,0
2025-05-03,163,447,0
2025-05-03,164,394,0
2025-05-03,176,437,0
2025-05-03,177,424,0
2025-05-03,184,407,0
2025-05-03,191,389,0
2025-05-03,132,470,0
2025-05-03,132,491,0
2025-05-03,161,505,0
2025-05-03,167,457,0
2025-05-03,170,472,0
2025-05-03,177,491,0
2025-05-03,185,507,0
2025-05-03,186,480,0
2025-05-03,134,569,0
2025-05-03,145,525,0
2025-05-03,159,545,0
2025-05-03,169,544,0
2025-05-03,172,529,0
2025-05-03,174,563,0
2025-05-03,178,563,0
2025-05-03,180,573,0
2025-05-03,182,512,0
2025-05-03,190,575,0
2025-05-03,191,521,0
2025-05-03,191,560,0
2025-05-03,141,630,0
2025-05-03,149,589,0
2025-05-03,153,587,0
2025-05-03,153,609,0
2025-05-03,155,617,0
2025-05-03,159,599,0
2025-05-03,172,612,0
2025-05-03,172,636,0
2025-05-03,176,598,0
2025-05-03,183,579,0
2025-05-03,185,625,0
2025-05-03,187,632,0
2025-05-03,189,618,0
2025-05-03,128,652,0
2025-05-03,130,689,0
2025-05-03,144,666,0
2025-05-03,145,642,0
2025-05-03,180,658,1
2025-05-03,182,649,1
2025-05-03,182,657,1
2025-05-03,183,657,1
2025-05-03,183,658,1
2025-05-03,184,657,1
2025-05-03,184,674,0
2025-05-03,185,657,1
2025-05-03,186,647,1
2025-05-03,186,657,1
2025-05-03,186,658,1
2025-05-03,188,643,0
2025-05-03,189,665,0
2025-05-03,190,645,1
2025-05-03,177,732,0
2025-05-03,178,729,0
2025-05-03,178,732,0
2025-05-03,192,356,0
2025-05-03,199,374,0
2025-05-03,221,367,0
2025-05-03,204,445,0
2025-05-03,208,391,0
2025-05-03,210,403,0
2025-05-03,217,425,0
2025-05-03,228,393,0
2025-05-03,233,434,0
2025-05-03,195,467,0
2025-05-03,195,505,0
2025-05-03,197,499,0
2025-05-03,206,509,0
2025-05-03,194,517,0
2025-05-03,195,560,0
2025-05-03,198,555,0
2025-05-03,208,543,0
2025-05-03,220,526,0
2025-05-03,232,545,0
2025-05-03,237,548,0
2025-05-03,242,544,0
2025-05-03,244,563,0
2025-05-03,194,632,0
2025-05-03,198,617,0
2025-05-03,199,578,0
2025-05-03,200,620,0
2025-05-03,207,612,0
2025-05-03,208,578,0
2025-05-03,209,591,0
2025-05-03,209,637,0
2025-05-03,220,602,0
2025-05-03,228,581,0
2025-05-03,228,591,0
2025-05-03,236,630,0
2025-05-03,240,631,0
2025-05-03,192,655,1
2025-05-03,193,655,1
2025-05-03,193,656,1
2025-05-03,194,664,0
2025-05-03,196,648,1
2025-05-03,196,649,1
2025-05-03,196,651,1
2025-05-03,197,648,1
2025-05-03,197,649,1
2025-05-03,197,651,1
2025-05-03,198,648,1
2025-05-03,198,649,1
2025-05-03,199,648,1
2025-05-03,199,649,1
2025-05-03,200,646,1
2025-05-03,200,647,1
2025-05-03,201,646,1
2025-05-03,201,647,1
2025-05-03,205,664,0
2025-05-03,210,652,0
2025-05-03,217,649,0
2025-05-03,229,662,0
2025-05-03,234,669,0
2025-05-03,248,645,0
2025-05-03,211,715,0
2025-05-03,256,559,0
2025-05-03,259,565,0
2025-05-03,265,559,0
2025-05-03,274,564,0
2025-05-03,282,556,0
2025-05-03,291,554,0
2025-05-03,306,558,0
2025-05-03,316,554,0
2025-05-03,316,556,0
2025-05-03,258,614,0
2025-05-03,258,616,0
2025-05-03,261,599,0
2025-05-03,264,577,0
2025-05-03,264,639,0
2025-05-03,269,615,0
2025-05-03,270,619,0
2025-05-03,288,614,0
2025-05-03,290,638,0
2025-05-03,292,635,0
2025-05-03,299,583,0
2025-05-03,303,611,0
2025-05-03,304,609,0
2025-05-03,310,626,0
2025-05-03,311,594,0
2025-05-03,315,580,0
2025-05-03,278,703,0
2025-05-03,284,649,0
2025-05-03,297,685,0
2025-05-03,302,671,0
2025-05-03,303,650,0
2025-05-03,307,670,0
2025-05-03,314,656,0
2025-05-03,316,656,0
2025-05-03,316,698,0
2025-05-03,267,749,0
2025-05-03,282,716,0
2025-05-03,288,733,0
2025-05-03,295,757,0
2025-05-03,302,745,0
2025-05-03,307,713,0
2025-05-03,318,717,0
2025-05-03,357,574,0
2025-05-03,336,601,0
2025-05-03,342,578,0
2025-05-03,346,608,0
2025-05-03,320,683,0
2025-05-03,320,694,0
2025-05-03,322,671,0
2025-05-03,337,688,0
2025-05-03,351,690,0
2025-05-03,323,767,0
2025-05-03,327,749,0
2025-05-03,334,763,0
2025-05-03,337,712,0
2025-05-03,337,729,0
2025-05-03,341,761,0
2025-05-03,349,757,0
2025-05-03,354,739,0
2025-05-03,366,725,0
2025-05-03,392,714,0
2025-05-03,408,715,0
2025-05-03,412,717,0
2025-05-03,420,739,0
2025-05-03,420,749,0
2025-05-03,426,731,0
2025-05-03,429,720,0
2025-05-03,417,801,0
2025-05-03,449,768,0
2025-05-03,456,777,0
2025-05-03,462,770,0
2025-05-03,480,788,0
2025-05-03,481,818,0
2025-05-03,485,799,0
2025-05-03,503,794,0
2025-05-03,509,824,0
2025-05-03,476,879,0
2025-05-03,495,864,0
2025-05-03,505,884,0
2025-05-03,510,904,0
2025-05-03,510,920,0
2025-05-03,530,825,0
2025-05-03,539,822,0
2025-05-03,520,865,0
2025-05-03,524,833,0
2025-05-03,527,868,0
2025-05-03,535,862,0
2025-05-03,536,892,0
2025-05-03,540,863,0
2025-05-03,541,877,0
2025-05-03,541,890,0
2025-05-03,548,854,0
2025-05-03,564,895,0
2025-05-03,514,916,0
2025-05-03,515,924,0
2025-05-03,522,901,0
2025-05-03,524,928,0
2025-05-03,526,910,0
2025-05-03,528,917,0
2025-05-03,540,940,0
2025-05-03,544,918,0
2025-05-03,554,897,0
2025-05-03,565,897,0
2025-05-03,545,996,0
2025-05-03,546,995,0
2025-05-03,547,964,0
2025-05-03,550,1018,0
2025-05-03,551,966,0
2025-05-03,561,968,0
2025-05-03,562,1009,0
2025-05-03,572,989,0
2025-05-03,534,1081,0
2025-05-03,539,1086,0
2025-05-03,543,1032,0
2025-05-03,546,1081,0
2025-05-03,552,1047,0
2025-05-03,556,1083,0
2025-05-03,560,1048,0
2025-05-03,532,1089,0
2025-05-03,537,1103,0
2025-05-03,542,1146,0
2025-05-03,550,1127,0
2025-05-03,551,1127,0
2025-05-03,560,1098,0
2025-05-03,560,1128,0
2025-05-03,567,1090,0
2025-05-03,570,1146,0
2025-05-03,571,1101,0
2025-05-03,573,1130,0
2025-05-03,539,1161,0
2025-05-03,544,1177,0
2025-05-03,569,1172,0
2025-05-03,602,887,0
2025-05-03,603,870,0
2025-05-03,626,874,0
2025-05-03,634,883,0
2025-05-03,584,933,0
2025-05-03,596,955,0
2025-05-03,602,909,0
2025-05-03,605,948,0
2025-05-03,613,924,0
2025-05-03,620,954,0
2025-05-03,627,907,0
2025-05-03,630,904,0
2025-05-03,638,896,0
2025-05-03,580,1015,0
2025-05-03,582,997,0
2025-05-03,587,994,0
2025-05-03,589,985,0
2025-05-03,589,1021,0
2025-05-03,592,1000,0
2025-05-03,596,1022,0
2025-05-03,598,986,0
2025-05-03,617,1012,0
2025-05-03,620,1010,0
2025-05-03,633,980,0
2025-05-03,586,1057,0
2025-05-03,591,1052,0
2025-05-03,597,1087,0
2025-05-03,598,1079,0
2025-05-03,598,1087,0
2025-05-03,607,1026,0
2025-05-03,607,1050,0
2025-05-03,611,1066,0
2025-05-03,613,1061,0
2025-05-03,629,1027,0
2025-05-03,629,1080,0
2025-05-03,577,1128,0
2025-05-03,586,1122,0
2025-05-03,590,1112,0
2025-05-03,591,1122,0
2025-05-03,592,1109,0
2025-05-03,611,1090,0
2025-05-03,625,1117,0
2025-05-03,627,1120,0
2025-05-03,627,1131,0
2025-05-03,631,1107,0
2025-05-03,636,1131,0
2025-05-03,639,1120,0
2025-05-03,657,885,0
2025-05-03,677,884,0
2025-05-03,641,927,0
2025-05-03,646,952,0
2025-05-03,648,919,0
2025-05-03,654,944,0
2025-05-03,664,900,0
2025-05-03,670,898,0
2025-05-03,675,956,0
2025-05-03,677,924,0
2025-05-03,679,923,0
2025-05-03,688,931,0
2025-05-03,700,912,0
2025-05-03,701,942,0
2025-05-03,641,1019,0
2025-05-03,654,971,0
2025-05-03,655,1013,0
2025-05-03,660,986,0
2025-05-03,666,984,0
2025-05-03,671,988,0
2025-05-03,679,977,0
2025-05-03,680,1022,0
2025-05-03,691,984,0
2025-05-03,640,1035,0
2025-05-03,648,1069,0
2025-05-03,655,1083,0
2025-05-03,678,1075,0
2025-05-03,695,1028,0
2025-05-03,642,1112,0
2025-05-03,655,1106,0
2025-05-03,658,1112,0
2025-05-03,663,1121,0
2025-05-03,693,1095,0
2025-05-03,694,1091,0
2025-05-03,735,926,0
2025-05-03,755,951,0
2025-05-03,709,982,0
2025-05-03,713,982,0
2025-05-03,713,1003,0
2025-05-03,717,975,0
2025-05-03,717,976,0
2025-05-03,720,995,0
2025-05-03,722,985,0
2025-05-03,726,968,0
2025-05-03,738,962,0
2025-05-03,743,1012,0
2025-05-03,744,979,0
2025-05-03,745,974,0
2025-05-03,751,1004,0
2025-05-03,752,971,0
2025-05-03,752,1005,0
2025-05-03,758,968,0
2025-05-03,758,1012,0
2025-05-03,763,961,0
2025-05-03,706,1028,0
2025-05-03,707,1057,0
2025-05-03,715,1043,0
2025-05-03,716,1080,0
2025-05-03,720,1052,0
2025-05-03,725,1041,0
2025-05-03,739,1071,0
2025-05-03,742,1037,0
2025-05-03,743,1024,0
2025-05-03,743,1030,0
2025-05-03,748,1040,0
2025-05-03,750,1085,0
2025-05-03,751,1068,0
2025-05-03,756,1044,0
2025-05-03,756,1077,0
2025-05-03,760,1034,0
2025-05-03,761,1079,0
2025-05-03,762,1029,0
2025-05-03,709,1102,0
2025-05-03,712,1101,0
2025-05-03,774,941,0
2025-05-03,770,1006,0
2025-05-03,771,1013,0
2025-05-03,773,996,0
2025-05-03,776,986,0
2025-05-03,779,983,0
2025-05-03,781,980,0
2025-05-03,782,999,0
2025-05-03,785,979,0
2025-05-03,786,1017,0
2025-05-03,788,1023,0
2025-05-03,793,999,0
2025-05-03,798,1023,0
2025-05-03,785,1024,0
2025-05-03,791,1064,0
2025-05-03,808,1060,0
2025-05-03,782,1095,0
2025-05-03,799,1098,0
2025-05-08,44,320,0
2025-05-08,49,336,0
2025-05-08,49,361,0
2025-05-08,55,357,0
2025-05-08,58,362,0
2025-05-08,59,356,0
2025-05-08,61,362,0
2025-05-08,62,321,0
2025-05-08,63,329,0
2025-05-08,96,319,0
2025-05-08,68,371,0
2025-05-08,77,341,0
2025-05-08,78,343,0
2025-05-08,81,359,0
2025-05-08,81,372,0
2025-05-08,82,322,0
2025-05-08,85,357,0
2025-05-08,105,323,0
2025-05-08,111,377,0
2025-05-08,117,360,0
2025-05-08,126,359,0
2025-05-08,93,432,0
2025-05-08,109,411,0
2025-05-08,121,439,0
2025-05-08,127,401,0
2025-05-08,103,489,0
2025-05-08,106,506,0
2025-05-08,112,500,0
2025-05-08,116,463,0
2025-05-08,73,685,0
2025-05-08,84,695,0
2025-05-08,86,670,0
2025-05-08,96,664,0
2025-05-08,110,643,0
2025-05-08,120,672,0
2025-05-08,77,711,0
2025-05-08,158,376,0
2025-05-08,178,379,0
2025-05-08,134,410,0
2025-05-08,137,430,0
2025-05-08,138,422,0
2025-05-08,139,399,0
2025-05-08,140,407,0
2025-05-08,150,442,0
2025-05-08,152,419,0
2025-05-08,161,412,0
2025-05-08,178,396,0
2025-05-08,128,501,0
2025-05-08,152,491,0
2025-05-08,155,487,0
2025-05-08,162,450,0
2025-05-08,170,448,0
2025-05-08,173,496,0
2025-05-08,174,503,0
2025-05-08,178,506,0
2025-05-08,153,556,0
2025-05-08,165,564,0
2025-05-08,167,530,0
2025-05-08,168,561,0
2025-05-08,189,575,0
2025-05-08,136,577,0
2025-05-08,145,628,0
2025-05-08,154,585,0
2025-05-08,162,585,0
2025-05-08,171,600,0
2025-05-08,182,583,0
2025-05-08,183,616,0
2025-05-08,190,605,0
2025-05-08,134,700,0
2025-05-08,137,660,0
2025-05-08,153,671,0
2025-05-08,158,655,0
2025-05-08,159,671,0
2025-05-08,166,652,0
2025-05-08,167,648,0
2025-05-08,181,648,0
2025-05-08,219,379,0
2025-05-08,234,383,0
2025-05-08,235,382,0
2025-05-08,194,423,0
2025-05-08,200,427,0
2025-05-08,201,390,0
2025-05-08,219,392,0
2025-05-08,228,392,0
2025-05-08,195,464,0
2025-05-08,200,498,0
2025-05-08,198,547,0
2025-05-08,208,568,0
2025-05-08,219,574,0
2025-05-08,220,566,0
2025-05-08,223,533,0
2025-05-08,226,541,0
2025-05-08,229,562,0
2025-05-08,233,565,0
2025-05-08,235,550,0
2025-05-08,246,567,0
2025-05-08,253,552,0
2025-05-08,202,614,0
2025-05-08,212,612,0
2025-05-08,218,607,0
2025-05-08,220,608,0
2025-05-08,223,603,0
2025-05-08,223,628,0
2025-05-08,227,581,0
2025-05-08,230,577,0
2025-05-08,235,577,0
2025-05-08,255,615,0
2025-05-08,193,641,0
2025-05-08,193,645,0
2025-05-08,193,650,0
2025-05-08,196,646,0
2025-05-08,205,647,0
2025-05-08,206,699,0
2025-05-08,210,690,0
2025-05-08,218,680,0
2025-05-08,226,679,0
2025-05-08,228,694,0
2025-05-08,229,642,0
2025-05-08,230,686,0
2025-05-08,239,677,0
2025-05-08,240,664,0
2025-05-08,192,724,0
2025-05-08,201,704,0
2025-05-08,201,722,0
2025-05-08,226,708,0
2025-05-08,229,704,0
2025-05-08,259,563,0
2025-05-08,267,575,0
2025-05-08,279,556,0
2025-05-08,280,556,0
2025-05-08,309,554,0
2025-05-08,266,595,0
2025-05-08,274,625,0
2025-05-08,277,629,0
2025-05-08,282,576,0
2025-05-08,283,594,0
2025-05-08,284,584,0
2025-05-08,285,603,0
2025-05-08,308,580,0
2025-05-08,313,594,0
2025-05-08,318,610,0
2025-05-08,319,624,0
2025-05-08,261,643,0
2025-05-08,267,670,0
2025-05-08,274,694,0
2025-05-08,282,687,0
2025-05-08,292,645,0
2025-05-08,310,648,0
2025-05-08,267,742,0
2025-05-08,281,705,0
2025-05-08,282,738,0
2025-05-08,286,748,0
2025-05-08,299,738,0
2025-05-08,303,764,0
2025-05-08,306,752,0
2025-05-08,315,725,0
2025-05-08,317,720,0
2025-05-08,300,770,0
2025-05-08,317,768,0
2025-05-08,332,587,0
2025-05-08,334,611,0
2025-05-08,344,589,0
2025-05-08,345,578,0
2025-05-08,354,596,0
2025-05-08,331,702,0
2025-05-08,343,689,0
2025-05-08,346,691,0
2025-05-08,349,702,0
2025-05-08,320,752,0
2025-05-08,324,759,0
2025-05-08,328,748,0
2025-05-08,335,740,0
2025-05-08,338,744,0
2025-05-08,353,767,0
2025-05-08,354,752,0
2025-05-08,361,744,0
2025-05-08,372,724,0
2025-05-08,381,738,0
2025-05-08,387,698,0
2025-05-08,400,736,0
2025-05-08,408,721,0
2025-05-08,417,707,0
2025-05-08,429,761,0
2025-05-08,431,750,0
2025-05-08,433,729,0
2025-05-08,435,740,0
2025-05-08,385,771,0
2025-05-08,434,802,0
2025-05-08,435,789,0
2025-05-08,435,808,0
2025-05-08,437,779,0
2025-05-08,440,796,0
2025-05-08,456,768,0
2025-05-08,469,777,0
2025-05-08,491,786,0
2025-05-08,491,825,0
2025-05-08,493,800,0
2025-05-08,495,824,0
2025-05-08,505,790,0
2025-05-08,464,841,0
2025-05-08,478,877,0
2025-05-08,483,848,0
2025-05-08,488,849,0
2025-05-08,489,847,0
2025-05-08,498,853,0
2025-05-08,510,858,0
2025-05-08,509,913,0
2025-05-08,522,808,0
2025-05-08,513,862,0
2025-05-08,521,882,0
2025-05-08,521,895,0
2025-05-08,522,853,0
2025-05-08,523,849,0
2025-05-08,524,842,0
2025-05-08,536,845,0
2025-05-08,544,876,0
2025-05-08,545,845,0
2025-05-08,554,880,0
2025-05-08,573,852,0
2025-05-08,573,861,0
2025-05-08,574,857,0
2025-05-08,574,864,0
2025-05-08,574,891,0
2025-05-08,517,901,0
2025-05-08,531,927,0
2025-05-08,533,917,0
2025-05-08,537,956,0
2025-05-08,547,951,0
2025-05-08,559,912,0
2025-05-08,559,919,0
2025-05-08,565,907,0
2025-05-08,568,957,0
2025-05-08,547,998,0
2025-05-08,552,1019,0
2025-05-08,562,965,0
2025-05-08,562,968,0
2025-05-08,565,976,0
2025-05-08,569,974,0
2025-05-08,575,963,0
2025-05-08,521,1071,0
2025-05-08,526,1085,0
2025-05-08,529,1066,0
2025-05-08,537,1064,0
2025-05-08,540,1037,0
2025-05-08,565,1076,0
2025-05-08,573,1077,0
2025-05-08,532,1088,0
2025-05-08,538,1151,0
2025-05-08,540,1137,0
2025-05-08,543,1137,0
2025-05-08,549,1096,0
2025-05-08,549,1149,0
2025-05-08,550,1143,0
2025-05-08,556,1090,0
2025-05-08,557,1096,0
2025-05-08,559,1089,0
2025-05-08,564,1148,0
2025-05-08,571,1099,0
2025-05-08,571,1106,0
2025-05-08,537,1155,0
2025-05-08,546,1168,0
2025-05-08,586,869,0
2025-05-08,594,871,0
2025-05-08,608,881,0
2025-05-08,577,904,0
2025-05-08,580,897,0
2025-05-08,585,951,0
2025-05-08,590,914,0
2025-05-08,594,924,0
2025-05-08,594,949,0
2025-05-08,597,917,0
2025-05-08,609,913,0
2025-05-08,619,922,0
2025-05-08,620,935,0
2025-05-08,623,912,0
2025-05-08,626,902,0
2025-05-08,634,946,0
2025-05-08,583,984,0
2025-05-08,585,996,0
2025-05-08,586,961,0
2025-05-08,586,971,0
2025-05-08,589,1015,0
2025-05-08,598,977,0
2025-05-08,603,1007,0
2025-05-08,614,963,0
2025-05-08,618,994,0
2025-05-08,620,974,0
2025-05-08,624,1010,0
2025-05-08,630,985,0
2025-05-08,578,1071,0
2025-05-08,584,1026,0
2025-05-08,601,1078,0
2025-05-08,605,1070,0
2025-05-08,622,1030,0
2025-05-08,633,1041,0
2025-05-08,637,1066,0
2025-05-08,586,1100,0
2025-05-08,587,1113,0
2025-05-08,588,1095,0
2025-05-08,602,1120,0
2025-05-08,629,1095,0
2025-05-08,639,1118,0
2025-05-08,649,883,0
2025-05-08,661,885,0
2025-05-08,668,874,0
2025-05-08,642,952,0
2025-05-08,643,920,0
2025-05-08,652,938,0
2025-05-08,652,954,0
2025-05-08,654,926,0
2025-05-08,655,944,0
2025-05-08,663,946,0
2025-05-08,675,926,0
2025-05-08,678,917,0
2025-05-08,683,940,0
2025-05-08,692,955,0
2025-05-08,694,916,0
2025-05-08,694,939,0
2025-05-08,697,944,0
2025-05-08,699,940,0
2025-05-08,640,1001,0
2025-05-08,645,1018,0
2025-05-08,650,998,0
2025-05-08,651,988,0
2025-05-08,656,968,0
2025-05-08,657,963,0
2025-05-08,657,976,0
2025-05-08,671,963,0
2025-05-08,671,965,0
2025-05-08,672,993,0
2025-05-08,681,995,0
2025-05-08,685,985,0
2025-05-08,689,978,0
2025-05-08,689,987,0
2025-05-08,692,1019,0
2025-05-08,701,1022,0
2025-05-08,702,965,0
2025-05-08,647,1076,0
2025-05-08,650,1081,0
2025-05-08,651,1044,0
2025-05-08,659,1031,0
2025-05-08,661,1042,0
2025-05-08,673,1064,0
2025-05-08,675,1085,0
2025-05-08,680,1029,0
2025-05-08,688,1077,0
2025-05-08,650,1093,0
2025-05-08,654,1100,0
2025-05-08,669,1088,0
2025-05-08,708,911,0
2025-05-08,714,926,0
2025-05-08,718,925,0
2025-05-08,718,927,0
2025-05-08,719,922,0
2025-05-08,728,940,0
2025-05-08,706,974,0
2025-05-08,706,1017,0
2025-05-08,725,988,0
2025-05-08,734,997,0
2025-05-08,735,964,0
2025-05-08,736,1010,0
2025-05-08,745,980,0
2025-05-08,746,977,0
2025-05-08,754,983,0
2025-05-08,758,968,0
2025-05-08,710,1074,0
2025-05-08,717,1068,0
2025-05-08,729,1068,0
2025-05-08,733,1083,0
2025-05-08,734,1070,0
2025-05-08,739,1061,0
2025-05-08,742,1084,0
2025-05-08,749,1081,0
2025-05-08,753,1077,0
2025-05-08,754,1026,0
2025-05-08,756,1051,0
2025-05-08,760,1029,0
2025-05-08,760,1053,0
2025-05-08,761,1079,0
2025-05-08,762,1025,0
2025-05-08,762,1045,0
2025-05-08,762,1072,0
2025-05-08,765,1035,0
2025-05-08,704,1099,0
2025-05-08,730,1096,0
2025-05-08,744,1091,0
2025-05-08,774,957,0
2025-05-08,775,988,0
2025-05-08,779,989,0
2025-05-08,781,1010,0
2025-05-08,783,993,0
2025-05-08,769,1038,0
2025-05-08,772,1069,0
2025-05-08,781,1069,0
2025-05-08,782,1057,0
2025-05-08,789,1077,0
2025-05-08,821,1077,0
2025-05-08,771,1118,0
2025-05-08,775,1111,0
2025-05-08,794,1100,0
2025-05-13,55,317,0
2025-05-13,46,324,0
2025-05-13,54,364,0
2025-05-13,57,360,0
2025-05-13,68,310,0
2025-05-13,73,327,0
2025-05-13,77,359,0
2025-05-13,77,366,0
2025-05-13,82,330,0
2025-05-13,83,341,0
2025-05-13,84,322,0
2025-05-13,84,366,0
2025-05-13,85,325,0
2025-05-13,91,379,0
2025-05-13,95,340,0
2025-05-13,104,331,0
2025-05-13,107,325,0
2025-05-13,113,336,0
2025-05-13,118,344,0
2025-05-13,122,352,0
2025-05-13,124,352,0
2025-05-13,126,344,0
2025-05-13,91,416,0
2025-05-13,97,412,0
2025-05-13,109,433,0
2025-05-13,121,403,0
2025-05-13,122,402,0
2025-05-13,115,504,0
2025-05-13,116,495,0
2025-05-13,120,471,0
2025-05-13,74,695,0
2025-05-13,76,691,0
2025-05-13,103,675,0
2025-05-13,103,689,0
2025-05-13,108,687,0
2025-05-13,114,681,0
2025-05-13,126,668,0
2025-05-13,126,694,0
2025-05-13,74,713,0
2025-05-13,122,717,0
2025-05-13,142,368,0
2025-05-13,142,369,0
2025-05-13,170,362,0
2025-05-13,178,353,0
2025-05-13,185,354,0
2025-05-13,147,429,0
2025-05-13,158,389,0
2025-05-13,164,396,0
2025-05-13,168,444,0
2025-05-13,151,449,0
2025-05-13,155,498,0
2025-05-13,160,505,0
2025-05-13,169,472,0
2025-05-13,172,479,0
2025-05-13,174,501,0
2025-05-13,187,503,0
2025-05-13,156,566,0
2025-05-13,168,517,0
2025-05-13,168,547,0
2025-05-13,182,550,0
2025-05-13,188,528,0
2025-05-13,140,637,0
2025-05-13,149,619,0
2025-05-13,150,598,0
2025-05-13,151,588,0
2025-05-13,152,582,0
2025-05-13,154,612,0
2025-05-13,157,634,0
2025-05-13,161,589,0
2025-05-13,167,624,0
2025-05-13,168,624,0
2025-05-13,169,624,0
2025-05-13,178,618,0
2025-05-13,185,634,0
2025-05-13,186,597,0
2025-05-13,187,612,0
2025-05-13,189,600,0
2025-05-13,145,676,0
2025-05-13,149,648,0
2025-05-13,151,670,1
2025-05-13,154,640,0
2025-05-13,164,641,0
2025-05-13,166,641,0
2025-05-13,168,669,0
2025-05-13,175,643,0
2025-05-13,175,671,0
2025-05-13,179,731,0
2025-05-13,185,720,0
2025-05-13,232,375,0
2025-05-13,195,400,0
2025-05-13,204,407,0
2025-05-13,212,433,0
2025-05-13,200,489,0
2025-05-13,211,510,0
2025-05-13,212,497,0
2025-05-13,219,508,0
2025-05-13,210,555,0
2025-05-13,217,561,0
2025-05-13,226,531,0
2025-05-13,229,566,0
2025-05-13,231,524,0
2025-05-13,254,561,0
2025-05-13,255,565,0
2025-05-13,193,600,0
2025-05-13,195,607,0
2025-05-13,197,638,0
2025-05-13,200,599,0
2025-05-13,209,601,0
2025-05-13,210,607,0
2025-05-13,215,603,0
2025-05-13,219,629,0
2025-05-13,219,639,0
2025-05-13,221,590,0
2025-05-13,226,606,0
2025-05-13,227,632,0
2025-05-13,228,584,0
2025-05-13,244,603,0
2025-05-13,244,636,0
2025-05-13,245,615,0
2025-05-13,255,630,0
2025-05-13,197,647,0
2025-05-13,204,657,0
2025-05-13,214,657,0
2025-05-13,216,660,0
2025-05-13,218,659,0
2025-05-13,229,675,0
2025-05-13,232,685,0
2025-05-13,232,688,0
2025-05-13,238,656,0
2025-05-13,249,678,0
2025-05-13,254,647,0
2025-05-13,205,712,0
2025-05-13,292,552,0
2025-05-13,299,568,0
2025-05-13,313,573,0
2025-05-13,262,582,0
2025-05-13,268,632,0
2025-05-13,272,629,0
2025-05-13,287,577,0
2025-05-13,287,635,0
2025-05-13,297,595,0
2025-05-13,299,595,0
2025-05-13,301,576,0
2025-05-13,301,579,0
2025-05-13,312,591,0
2025-05-13,269,689,0
2025-05-13,270,662,0
2025-05-13,274,694,0
2025-05-13,289,700,0
2025-05-13,299,654,0
2025-05-13,301,693,0
2025-05-13,303,652,0
2025-05-13,303,684,0
2025-05-13,306,673,0
2025-05-13,307,667,0
2025-05-13,308,656,0
2025-05-13,311,645,0
2025-05-13,311,698,0
2025-05-13,314,654,0
2025-05-13,269,739,0
2025-05-13,275,737,0
2025-05-13,277,737,0
2025-05-13,291,718,0
2025-05-13,294,731,0
2025-05-13,296,708,0
2025-05-13,301,714,0
2025-05-13,304,716,0
2025-05-13,309,757,0
2025-05-13,315,776,0
2025-05-13,318,769,0
2025-05-13,340,568,0
2025-05-13,320,622,0
2025-05-13,336,584,0
2025-05-13,346,587,0
2025-05-13,378,686,0
2025-05-13,329,718,0
2025-05-13,334,766,0
2025-05-13,337,720,0
2025-05-13,377,729,0
2025-05-13,378,708,0
2025-05-13,382,748,0
2025-05-13,385,721,0
2025-05-13,386,714,0
2025-05-13,386,726,0
2025-05-13,387,755,0
2025-05-13,389,704,0
2025-05-13,389,720,0
2025-05-13,399,728,0
2025-05-13,416,713,0
2025-05-13,424,758,0
2025-05-13,429,766,0
2025-05-13,431,762,0
2025-05-13,435,737,0
2025-05-13,435,764,0
2025-05-13,425,777,0
2025-05-13,428,772,0
2025-05-13,432,773,0
2025-05-13,439,777,0
2025-05-13,439,799,0
2025-05-13,464,767,1
2025-05-13,482,809,0
2025-05-13,486,826,0
2025-05-13,500,805,0
2025-05-13,482,869,0
2025-05-13,501,867,0
2025-05-13,502,843,0
2025-05-13,504,890,0
2025-05-13,505,864,0
2025-05-13,530,815,0
2025-05-13,535,814,0
2025-05-13,519,840,0
2025-05-13,519,867,0
2025-05-13,520,840,0
2025-05-13,520,855,0
2025-05-13,525,844,0
2025-05-13,534,885,0
2025-05-13,540,861,0
2025-05-13,549,890,0
2025-05-13,550,884,0
2025-05-13,552,834,0
2025-05-13,558,878,0
2025-05-13,559,847,0
2025-05-13,567,861,0
2025-05-13,567,863,0
2025-05-13,517,932,0
2025-05-13,525,902,0
2025-05-13,528,925,0
2025-05-13,531,896,0
2025-05-13,537,927,0
2025-05-13,544,914,0
2025-05-13,544,922,0
2025-05-13,549,959,0
2025-05-13,558,935,0
2025-05-13,561,905,0
2025-05-13,571,924,0
2025-05-13,572,914,0
2025-05-13,547,960,0
2025-05-13,534,1031,0
2025-05-13,536,1045,0
2025-05-13,537,1087,0
2025-05-13,546,1054,0
2025-05-13,546,1070,0
2025-05-13,548,1041,0
2025-05-13,551,1078,0
2025-05-13,566,1053,0
2025-05-13,570,1064,0
2025-05-13,527,1095,0
2025-05-13,549,1097,0
2025-05-13,549,1129,0
2025-05-13,554,1147,0
2025-05-13,561,1135,0
2025-05-13,564,1118,0
2025-05-13,570,1142,0
2025-05-13,534,1156,0
2025-05-13,543,1169,0
2025-05-13,546,1164,0
2025-05-13,548,1158,0
2025-05-13,583,858,0
2025-05-13,599,893,0
2025-05-13,601,867,0
2025-05-13,626,888,0
2025-05-13,587,934,0
2025-05-13,595,947,0
2025-05-13,599,918,0
2025-05-13,605,936,0
2025-05-13,610,949,0
2025-05-13,625,917,0
2025-05-13,625,935,0
2025-05-13,626,954,0
2025-05-13,631,926,0
2025-05-13,576,1021,0
2025-05-13,577,995,0
2025-05-13,579,991,0
2025-05-13,600,994,0
2025-05-13,609,972,0
2025-05-13,609,1009,0
2025-05-13,610,981,0
2025-05-13,615,999,0
2025-05-13,619,985,0
2025-05-13,625,972,0
2025-05-13,633,989,0
2025-05-13,634,970,0
2025-05-13,635,974,0
2025-05-13,636,962,0
2025-05-13,585,1071,0
2025-05-13,587,1085,0
2025-05-13,591,1045,0
2025-05-13,593,1039,0
2025-05-13,594,1052,0
2025-05-13,599,1048,0
2025-05-13,599,1067,0
2025-05-13,608,1057,0
2025-05-13,609,1059,0
2025-05-13,610,1025,0
2025-05-13,610,1031,0
2025-05-13,614,1079,0
2025-05-13,618,1081,0
2025-05-13,622,1039,0
2025-05-13,627,1060,0
2025-05-13,637,1075,0
2025-05-13,638,1042,0
2025-05-13,600,1088,0
2025-05-13,606,1118,0
2025-05-13,615,1095,0
2025-05-13,627,1105,0
2025-05-13,640,892,0
2025-05-13,648,882,0
2025-05-13,644,919,0
2025-05-13,644,945,0
2025-05-13,646,939,0
2025-05-13,656,958,0
2025-05-13,661,958,0
2025-05-13,662,898,0
2025-05-13,672,933,0
2025-05-13,672,934,0
2025-05-13,676,946,0
2025-05-13,679,902,0
2025-05-13,686,907,0
2025-05-13,688,923,0
2025-05-13,690,936,0
2025-05-13,690,947,0
2025-05-13,697,933,0
2025-05-13,702,920,0
2025-05-13,643,1015,0
2025-05-13,647,966,0
2025-05-13,650,981,0
2025-05-13,653,1001,0
2025-05-13,656,997,0
2025-05-13,663,1011,0
2025-05-13,668,1004,0
2025-05-13,687,1010,0
2025-05-13,696,1015,0
2025-05-13,699,1019,0
2025-05-13,701,1022,0
2025-05-13,640,1074,0
2025-05-13,642,1037,0
2025-05-13,645,1042,0
2025-05-13,645,1057,0
2025-05-13,649,1034,0
2025-05-13,660,1039,0
2025-05-13,671,1076,0
2025-05-13,692,1044,0
2025-05-13,693,1055,0
2025-05-13,693,1075,0
2025-05-13,700,1084,0
2025-05-13,701,1053,0
2025-05-13,641,1089,0
2025-05-13,645,1106,0
2025-05-13,665,1102,0
2025-05-13,670,1098,0
2025-05-13,683,1102,0
2025-05-13,684,1090,0
2025-05-13,697,1093,0
2025-05-13,705,928,0
2025-05-13,705,932,0
2025-05-13,721,921,0
2025-05-13,725,958,0
2025-05-13,729,936,0
2025-05-13,766,948,0
2025-05-13,708,982,0
2025-05-13,716,993,0
2025-05-13,726,975,0
2025-05-13,730,1019,0
2025-05-13,735,970,0
2025-05-13,747,1022,0
2025-05-13,750,967,0
2025-05-13,750,991,0
2025-05-13,753,960,0
2025-05-13,756,991,0
2025-05-13,759,981,0
2025-05-13,759,989,0
2025-05-13,766,984,0
2025-05-13,704,1066,0
2025-05-13,706,1044,0
2025-05-13,716,1086,0
2025-05-13,723,1079,0
2025-05-13,740,1032,0
2025-05-13,756,1039,0
2025-05-13,760,1060,0
2025-05-13,720,1093,0
2025-05-13,753,1098,0
2025-05-13,755,1100,0
2025-05-13,760,1102,0
2025-05-13,764,1108,0
2025-05-13,771,943,0
2025-05-13,772,940,0
2025-05-13,775,965,0
2025-05-13,778,985,0
2025-05-13,778,991,0
2025-05-13,785,992,0
2025-05-13,788,1007,0
2025-05-13,801,1004,0
2025-05-13,768,1035,0
2025-05-13,770,1048,0
2025-05-13,772,1026,0
2025-05-13,773,1065,0
2025-05-13,778,1078,0
2025-05-13,783,1083,0
2025-05-13,785,1074,0
2025-05-13,801,1034,0
2025-05-13,809,1070,0
2025-05-13,785,1115,0
2025-06-14,37,315,0
2025-06-14,42,314,0
2025-06-14,51,328,0
2025-06-14,53,369,0
2025-06-14,56,330,0
2025-06-14,56,356,0
2025-06-14,63,364,0
2025-06-14,89,314,0
2025-06-14,103,312,0
2025-06-14,113,319,0
2025-06-14,65,331,0
2025-06-14,70,347,0
2025-06-14,73,323,0
2025-06-14,74,356,0
2025-06-14,81,379,0
2025-06-14,82,344,0
2025-06-14,83,367,0
2025-06-14,90,375,0
2025-06-14,96,344,0
2025-06-14,102,323,0
2025-06-14,113,368,0
2025-06-14,116,362,0
2025-06-14,116,364,0
2025-06-14,121,373,0
2025-06-14,86,406,0
2025-06-14,94,394,0
2025-06-14,97,397,0
2025-06-14,103,431,0
2025-06-14,103,442,0
2025-06-14,105,428,0
2025-06-14,107,402,0
2025-06-14,113,415,0
2025-06-14,104,455,0
2025-06-14,110,448,0
2025-06-14,118,506,0
2025-06-14,123,528,0
2025-06-14,122,639,0
2025-06-14,71,693,0
2025-06-14,77,684,0
2025-06-14,86,695,0
2025-06-14,88,679,0
2025-06-14,105,697,0
2025-06-14,123,643,0
2025-06-14,113,710,0
2025-06-14,138,377,0
2025-06-14,140,373,0
2025-06-14,146,355,0
2025-06-14,150,355,0
2025-06-14,157,373,0
2025-06-14,167,369,0
2025-06-14,188,370,0
2025-06-14,188,373,0
2025-06-14,129,426,0
2025-06-14,131,441,0
2025-06-14,133,390,0
2025-06-14,133,402,0
2025-06-14,137,397,0
2025-06-14,147,413,0
2025-06-14,166,388,0
2025-06-14,168,410,0
2025-06-14,170,390,0
2025-06-14,135,449,0
2025-06-14,145,491,0
2025-06-14,147,490,0
2025-06-14,150,501,0
2025-06-14,161,462,0
2025-06-14,162,454,0
2025-06-14,162,499,0
2025-06-14,169,458,0
2025-06-14,174,459,0
2025-06-14,182,486,0
2025-06-14,129,531,0
2025-06-14,134,540,0
2025-06-14,134,571,0
2025-06-14,136,528,0
2025-06-14,138,529,0
2025-06-14,140,527,0
2025-06-14,149,526,0
2025-06-14,153,529,0
2025-06-14,153,562,0
2025-06-14,162,517,0
2025-06-14,179,564,0
2025-06-14,187,543,0
2025-06-14,188,545,0
2025-06-14,132,639,0
2025-06-14,154,613,0
2025-06-14,158,603,0
2025-06-14,165,603,0
2025-06-14,166,605,0
2025-06-14,171,623,0
2025-06-14,180,632,0
2025-06-14,183,581,0
2025-06-14,186,625,0
2025-06-14,187,597,0
2025-06-14,154,659,0
2025-06-14,166,678,0
2025-06-14,170,645,0
2025-06-14,174,648,0
2025-06-14,176,661,0
2025-06-14,176,670,0
2025-06-14,187,677,0
2025-06-14,191,707,0
2025-06-14,199,372,0
2025-06-14,205,404,0
2025-06-14,213,434,0
2025-06-14,193,480,0
2025-06-14,205,505,0
2025-06-14,196,554,0
2025-06-14,200,523,0
2025-06-14,200,533,0
2025-06-14,203,517,0
2025-06-14,207,522,0
2025-06-14,220,541,0
2025-06-14,226,518,0
2025-06-14,226,574,0
2025-06-14,233,539,0
2025-06-14,234,563,0
2025-06-14,237,545,0
2025-06-14,238,545,0
2025-06-14,239,533,0
2025-06-14,198,578,0
2025-06-14,200,615,0
2025-06-14,200,625,0
2025-06-14,204,605,0
2025-06-14,213,613,0
2025-06-14,218,620,0
2025-06-14,227,597,0
2025-06-14,252,611,0
2025-06-14,192,648,0
2025-06-14,200,667,0
2025-06-14,209,648,0
2025-06-14,210,670,0
2025-06-14,218,655,0
2025-06-14,225,679,0
2025-06-14,231,664,0
2025-06-14,232,682,0
2025-06-14,245,645,0
2025-06-14,255,649,0
2025-06-14,268,564,0
2025-06-14,268,572,0
2025-06-14,272,566,0
2025-06-14,280,570,0
2025-06-14,304,572,0
2025-06-14,306,556,0
2025-06-14,310,561,0
2025-06-14,311,557,0
2025-06-14,261,634,0
2025-06-14,262,604,0
2025-06-14,268,594,0
2025-06-14,275,634,0
2025-06-14,284,577,0
2025-06-14,301,587,0
2025-06-14,302,625,0
2025-06-14,302,627,0
2025-06-14,305,610,0
2025-06-14,310,593,0
2025-06-14,258,644,0
2025-06-14,262,654,0
2025-06-14,279,696,0
2025-06-14,281,642,0
2025-06-14,290,655,0
2025-06-14,291,692,0
2025-06-14,294,660,0
2025-06-14,307,689,0
2025-06-14,310,675,0
2025-06-14,275,709,0
2025-06-14,286,760,0
2025-06-14,293,712,0
2025-06-14,294,748,0
2025-06-14,302,707,0
2025-06-14,312,759,0
2025-06-14,317,757,0
2025-06-14,320,600,0
2025-06-14,321,630,0
2025-06-14,327,594,0
2025-06-14,328,581,0
2025-06-14,329,584,0
2025-06-14,332,606,0
2025-06-14,333,597,0
2025-06-14,343,613,0
2025-06-14,344,615,0
2025-06-14,333,683,0
2025-06-14,378,691,0
2025-06-14,320,753,0
2025-06-14,320,761,0
2025-06-14,328,749,0
2025-06-14,343,754,0
2025-06-14,367,722,0
2025-06-14,370,705,0
2025-06-14,370,766,0
2025-06-14,372,737,0
2025-06-14,375,753,0
2025-06-14,377,713,0
2025-06-14,377,720,0
2025-06-14,378,772,0
2025-06-14,387,691,0
2025-06-14,388,705,0
2025-06-14,389,734,0
2025-06-14,392,741,0
2025-06-14,406,731,0
2025-06-14,408,759,1
2025-06-14,408,760,1
2025-06-14,410,727,0
2025-06-14,413,748,0
2025-06-14,413,760,1
2025-06-14,414,760,1
2025-06-14,415,759,1
2025-06-14,415,760,1
2025-06-14,416,759,1
2025-06-14,416,760,1
2025-06-14,417,759,1
2025-06-14,417,760,1
2025-06-14,417,767,1
2025-06-14,418,759,1
2025-06-14,418,760,1
2025-06-14,418,767,1
2025-06-14,419,759,1
2025-06-14,419,760,1
2025-06-14,419,767,1
2025-06-14,420,708,0
2025-06-14,420,758,1
2025-06-14,420,759,1
2025-06-14,420,760,1
2025-06-14,421,760,1
2025-06-14,422,760,1
2025-06-14,423,760,1
2025-06-14,443,746,1
2025-06-14,443,747,1
2025-06-14,417,797,0
2025-06-14,418,769,1
2025-06-14,418,770,1
2025-06-14,419,768,1
2025-06-14,419,769,1
2025-06-14,419,770,1
2025-06-14,421,769,1
2025-06-14,427,775,0
2025-06-14,442,785,0
2025-06-14,445,810,1
2025-06-14,445,811,1
2025-06-14,446,772,0
2025-06-14,458,759,1
2025-06-14,449,806,1
2025-06-14,451,805,1
2025-06-14,452,804,1
2025-06-14,452,805,1
2025-06-14,462,782,0
2025-06-14,464,789,0
2025-06-14,470,782,0
2025-06-14,479,778,0
2025-06-14,481,794,0
2025-06-14,498,805,0
2025-06-14,500,864,0
2025-06-14,509,877,0
2025-06-14,511,885,0
2025-06-14,530,824,0
2025-06-14,516,868,0
2025-06-14,528,832,0
2025-06-14,530,845,0
2025-06-14,530,850,0
2025-06-14,533,862,0
2025-06-14,541,875,0
2025-06-14,549,833,0
2025-06-14,551,843,0
2025-06-14,553,851,0
2025-06-14,570,885,0
2025-06-14,514,922,0
2025-06-14,519,922,0
2025-06-14,526,936,0
2025-06-14,529,904,0
2025-06-14,537,925,0
2025-06-14,540,959,0
2025-06-14,559,917,0
2025-06-14,560,946,0
2025-06-14,563,954,0
2025-06-14,565,933,0
2025-06-14,543,1003,0
2025-06-14,552,972,0
2025-06-14,560,1017,0
2025-06-14,568,1002,0
2025-06-14,571,988,0
2025-06-14,575,982,0
2025-06-14,575,984,0
2025-06-14,531,1048,0
2025-06-14,536,1037,0
2025-06-14,536,1065,0
2025-06-14,547,1064,0
2025-06-14,552,1025,0
2025-06-14,555,1037,0
2025-06-14,563,1032,0
2025-06-14,567,1037,0
2025-06-14,533,1120,0
2025-06-14,538,1133,0
2025-06-14,542,1127,0
2025-06-14,550,1095,0
2025-06-14,572,1110,0
2025-06-14,574,1147,0
2025-06-14,555,1154,0
2025-06-14,560,1154,0
2025-06-14,605,864,0
2025-06-14,621,890,0
2025-06-14,581,953,0
2025-06-14,599,955,0
2025-06-14,613,934,0
2025-06-14,623,946,0
2025-06-14,626,911,0
2025-06-14,633,922,0
2025-06-14,635,940,0
2025-06-14,635,955,0
2025-06-14,585,996,0
2025-06-14,587,1007,0
2025-06-14,596,973,0
2025-06-14,598,1016,0
2025-06-14,599,998,0
2025-06-14,611,991,0
2025-06-14,614,987,0
2025-06-14,617,1017,0
2025-06-14,619,995,0
2025-06-14,623,990,0
2025-06-14,628,981,0
2025-06-14,630,971,0
2025-06-14,634,982,0
2025-06-14,581,1075,0
2025-06-14,587,1062,0
2025-06-14,589,1071,0
2025-06-14,589,1080,0
2025-06-14,597,1024,0
2025-06-14,599,1042,0
2025-06-14,605,1050,0
2025-06-14,616,1084,0
2025-06-14,620,1026,0
2025-06-14,622,1025,0
2025-06-14,632,1033,0
2025-06-14,635,1026,0
2025-06-14,592,1119,0
2025-06-14,595,1098,0
2025-06-14,598,1098,0
2025-06-14,599,1112,0
2025-06-14,609,1090,0
2025-06-14,612,1098,0
2025-06-14,624,1113,0
2025-06-14,635,1088,0
2025-06-14,638,1105,0
2025-06-14,641,883,0
2025-06-14,648,873,0
2025-06-14,640,925,0
2025-06-14,642,899,0
2025-06-14,642,933,0
2025-06-14,644,899,0
2025-06-14,644,927,0
2025-06-14,645,941,0
2025-06-14,670,941,0
2025-06-14,670,948,0
2025-06-14,672,912,0
2025-06-14,677,954,0
2025-06-14,688,897,0
2025-06-14,696,918,0
2025-06-14,698,908,0
2025-06-14,698,940,0
2025-06-14,700,932,0
2025-06-14,640,989,0
2025-06-14,640,1009,0
2025-06-14,648,967,0
2025-06-14,652,981,0
2025-06-14,660,1010,0
2025-06-14,666,1021,0
2025-06-14,672,1004,0
2025-06-14,687,975,0
2025-06-14,689,978,0
2025-06-14,700,970,0
2025-06-14,702,985,0
2025-06-14,645,1028,0
2025-06-14,647,1029,0
2025-06-14,647,1077,0
2025-06-14,650,1041,0
2025-06-14,656,1031,0
2025-06-14,665,1069,0
2025-06-14,675,1054,0
2025-06-14,680,1072,0
2025-06-14,681,1032,0
2025-06-14,683,1055,0
2025-06-14,685,1048,0
2025-06-14,641,1105,0
2025-06-14,653,1090,0
2025-06-14,657,1114,0
2025-06-14,681,1093,0
2025-06-14,692,1094,0
2025-06-14,711,900,0
2025-06-14,712,936,0
2025-06-14,714,910,0
2025-06-14,718,941,0
2025-06-14,740,939,0
2025-06-14,742,956,0
2025-06-14,710,1018,0
2025-06-14,718,994,0
2025-06-14,719,1021,0
2025-06-14,725,982,0
2025-06-14,726,1006,0
2025-06-14,736,990,0
2025-06-14,740,994,0
2025-06-14,742,975,0
2025-06-14,742,992,0
2025-06-14,747,1011,0
2025-06-14,749,1003,0
2025-06-14,756,1015,0
2025-06-14,760,1023,0
2025-06-14,706,1051,0
2025-06-14,722,1081,0
2025-06-14,737,1047,0
2025-06-14,748,1027,0
2025-06-14,749,1038,0
2025-06-14,760,1071,0
2025-06-14,728,1112,0
2025-06-14,742,1105,0
2025-06-14,753,1104,0
2025-06-14,760,1108,0
2025-06-14,770,996,0
2025-06-14,771,1008,0
2025-06-14,772,1023,0
2025-06-14,780,996,0
2025-06-14,786,981,0
2025-06-14,791,1011,0
2025-06-14,793,994,0
2025-06-14,768,1028,0
2025-06-14,769,1032,0
2025-06-14,769,1047,0
2025-06-14,775,1025,0
2025-06-14,777,1031,0
2025-06-14,779,1033,0
2025-06-14,784,1068,0
2025-06-14,788,1065,0
2025-06-14,792,1050,0
2025-06-14,811,1077,0
2025-06-14,822,1073,0
2025-06-14,786,1097,0
2025-06-14,786,1103,0
2025-06-14,787,1095,0
2025-06-14,801,1097,0
2025-06-14,801,1106,0
2025-07-17,53,316,0
2025-07-17,43,334,0
2025-07-17,54,331,0
2025-07-17,55,330,0
2025-07-17,59,347,0
2025-07-17,59,366,0
2025-07-17,80,314,0
2025-07-17,84,308,0
2025-07-17,84,317,0
2025-07-17,104,318,0
2025-07-17,64,324,0
2025-07-17,72,372,0
2025-07-17,79,359,0
2025-07-17,89,327,0
2025-07-17,92,338,0
2025-07-17,104,336,0
2025-07-17,106,328,0
2025-07-17,106,344,0
2025-07-17,110,345,0
2025-07-17,111,354,0
2025-07-17,123,342,0
2025-07-17,125,364,0
2025-07-17,87,404,0
2025-07-17,88,416,0
2025-07-17,96,404,0
2025-07-17,105,429,0
2025-07-17,107,407,0
2025-07-17,108,444,0
2025-07-17,109,428,0
2025-07-17,113,437,0
2025-07-17,115,421,0
2025-07-17,116,384,0
2025-07-17,119,421,0
2025-07-17,120,422,0
2025-07-17,124,386,0
2025-07-17,109,502,0
2025-07-17,116,511,0
2025-07-17,119,501,0
2025-07-17,79,695,0
2025-07-17,96,693,0
2025-07-17,103,687,0
2025-07-17,112,661,0
2025-07-17,117,682,0
2025-07-17,119,674,0
2025-07-17,124,653,0
2025-07-17,159,362,0
2025-07-17,171,359,0
2025-07-17,171,378,0
2025-07-17,173,380,0
2025-07-17,174,355,0
2025-07-17,134,424,0
2025-07-17,145,412,0
2025-07-17,152,422,0
2025-07-17,158,422,0
2025-07-17,177,416,0
2025-07-17,186,401,0
2025-07-17,187,420,0
2025-07-17,129,499,0
2025-07-17,132,476,0
2025-07-17,141,452,0
2025-07-17,152,500,0
2025-07-17,162,456,0
2025-07-17,171,487,0
2025-07-17,172,488,0
2025-07-17,130,523,0
2025-07-17,145,562,0
2025-07-17,150,524,0
2025-07-17,152,514,0
2025-07-17,157,547,0
2025-07-17,170,567,0
2025-07-17,171,568,0
2025-07-17,179,530,0
2025-07-17,190,567,0
2025-07-17,136,577,0
2025-07-17,154,616,0
2025-07-17,157,601,0
2025-07-17,162,599,0
2025-07-17,168,631,0
2025-07-17,170,602,0
2025-07-17,179,626,0
2025-07-17,139,644,0
2025-07-17,140,653,0
2025-07-17,140,661,0
2025-07-17,148,649,0
2025-07-17,155,651,0
2025-07-17,164,672,0
2025-07-17,183,652,0
2025-07-17,188,643,0
2025-07-17,190,651,0
2025-07-17,191,666,0
2025-07-17,135,707,0
2025-07-17,193,362,0
2025-07-17,194,359,0
2025-07-17,197,398,0
2025-07-17,201,434,0
2025-07-17,194,469,0
2025-07-17,198,464,0
2025-07-17,202,503,0
2025-07-17,213,509,0
2025-07-17,216,503,0
2025-07-17,195,531,0
2025-07-17,198,517,0
2025-07-17,198,556,0
2025-07-17,203,539,0
2025-07-17,210,531,0
2025-07-17,218,516,0
2025-07-17,223,550,0
2025-07-17,224,532,0
2025-07-17,227,554,0
2025-07-17,235,575,0
2025-07-17,240,529,0
2025-07-17,243,554,0
2025-07-17,246,555,0
2025-07-17,199,588,0
2025-07-17,200,625,0
2025-07-17,203,612,0
2025-07-17,213,623,0
2025-07-17,216,632,0
2025-07-17,224,609,0
2025-07-17,227,606,0
2025-07-17,229,588,0
2025-07-17,240,624,0
2025-07-17,245,617,0
2025-07-17,246,591,0
2025-07-17,196,659,0
2025-07-17,199,642,0
2025-07-17,210,656,0
2025-07-17,211,700,0
2025-07-17,218,675,0
2025-07-17,225,702,0
2025-07-17,230,666,0
2025-07-17,234,645,0
2025-07-17,255,676,0
2025-07-17,292,564,0
2025-07-17,309,548,0
2025-07-17,315,568,0
2025-07-17,262,621,0
2025-07-17,273,614,0
2025-07-17,285,576,0
2025-07-17,285,630,0
2025-07-17,293,583,0
2025-07-17,297,622,0
2025-07-17,302,609,0
2025-07-17,310,608,0
2025-07-17,317,596,0
2025-07-17,270,660,0
2025-07-17,273,681,0
2025-07-17,276,668,0
2025-07-17,281,684,0
2025-07-17,292,699,0
2025-07-17,296,671,0
2025-07-17,297,699,0
2025-07-17,301,702,0
2025-07-17,305,654,0
2025-07-17,308,659,0
2025-07-17,310,669,0
2025-07-17,311,681,0
2025-07-17,312,648,0
2025-07-17,280,752,0
2025-07-17,281,721,0
2025-07-17,288,711,0
2025-07-17,288,765,0
2025-07-17,290,753,0
2025-07-17,302,750,0
2025-07-17,304,768,0
2025-07-17,311,772,0
2025-07-17,336,572,0
2025-07-17,320,621,0
2025-07-17,323,615,0
2025-07-17,324,615,0
2025-07-17,327,584,0
2025-07-17,333,608,0
2025-07-17,338,588,0
2025-07-17,357,582,0
2025-07-17,360,581,0
2025-07-17,325,694,0
2025-07-17,337,702,0
2025-07-17,324,746,0
2025-07-17,334,722,0
2025-07-17,334,737,0
2025-07-17,335,722,0
2025-07-17,342,706,0
2025-07-17,350,758,0
2025-07-17,354,710,0
2025-07-17,356,744,0
2025-07-17,357,752,0
2025-07-17,361,740,0
2025-07-17,370,709,0
2025-07-17,379,707,0
2025-07-17,329,771,0
2025-07-17,344,770,0
2025-07-17,402,755,0
2025-07-17,410,752,0
2025-07-17,419,715,0
2025-07-17,419,735,0
2025-07-17,424,750,0
2025-07-17,426,726,0
2025-07-17,432,725,0
2025-07-17,437,739,0
2025-07-17,440,749,0
2025-07-17,444,756,0
2025-07-17,398,774,0
2025-07-17,430,768,0
2025-07-17,430,781,0
2025-07-17,433,797,0
2025-07-17,441,788,0
2025-07-17,450,789,0
2025-07-17,475,794,0
2025-07-17,488,819,0
2025-07-17,504,791,0
2025-07-17,474,877,0
2025-07-17,492,858,0
2025-07-17,494,856,0
2025-07-17,494,877,0
2025-07-17,499,885,0
2025-07-17,510,914,0
2025-07-17,510,927,0
2025-07-17,516,827,0
2025-07-17,518,812,0
2025-07-17,525,813,0
2025-07-17,526,863,0
2025-07-17,534,870,0
2025-07-17,538,889,0
2025-07-17,546,885,0
2025-07-17,548,878,0
2025-07-17,550,863,0
2025-07-17,553,867,0
2025-07-17,564,848,0
2025-07-17,566,875,0
2025-07-17,512,917,0
2025-07-17,519,926,0
2025-07-17,520,919,0
2025-07-17,545,918,0
2025-07-17,546,946,0
2025-07-17,552,921,0
2025-07-17,558,941,0
2025-07-17,569,906,0
2025-07-17,570,902,0
2025-07-17,546,987,0
2025-07-17,551,994,0
2025-07-17,553,1008,0
2025-07-17,564,970,0
2025-07-17,565,1001,0
2025-07-17,566,1014,0
2025-07-17,572,978,0
2025-07-17,575,981,0
2025-07-17,554,1025,0
2025-07-17,554,1044,0
2025-07-17,555,1075,0
2025-07-17,535,1129,0
2025-07-17,540,1127,0
2025-07-17,559,1112,0
2025-07-17,564,1092,0
2025-07-17,565,1103,0
2025-07-17,572,1138,0
2025-07-17,536,1160,0
2025-07-17,539,1175,0
2025-07-17,543,1170,0
2025-07-17,552,1164,0
2025-07-17,566,1174,0
2025-07-17,568,1155,0
2025-07-17,568,1174,0
2025-07-17,597,862,0
2025-07-17,618,889,0
2025-07-17,619,879,0
2025-07-17,576,902,0
2025-07-17,583,932,0
2025-07-17,588,939,0
2025-07-17,591,935,0
2025-07-17,597,910,0
2025-07-17,612,898,0
2025-07-17,612,899,0
2025-07-17,619,904,0
2025-07-17,622,912,0
2025-07-17,625,921,0
2025-07-17,627,938,0
2025-07-17,636,946,0
2025-07-17,639,927,0
2025-07-17,576,1009,0
2025-07-17,585,962,0
2025-07-17,592,1023,0
2025-07-17,610,968,0
2025-07-17,610,998,0
2025-07-17,610,1022,0
2025-07-17,615,1010,0
2025-07-17,620,976,0
2025-07-17,620,1019,0
2025-07-17,624,988,0
2025-07-17,578,1057,0
2025-07-17,582,1048,0
2025-07-17,590,1028,0
2025-07-17,593,1069,0
2025-07-17,593,1071,0
2025-07-17,593,1073,0
2025-07-17,598,1068,0
2025-07-17,609,1066,0
2025-07-17,611,1037,0
2025-07-17,611,1057,0
2025-07-17,614,1048,0
2025-07-17,623,1065,0
2025-07-17,625,1057,0
2025-07-17,626,1058,0
2025-07-17,629,1027,0
2025-07-17,630,1037,0
2025-07-17,631,1079,0
2025-07-17,580,1099,0
2025-07-17,596,1099,0
2025-07-17,600,1104,0
2025-07-17,620,1093,0
2025-07-17,626,1118,0
2025-07-17,576,1159,0
2025-07-17,659,889,0
2025-07-17,690,888,0
2025-07-17,650,922,0
2025-07-17,660,927,0
2025-07-17,661,953,0
2025-07-17,667,896,0
2025-07-17,685,952,0
2025-07-17,694,917,0
2025-07-17,648,993,0
2025-07-17,649,972,0
2025-07-17,651,977,0
2025-07-17,655,986,0
2025-07-17,658,978,0
2025-07-17,659,967,0
2025-07-17,663,974,0
2025-07-17,678,1003,0
2025-07-17,683,1007,0
2025-07-17,684,1017,0
2025-07-17,692,960,0
2025-07-17,642,1074,0
2025-07-17,654,1036,0
2025-07-17,655,1050,0
2025-07-17,657,1079,0
2025-07-17,664,1027,0
2025-07-17,671,1039,0
2025-07-17,684,1068,0
2025-07-17,689,1055,0
2025-07-17,699,1064,0
2025-07-17,645,1106,0
2025-07-17,666,1097,0
2025-07-17,671,1116,0
2025-07-17,675,1095,0
2025-07-17,689,1099,0
2025-07-17,691,1091,0
2025-07-17,693,1113,0
2025-07-17,698,1112,0
2025-07-17,716,920,0
2025-07-17,716,940,0
2025-07-17,724,922,0
2025-07-17,727,927,0
2025-07-17,729,937,0
2025-07-17,732,948,0
2025-07-17,736,933,0
2025-07-17,760,957,0
2025-07-17,704,987,0
2025-07-17,714,966,0
2025-07-17,715,1014,0
2025-07-17,718,1014,0
2025-07-17,722,987,0
2025-07-17,738,960,0
2025-07-17,744,1009,0
2025-07-17,745,1000,0
2025-07-17,749,1003,0
2025-07-17,754,999,0
2025-07-17,756,995,0
2025-07-17,762,996,0
2025-07-17,767,975,0
2025-07-17,767,1021,0
2025-07-17,707,1076,0
2025-07-17,710,1079,0
2025-07-17,711,1075,0
2025-07-17,712,1067,0
2025-07-17,738,1082,0
2025-07-17,741,1057,0
2025-07-17,751,1078,0
2025-07-17,759,1080,0
2025-07-17,704,1092,0
2025-07-17,722,1091,0
2025-07-17,747,1095,0
2025-07-17,752,1099,0
2025-07-17,754,1103,0
2025-07-17,786,984,0
2025-07-17,793,1022,0
2025-07-17,770,1055,0
2025-07-17,773,1087,0
2025-07-17,774,1046,0
2025-07-17,782,1036,0
2025-07-17,788,1028,0
2025-07-17,788,1046,0
2025-07-17,789,1038,0
2025-07-17,800,1065,0
2025-07-17,803,1073,0
2025-07-17,805,1047,0
2025-07-17,813,1053,0
2025-07-17,819,1044,0
2025-07-17,775,1095,0
2025-07-17,788,1099,0
2025-07-17,797,1103,0
2025-07-17,808,1090,0
2025-07-22,45,319,0
2025-07-22,36,330,0
2025-07-22,37,330,0
2025-07-22,40,322,0
2025-07-22,41,335,0
2025-07-22,59,353,0
2025-07-22,60,373,0
2025-07-22,62,320,0
2025-07-22,81,315,0
2025-07-22,64,376,0
2025-07-22,65,377,0
2025-07-22,71,336,0
2025-07-22,73,327,0
2025-07-22,73,351,0
2025-07-22,77,334,0
2025-07-22,95,362,0
2025-07-22,101,358,0
2025-07-22,121,332,0
2025-07-22,125,369,0
2025-07-22,127,343,0
2025-07-22,127,361,0
2025-07-22,93,407,0
2025-07-22,95,422,0
2025-07-22,101,393,0
2025-07-22,116,418,0
2025-07-22,118,397,0
2025-07-22,126,390,0
2025-07-22,126,401,0
2025-07-22,104,490,0
2025-07-22,108,489,0
2025-07-22,112,489,0
2025-07-22,120,452,0
2025-07-22,80,696,0
2025-07-22,82,689,0
2025-07-22,94,666,0
2025-07-22,101,677,0
2025-07-22,104,692,0
2025-07-22,113,684,0
2025-07-22,102,704,0
2025-07-22,128,351,0
2025-07-22,136,350,0
2025-07-22,144,380,0
2025-07-22,147,377,0
2025-07-22,151,367,0
2025-07-22,163,371,0
2025-07-22,167,381,0
2025-07-22,169,381,0
2025-07-22,186,349,0
2025-07-22,128,411,0
2025-07-22,135,411,0
2025-07-22,137,443,0
2025-07-22,155,398,0
2025-07-22,155,434,0
2025-07-22,158,396,0
2025-07-22,162,384,0
2025-07-22,162,424,0
2025-07-22,164,413,0
2025-07-22,168,432,0
2025-07-22,184,409,0
2025-07-22,191,423,0
2025-07-22,129,506,0
2025-07-22,135,465,0
2025-07-22,145,505,0
2025-07-22,148,455,0
2025-07-22,167,455,0
2025-07-22,185,501,0
2025-07-22,133,518,0
2025-07-22,146,562,0
2025-07-22,147,532,0
2025-07-22,150,548,0
2025-07-22,156,516,0
2025-07-22,162,527,0
2025-07-22,162,571,0
2025-07-22,165,551,0
2025-07-22,167,531,0
2025-07-22,180,553,0
2025-07-22,183,525,0
2025-07-22,151,612,0
2025-07-22,156,579,0
2025-07-22,163,601,0
2025-07-22,165,587,0
2025-07-22,165,636,0
2025-07-22,174,635,0
2025-07-22,181,600,0
2025-07-22,182,625,0
2025-07-22,185,613,0
2025-07-22,188,625,0
2025-07-22,128,662,0
2025-07-22,133,653,0
2025-07-22,134,683,0
2025-07-22,139,679,0
2025-07-22,140,660,0
2025-07-22,151,660,0
2025-07-22,159,664,0
2025-07-22,170,650,0
2025-07-22,190,655,0
2025-07-22,190,673,0
2025-07-22,188,712,0
2025-07-22,211,370,0
2025-07-22,220,362,0
2025-07-22,226,373,0
2025-07-22,229,369,0
2025-07-22,229,376,0
2025-07-22,236,366,0
2025-07-22,194,399,0
2025-07-22,203,439,0
2025-07-22,220,388,0
2025-07-22,221,387,0
2025-07-22,224,386,0
2025-07-22,199,513,0
2025-07-22,210,544,0
2025-07-22,221,541,0
2025-07-22,225,569,0
2025-07-22,232,568,0
2025-07-22,232,570,0
2025-07-22,239,552,0
2025-07-22,243,564,0
2025-07-22,246,549,0
2025-07-22,251,575,0
2025-07-22,252,570,0
2025-07-22,194,603,0
2025-07-22,214,612,0
2025-07-22,218,618,0
2025-07-22,221,578,0
2025-07-22,221,597,0
2025-07-22,225,586,0
2025-07-22,231,620,0
2025-07-22,237,588,0
2025-07-22,237,607,0
2025-07-22,238,591,0
2025-07-22,243,576,0
2025-07-22,243,616,0
2025-07-22,243,634,0
2025-07-22,253,599,0
2025-07-22,212,654,0
2025-07-22,224,648,0
2025-07-22,237,656,0
2025-07-22,239,671,0
2025-07-22,241,674,0
2025-07-22,246,641,0
2025-07-22,251,682,0
2025-07-22,266,572,0
2025-07-22,266,573,0
2025-07-22,278,558,0
2025-07-22,303,547,0
2025-07-22,257,585,0
2025-07-22,271,595,0
2025-07-22,275,614,0
2025-07-22,284,634,0
2025-07-22,287,633,0
2025-07-22,290,608,0
2025-07-22,296,639,0
2025-07-22,305,617,0
2025-07-22,259,683,0
2025-07-22,264,674,0
2025-07-22,268,687,0
2025-07-22,273,640,0
2025-07-22,277,703,0
2025-07-22,278,684,0
2025-07-22,281,644,0
2025-07-22,291,677,0
2025-07-22,291,695,0
2025-07-22,296,702,0
2025-07-22,298,703,0
2025-07-22,305,659,0
2025-07-22,309,701,0
2025-07-22,312,685,0
2025-07-22,264,750,0
2025-07-22,272,705,0
2025-07-22,280,746,0
2025-07-22,282,742,0
2025-07-22,292,745,0
2025-07-22,296,748,0
2025-07-22,299,747,0
2025-07-22,304,710,0
2025-07-22,315,716,0
2025-07-22,317,740,0
2025-07-22,318,758,0
2025-07-22,318,761,0
2025-07-22,289,768,0
2025-07-22,292,768,0
2025-07-22,335,571,0
2025-07-22,322,590,0
2025-07-22,335,630,0
2025-07-22,343,593,0
2025-07-22,348,600,0
2025-07-22,344,683,0
2025-07-22,351,691,0
2025-07-22,326,756,0
2025-07-22,333,733,0
2025-07-22,334,728,0
2025-07-22,338,733,0
2025-07-22,339,749,0
2025-07-22,340,710,0
2025-07-22,347,766,0
2025-07-22,351,761,0
2025-07-22,368,740,0
2025-07-22,376,740,0
2025-07-22,379,758,0
2025-07-22,382,723,0
2025-07-22,330,774,0
2025-07-22,411,702,0
2025-07-22,388,742,0
2025-07-22,395,721,0
2025-07-22,402,718,0
2025-07-22,402,720,0
2025-07-22,402,732,0
2025-07-22,411,753,0
2025-07-22,415,739,0
2025-07-22,415,751,0
2025-07-22,416,711,0
2025-07-22,416,720,0
2025-07-22,425,737,0
2025-07-22,445,755,0
2025-07-22,385,776,0
2025-07-22,428,778,0
2025-07-22,436,809,0
2025-07-22,448,763,0
2025-07-22,458,759,1
2025-07-22,466,792,0
2025-07-22,470,774,0
2025-07-22,482,782,0
2025-07-22,484,788,0
2025-07-22,494,808,0
2025-07-22,505,824,0
2025-07-22,477,867,0
2025-07-22,483,863,0
2025-07-22,487,851,0
2025-07-22,495,866,0
2025-07-22,503,866,0
2025-07-22,510,832,0
2025-07-22,511,892,0
2025-07-22,505,918,0
2025-07-22,527,822,0
2025-07-22,513,882,0
2025-07-22,517,891,0
2025-07-22,527,877,0
2025-07-22,532,894,0
2025-07-22,560,877,0
2025-07-22,568,842,0
2025-07-22,571,891,0
2025-07-22,518,909,0
2025-07-22,523,931,0
2025-07-22,527,904,0
2025-07-22,527,910,0
2025-07-22,530,938,0
2025-07-22,545,947,0
2025-07-22,547,951,0
2025-07-22,574,937,0
2025-07-22,559,996,0
2025-07-22,565,1020,0
2025-07-22,566,967,0
2025-07-22,572,1020,0
2025-07-22,575,983,0
2025-07-22,532,1032,0
2025-07-22,537,1052,0
2025-07-22,554,1074,0
2025-07-22,564,1046,0
2025-07-22,564,1080,0
2025-07-22,571,1067,0
2025-07-22,574,1056,0
2025-07-22,575,1067,0
2025-07-22,575,1072,0
2025-07-22,539,1135,0
2025-07-22,556,1093,0
2025-07-22,560,1149,0
2025-07-22,564,1148,0
2025-07-22,567,1100,0
2025-07-22,568,1089,0
2025-07-22,572,1150,0
2025-07-22,541,1158,0
2025-07-22,546,1179,0
2025-07-22,577,840,0
2025-07-22,611,890,0
2025-07-22,618,872,0
2025-07-22,625,884,0
2025-07-22,632,888,0
2025-07-22,634,893,0
2025-07-22,580,920,0
2025-07-22,587,896,0
2025-07-22,587,936,0
2025-07-22,590,906,0
2025-07-22,591,950,0
2025-07-22,593,941,0
2025-07-22,595,932,0
2025-07-22,599,915,0
2025-07-22,607,898,0
2025-07-22,608,927,0
2025-07-22,618,905,0
2025-07-22,618,914,0
2025-07-22,637,958,0
2025-07-22,576,976,0
2025-07-22,584,975,0
2025-07-22,591,992,0
2025-07-22,592,961,0
2025-07-22,597,991,0
2025-07-22,604,967,0
2025-07-22,609,974,0
2025-07-22,611,1021,0
2025-07-22,613,994,0
2025-07-22,616,977,0
2025-07-22,627,1010,0
2025-07-22,638,978,0
2025-07-22,638,1022,0
2025-07-22,579,1031,0
2025-07-22,581,1054,0
2025-07-22,588,1051,0
2025-07-22,592,1079,0
2025-07-22,599,1057,0
2025-07-22,602,1059,0
2025-07-22,604,1026,0
2025-07-22,623,1061,0
2025-07-22,635,1053,0
2025-07-22,610,1102,0
2025-07-22,610,1109,0
2025-07-22,623,1097,0
2025-07-22,626,1133,0
2025-07-22,629,1118,1
2025-07-22,629,1119,1
2025-07-22,630,1118,1
2025-07-22,632,1118,1
2025-07-22,632,1119,1
2025-07-22,650,925,0
2025-07-22,663,925,0
2025-07-22,664,898,0
2025-07-22,678,906,0
2025-07-22,695,946,0
2025-07-22,647,996,0
2025-07-22,649,976,0
2025-07-22,650,963,0
2025-07-22,655,970,0
2025-07-22,659,980,0
2025-07-22,660,967,0
2025-07-22,677,1008,0
2025-07-22,689,1005,0
2025-07-22,701,992,0
2025-07-22,646,1063,0
2025-07-22,662,1047,0
2025-07-22,662,1085,0
2025-07-22,666,1075,0
2025-07-22,670,1080,0
2025-07-22,671,1025,0
2025-07-22,674,1048,0
2025-07-22,678,1062,0
2025-07-22,682,1052,0
2025-07-22,692,1026,0
2025-07-22,692,1040,0
2025-07-22,697,1070,0
2025-07-22,652,1122,0
2025-07-22,660,1089,0
2025-07-22,663,1123,0
2025-07-22,672,1099,0
2025-07-22,715,945,0
2025-07-22,725,955,0
2025-07-22,704,1009,0
2025-07-22,705,1010,0
2025-07-22,711,978,0
2025-07-22,714,1018,0
2025-07-22,715,1000,0
2025-07-22,718,1021,0
2025-07-22,724,1021,0
2025-07-22,725,974,0
2025-07-22,725,1006,0
2025-07-22,735,1013,0
2025-07-22,736,1021,0
2025-07-22,739,989,0
2025-07-22,750,975,0
2025-07-22,755,999,0
2025-07-22,762,1006,0
2025-07-22,705,1052,0
2025-07-22,707,1047,0
2025-07-22,707,1069,0
2025-07-22,709,1078,0
2025-07-22,716,1073,0
2025-07-22,721,1051,0
2025-07-22,723,1086,0
2025-07-22,738,1029,0
2025-07-22,747,1035,0
2025-07-22,749,1063,0
2025-07-22,753,1051,0
2025-07-22,761,1040,0
2025-07-22,764,1066,0
2025-07-22,765,1069,0
2025-07-22,717,1103,0
2025-07-22,750,1103,0
2025-07-22,758,1113,0
2025-07-22,766,1112,0
2025-07-22,768,986,0
2025-07-22,769,965,0
2025-07-22,769,969,0
2025-07-22,778,987,0
2025-07-22,786,1015,0
2025-07-22,768,1053,0
2025-07-22,770,1051,0
2025-07-22,770,1079,0
2025-07-22,772,1070,0
2025-07-22,774,1034,0
2025-07-22,798,1066,0
2025-07-22,809,1049,0
2025-07-22,818,1074,0
2025-07-22,820,1046,0
2025-07-22,829,1065,0
2025-07-22,778,1106,0
2025-07-22,782,1095,0
2025-07-22,789,1098,0
2025-07-22,799,1090,0
2025-07-24,45,337,0
2025-07-24,50,341,0
2025-07-24,68,309,0
2025-07-24,95,316,0
2025-07-24,74,369,0
2025-07-24,76,328,0
2025-07-24,78,336,0
2025-07-24,91,332,0
2025-07-24,97,343,0
2025-07-24,105,381,0
2025-07-24,106,349,0
2025-07-24,108,360,0
2025-07-24,111,363,0
2025-07-24,125,378,0
2025-07-24,82,388,0
2025-07-24,103,395,0
2025-07-24,106,424,0
2025-07-24,107,440,0
2025-07-24,123,414,0
2025-07-24,111,491,0
2025-07-24,114,454,0
2025-07-24,116,450,0
2025-07-24,123,455,0
2025-07-24,74,699,0
2025-07-24,76,692,0
2025-07-24,107,696,0
2025-07-24,113,643,0
2025-07-24,115,677,0
2025-07-24,117,668,0
2025-07-24,123,708,0
2025-07-24,147,378,0
2025-07-24,149,359,0
2025-07-24,160,378,0
2025-07-24,168,375,0
2025-07-24,178,364,0
2025-07-24,178,372,0
2025-07-24,186,374,0
2025-07-24,128,397,0
2025-07-24,129,412,0
2025-07-24,135,403,0
2025-07-24,137,446,0
2025-07-24,157,386,0
2025-07-24,170,427,0
2025-07-24,171,412,0
2025-07-24,173,423,0
2025-07-24,179,422,0
2025-07-24,187,398,0
2025-07-24,146,495,0
2025-07-24,153,481,0
2025-07-24,153,495,0
2025-07-24,165,507,0
2025-07-24,166,507,0
2025-07-24,176,460,0
2025-07-24,177,505,0
2025-07-24,178,473,0
2025-07-24,188,479,0
2025-07-24,161,539,0
2025-07-24,161,568,0
2025-07-24,166,548,0
2025-07-24,167,562,0
2025-07-24,181,530,0
2025-07-24,148,589,0
2025-07-24,150,585,0
2025-07-24,153,631,0
2025-07-24,162,581,0
2025-07-24,162,599,0
2025-07-24,165,630,0
2025-07-24,166,594,0
2025-07-24,179,626,0
2025-07-24,186,579,0
2025-07-24,188,627,0
2025-07-24,190,607,0
2025-07-24,129,649,0
2025-07-24,129,652,0
2025-07-24,136,665,0
2025-07-24,137,646,0
2025-07-24,146,640,0
2025-07-24,157,663,0
2025-07-24,167,676,0
2025-07-24,173,668,0
2025-07-24,183,656,0
2025-07-24,175,730,0
2025-07-24,209,376,0
2025-07-24,216,376,0
2025-07-24,236,373,0
2025-07-24,192,409,0
2025-07-24,196,416,0
2025-07-24,196,421,0
2025-07-24,212,432,0
2025-07-24,216,393,0
2025-07-24,225,393,0
2025-07-24,232,433,0
2025-07-24,205,508,0
2025-07-24,209,497,0
2025-07-24,198,515,0
2025-07-24,209,537,0
2025-07-24,210,524,0
2025-07-24,220,560,0
2025-07-24,223,522,0
2025-07-24,226,525,0
2025-07-24,236,543,0
2025-07-24,250,541,0
2025-07-24,192,578,0
2025-07-24,193,626,0
2025-07-24,194,622,0
2025-07-24,202,593,0
2025-07-24,203,605,0
2025-07-24,216,592,0
2025-07-24,220,577,0
2025-07-24,232,622,0
2025-07-24,248,614,0
2025-07-24,251,639,0
2025-07-24,201,640,0
2025-07-24,204,700,0
2025-07-24,205,644,0
2025-07-24,205,667,0
2025-07-24,211,686,0
2025-07-24,221,703,0
2025-07-24,228,685,0
2025-07-24,228,698,0
2025-07-24,241,651,0
2025-07-24,241,661,0
2025-07-24,246,680,0
2025-07-24,199,718,0
2025-07-24,211,715,0
2025-07-24,270,566,0
2025-07-24,273,564,0
2025-07-24,304,550,0
2025-07-24,304,572,0
2025-07-24,304,573,0
2025-07-24,305,564,0
2025-07-24,262,598,0
2025-07-24,267,636,0
2025-07-24,269,638,0
2025-07-24,278,619,0
2025-07-24,285,626,0
2025-07-24,289,615,0
2025-07-24,295,596,0
2025-07-24,297,587,0
2025-07-24,305,583,0
2025-07-24,306,588,0
2025-07-24,313,637,0
2025-07-24,318,637,0
2025-07-24,270,650,0
2025-07-24,271,648,0
2025-07-24,306,651,0
2025-07-24,306,653,0
2025-07-24,308,651,0
2025-07-24,312,665,0
2025-07-24,312,688,0
2025-07-24,316,647,0
2025-07-24,317,684,0
2025-07-24,286,725,0
2025-07-24,302,746,0
2025-07-24,309,732,0
2025-07-24,317,751,0
2025-07-24,336,564,0
2025-07-24,321,605,0
2025-07-24,321,628,0
2025-07-24,323,605,0
2025-07-24,329,620,0
2025-07-24,335,606,0
2025-07-24,337,593,0
2025-07-24,347,613,0
2025-07-24,323,692,0
2025-07-24,344,698,0
2025-07-24,346,693,0
2025-07-24,351,695,0
2025-07-24,378,697,0
2025-07-24,320,767,0
2025-07-24,321,763,0
2025-07-24,324,757,0
2025-07-24,329,756,0
2025-07-24,331,710,0
2025-07-24,331,732,0
2025-07-24,367,715,0
2025-07-24,368,719,0
2025-07-24,374,757,0
2025-07-24,379,764,0
2025-07-24,371,773,0
2025-07-24,387,692,0
2025-07-24,384,706,0
2025-07-24,392,726,0
2025-07-24,395,766,0
2025-07-24,402,723,0
2025-07-24,405,706,0
2025-07-24,410,712,0
2025-07-24,420,746,0
2025-07-24,440,750,0
2025-07-24,416,785,0
2025-07-24,420,808,0
2025-07-24,434,812,0
2025-07-24,438,791,0
2025-07-24,447,770,0
2025-07-24,448,760,0
2025-07-24,463,776,0
2025-07-24,469,789,0
2025-07-24,478,789,0
2025-07-24,482,816,0
2025-07-24,489,818,0
2025-07-24,491,807,0
2025-07-24,494,823,0
2025-07-24,499,827,0
2025-07-24,504,815,0
2025-07-24,471,844,0
2025-07-24,475,849,0
2025-07-24,477,858,0
2025-07-24,491,852,0
2025-07-24,502,858,0
2025-07-24,526,823,0
2025-07-24,527,810,0
2025-07-24,514,835,0
2025-07-24,515,850,0
2025-07-24,520,850,0
2025-07-24,520,889,0
2025-07-24,526,841,0
2025-07-24,536,864,0
2025-07-24,538,873,0
2025-07-24,545,851,0
2025-07-24,548,880,0
2025-07-24,550,851,0
2025-07-24,557,844,0
2025-07-24,558,841,0
2025-07-24,561,875,0
2025-07-24,561,879,0
2025-07-24,570,892,0
2025-07-24,516,920,0
2025-07-24,539,949,0
2025-07-24,540,934,0
2025-07-24,543,957,0
2025-07-24,554,952,0
2025-07-24,557,938,0
2025-07-24,561,913,0
2025-07-24,561,947,0
2025-07-24,565,902,0
2025-07-24,549,1016,0
2025-07-24,553,981,0
2025-07-24,573,966,0
2025-07-24,529,1078,0
2025-07-24,534,1056,0
2025-07-24,543,1031,0
2025-07-24,550,1068,0
2025-07-24,554,1073,0
2025-07-24,565,1087,0
2025-07-24,566,1066,0
2025-07-24,574,1086,0
2025-07-24,539,1094,0
2025-07-24,541,1096,0
2025-07-24,546,1121,0
2025-07-24,552,1130,0
2025-07-24,562,1120,0
2025-07-24,569,1107,0
2025-07-24,569,1135,0
2025-07-24,574,1132,0
2025-07-24,552,1177,0
2025-07-24,560,1158,0
2025-07-24,572,1166,0
2025-07-24,581,857,0
2025-07-24,583,890,0
2025-07-24,585,868,0
2025-07-24,611,893,0
2025-07-24,630,879,0
2025-07-24,630,895,0
2025-07-24,585,919,0
2025-07-24,585,954,0
2025-07-24,593,931,0
2025-07-24,597,950,0
2025-07-24,606,930,0
2025-07-24,610,919,0
2025-07-24,611,896,0
2025-07-24,615,902,0
2025-07-24,620,924,0
2025-07-24,624,921,0
2025-07-24,636,953,0
2025-07-24,576,969,0
2025-07-24,576,995,0
2025-07-24,580,971,0
2025-07-24,587,976,0
2025-07-24,590,1013,0
2025-07-24,596,1010,0
2025-07-24,599,1017,0
2025-07-24,600,1019,0
2025-07-24,626,987,0
2025-07-24,638,1016,0
2025-07-24,581,1044,0
2025-07-24,586,1024,0
2025-07-24,588,1063,0
2025-07-24,590,1041,0
2025-07-24,591,1054,0
2025-07-24,593,1050,0
2025-07-24,594,1069,0
2025-07-24,594,1081,0
2025-07-24,606,1087,0
2025-07-24,628,1048,0
2025-07-24,630,1049,0
2025-07-24,634,1053,0
2025-07-24,638,1045,0
2025-07-24,576,1145,0
2025-07-24,584,1107,0
2025-07-24,594,1098,0
2025-07-24,594,1121,0
2025-07-24,600,1105,0
2025-07-24,602,1091,0
2025-07-24,624,1125,0
2025-07-24,637,1093,0
2025-07-24,639,1107,0
2025-07-24,662,877,0
2025-07-24,642,934,0
2025-07-24,644,940,0
2025-07-24,645,947,0
2025-07-24,649,934,0
2025-07-24,657,959,0
2025-07-24,676,901,0
2025-07-24,682,939,0
2025-07-24,684,901,0
2025-07-24,689,919,0
2025-07-24,693,953,0
2025-07-24,640,1008,0
2025-07-24,641,962,0
2025-07-24,643,1010,0
2025-07-24,644,997,0
2025-07-24,661,997,0
2025-07-24,666,988,0
2025-07-24,679,988,0
2025-07-24,681,1009,0
2025-07-24,684,965,0
2025-07-24,684,995,0
2025-07-24,701,1011,0
2025-07-24,647,1062,0
2025-07-24,650,1043,0
2025-07-24,652,1073,0
2025-07-24,657,1065,0
2025-07-24,658,1028,0
2025-07-24,662,1028,0
2025-07-24,666,1026,0
2025-07-24,668,1073,0
2025-07-24,674,1026,0
2025-07-24,681,1039,0
2025-07-24,688,1084,0
2025-07-24,697,1087,0
2025-07-24,640,1106,0
2025-07-24,644,1117,0
2025-07-24,645,1117,0
2025-07-24,663,1114,0
2025-07-24,670,1102,0
2025-07-24,713,957,0
2025-07-24,716,907,0
2025-07-24,717,956,0
2025-07-24,719,950,0
2025-07-24,720,955,0
2025-07-24,725,929,0
2025-07-24,755,948,0
2025-07-24,763,946,0
2025-07-24,719,993,0
2025-07-24,727,971,0
2025-07-24,728,979,0
2025-07-24,729,963,0
2025-07-24,730,994,0
2025-07-24,733,963,0
2025-07-24,733,976,0
2025-07-24,740,973,0
2025-07-24,742,993,0
2025-07-24,746,970,0
2025-07-24,751,979,0
2025-07-24,756,982,0
2025-07-24,761,966,0
2025-07-24,767,982,0
2025-07-24,704,1065,0
2025-07-24,716,1084,0
2025-07-24,718,1036,0
2025-07-24,731,1038,0
2025-07-24,733,1027,0
2025-07-24,734,1078,0
2025-07-24,735,1052,0
2025-07-24,739,1077,0
2025-07-24,740,1025,0
2025-07-24,742,1074,0
2025-07-24,744,1060,0
2025-07-24,745,1073,0
2025-07-24,748,1036,0
2025-07-24,750,1045,0
2025-07-24,756,1025,0
2025-07-24,758,1048,0
2025-07-24,758,1055,0
2025-07-24,734,1092,0
2025-07-24,757,1092,0
2025-07-24,771,1023,0
2025-07-24,773,972,0
2025-07-24,798,995,0
2025-07-24,776,1054,0
2025-07-24,778,1040,0
2025-07-24,780,1040,0
2025-07-24,781,1075,0
2025-07-24,785,1042,0
2025-07-24,804,1065,0
2025-07-24,806,1052,0
2025-07-24,809,1048,0
2025-07-24,772,1115,0
2025-07-24,779,1090,0
2025-07-24,818,1088,0
2025-07-27,40,332,0
2025-07-27,44,340,0
2025-07-27,56,326,0
2025-07-27,74,306,0
2025-07-27,90,315,0
2025-07-27,97,314,0
2025-07-27,65,363,0
2025-07-27,79,358,0
2025-07-27,82,346,0
2025-07-27,83,338,0
2025-07-27,83,348,0
2025-07-27,106,322,0
2025-07-27,111,321,0
2025-07-27,114,371,0
2025-07-27,117,325,0
2025-07-27,122,363,0
2025-07-27,96,403,0
2025-07-27,108,434,0
2025-07-27,115,417,0
2025-07-27,105,460,0
2025-07-27,111,451,0
2025-07-27,120,503,0
2025-07-27,115,524,0
2025-07-27,92,672,0
2025-07-27,99,683,0
2025-07-27,101,697,0
2025-07-27,107,666,0
2025-07-27,115,695,0
2025-07-27,117,649,0
2025-07-27,122,652,0
2025-07-27,123,681,0
2025-07-27,81,705,0
2025-07-27,129,371,0
2025-07-27,144,379,0
2025-07-27,155,367,0
2025-07-27,179,369,0
2025-07-27,183,362,0
2025-07-27,133,432,0
2025-07-27,134,391,0
2025-07-27,134,407,0
2025-07-27,143,384,0
2025-07-27,148,441,0
2025-07-27,149,418,0
2025-07-27,150,397,0
2025-07-27,152,393,0
2025-07-27,153,417,0
2025-07-27,162,439,0
2025-07-27,179,426,0
2025-07-27,184,410,0
2025-07-27,189,390,0
2025-07-27,133,484,0
2025-07-27,135,492,0
2025-07-27,142,454,0
2025-07-27,151,480,0
2025-07-27,155,461,0
2025-07-27,155,474,0
2025-07-27,157,449,0
2025-07-27,168,461,0
2025-07-27,170,475,0
2025-07-27,175,478,0
2025-07-27,176,484,0
2025-07-27,135,573,0
2025-07-27,141,536,0
2025-07-27,142,544,0
2025-07-27,145,516,0
2025-07-27,149,513,0
2025-07-27,150,547,0
2025-07-27,171,522,0
2025-07-27,188,562,0
2025-07-27,189,567,0
2025-07-27,132,637,0
2025-07-27,163,588,0
2025-07-27,168,602,0
2025-07-27,171,634,0
2025-07-27,171,635,0
2025-07-27,182,626,0
2025-07-27,188,618,0
2025-07-27,128,662,0
2025-07-27,132,687,0
2025-07-27,132,698,0
2025-07-27,151,645,0
2025-07-27,153,661,0
2025-07-27,173,678,0
2025-07-27,186,678,0
2025-07-27,187,674,0
2025-07-27,134,713,0
2025-07-27,179,728,0
2025-07-27,185,730,0
2025-07-27,201,348,0
2025-07-27,202,352,0
2025-07-27,209,370,0
2025-07-27,210,364,0
2025-07-27,215,375,0
2025-07-27,218,369,0
2025-07-27,225,369,0
2025-07-27,234,382,0
2025-07-27,238,367,0
2025-07-27,199,437,0
2025-07-27,204,440,0
2025-07-27,207,397,0
2025-07-27,214,393,0
2025-07-27,223,387,0
2025-07-27,231,386,0
2025-07-27,235,431,0
2025-07-27,193,490,0
2025-07-27,196,492,0
2025-07-27,197,490,0
2025-07-27,199,460,0
2025-07-27,200,501,0
2025-07-27,207,509,0
2025-07-27,212,518,0
2025-07-27,226,519,0
2025-07-27,230,527,0
2025-07-27,194,604,0
2025-07-27,199,630,0
2025-07-27,201,576,0
2025-07-27,204,601,0
2025-07-27,211,596,0
2025-07-27,218,623,0
2025-07-27,225,613,0
2025-07-27,236,618,0
2025-07-27,238,589,0
2025-07-27,238,616,0
2025-07-27,254,625,0
2025-07-27,192,664,0
2025-07-27,195,642,0
2025-07-27,202,702,0
2025-07-27,210,661,0
2025-07-27,214,687,0
2025-07-27,224,701,0
2025-07-27,227,694,0
2025-07-27,229,679,0
2025-07-27,254,672,0
2025-07-27,219,709,0
2025-07-27,258,550,0
2025-07-27,258,552,0
2025-07-27,261,554,0
2025-07-27,264,558,0
2025-07-27,308,564,0
2025-07-27,281,621,0
2025-07-27,286,618,0
2025-07-27,287,626,0
2025-07-27,290,622,0
2025-07-27,297,584,0
2025-07-27,300,596,0
2025-07-27,300,602,0
2025-07-27,310,583,0
2025-07-27,311,633,0
2025-07-27,265,674,0
2025-07-27,266,669,0
2025-07-27,268,643,0
2025-07-27,277,652,0
2025-07-27,277,688,0
2025-07-27,287,701,0
2025-07-27,309,663,0
2025-07-27,269,757,0
2025-07-27,283,713,0
2025-07-27,283,746,0
2025-07-27,286,746,0
2025-07-27,292,723,0
2025-07-27,292,761,0
2025-07-27,295,738,0
2025-07-27,300,722,0
2025-07-27,301,732,0
2025-07-27,304,736,0
2025-07-27,308,727,0
2025-07-27,309,706,0
2025-07-27,310,775,0
2025-07-27,331,566,0
2025-07-27,332,571,0
2025-07-27,328,590,0
2025-07-27,329,610,0
2025-07-27,340,577,0
2025-07-27,341,614,0
2025-07-27,342,586,0
2025-07-27,349,584,0
2025-07-27,350,578,0
2025-07-27,353,593,0
2025-07-27,320,682,0
2025-07-27,327,697,0
2025-07-27,372,697,0
2025-07-27,324,760,0
2025-07-27,352,736,0
2025-07-27,361,704,0
2025-07-27,366,722,0
2025-07-27,368,723,0
2025-07-27,375,749,0
2025-07-27,320,774,0
2025-07-27,325,768,0
2025-07-27,385,759,0
2025-07-27,389,747,0
2025-07-27,415,741,0
2025-07-27,419,735,0
2025-07-27,434,723,0
2025-07-27,439,746,0
2025-07-27,440,739,0
2025-07-27,418,772,0
2025-07-27,423,784,0
2025-07-27,464,790,0
2025-07-27,475,781,0
2025-07-27,481,780,0
2025-07-27,481,806,0
2025-07-27,491,822,0
2025-07-27,492,812,0
2025-07-27,503,808,0
2025-07-27,507,799,0
2025-07-27,472,884,0
2025-07-27,483,859,0
2025-07-27,489,880,0
2025-07-27,500,880,0
2025-07-27,502,862,0
2025-07-27,508,873,0
2025-07-27,528,825,0
2025-07-27,516,891,0
2025-07-27,520,877,0
2025-07-27,522,884,0
2025-07-27,528,875,0
2025-07-27,528,876,0
2025-07-27,532,836,0
2025-07-27,541,860,0
2025-07-27,553,835,0
2025-07-27,554,837,0
2025-07-27,554,859,0
2025-07-27,559,833,0
2025-07-27,563,850,0
2025-07-27,565,867,0
2025-07-27,571,849,0
2025-07-27,572,882,0
2025-07-27,573,883,0
2025-07-27,515,924,0
2025-07-27,543,958,0
2025-07-27,556,906,0
2025-07-27,557,947,0
2025-07-27,558,922,0
2025-07-27,560,932,0
2025-07-27,561,915,0
2025-07-27,563,907,0
2025-07-27,550,1013,0
2025-07-27,553,960,0
2025-07-27,561,1019,0
2025-07-27,568,967,0
2025-07-27,575,968,0
2025-07-27,525,1084,0
2025-07-27,534,1054,0
2025-07-27,555,1045,0
2025-07-27,555,1052,0
2025-07-27,557,1033,0
2025-07-27,563,1028,0
2025-07-27,543,1120,0
2025-07-27,543,1145,0
2025-07-27,547,1103,0
2025-07-27,548,1099,0
2025-07-27,551,1140,0
2025-07-27,554,1125,0
2025-07-27,554,1126,0
2025-07-27,557,1114,0
2025-07-27,572,1107,0
2025-07-27,574,1156,0
2025-07-27,583,878,0
2025-07-27,585,863,0
2025-07-27,588,885,0
2025-07-27,594,892,0
2025-07-27,598,867,0
2025-07-27,603,892,0
2025-07-27,639,887,0
2025-07-27,576,916,0
2025-07-27,576,928,0
2025-07-27,588,933,0
2025-07-27,599,929,0
2025-07-27,610,896,0
2025-07-27,610,937,0
2025-07-27,631,939,0
2025-07-27,632,902,0
2025-07-27,636,919,0
2025-07-27,583,969,0
2025-07-27,589,969,0
2025-07-27,591,984,0
2025-07-27,591,1004,0
2025-07-27,600,970,0
2025-07-27,601,960,0
2025-07-27,604,980,0
2025-07-27,605,968,0
2025-07-27,608,996,0
2025-07-27,611,1018,0
2025-07-27,618,1021,0
2025-07-27,633,984,0
2025-07-27,635,964,0
2025-07-27,636,967,0
2025-07-27,576,1038,0
2025-07-27,595,1046,0
2025-07-27,610,1075,0
2025-07-27,621,1056,0
2025-07-27,622,1066,0
2025-07-27,623,1066,0
2025-07-27,630,1067,0
2025-07-27,636,1053,0
2025-07-27,639,1025,0
2025-07-27,589,1097,0
2025-07-27,591,1121,0
2025-07-27,602,1089,0
2025-07-27,603,1096,0
2025-07-27,606,1089,0
2025-07-27,610,1088,0
2025-07-27,611,1102,0
2025-07-27,619,1091,0
2025-07-27,629,1108,1
2025-07-27,632,1124,0
2025-07-27,644,879,0
2025-07-27,666,878,0
2025-07-27,640,919,0
2025-07-27,643,934,0
2025-07-27,657,940,0
2025-07-27,658,937,0
2025-07-27,661,911,0
2025-07-27,676,913,0
2025-07-27,690,898,0
2025-07-27,698,940,0
2025-07-27,640,991,0
2025-07-27,646,1006,0
2025-07-27,647,995,0
2025-07-27,664,985,0
2025-07-27,665,1004,0
2025-07-27,666,977,0
2025-07-27,666,997,0
2025-07-27,670,1023,0
2025-07-27,685,997,0
2025-07-27,699,993,0
2025-07-27,701,1023,0
2025-07-27,640,1060,0
2025-07-27,654,1048,0
2025-07-27,675,1075,0
2025-07-27,685,1048,0
2025-07-27,696,1066,0
2025-07-27,698,1049,0
2025-07-27,646,1093,0
2025-07-27,648,1120,0
2025-07-27,649,1097,0
2025-07-27,653,1103,0
2025-07-27,655,1117,1
2025-07-27,656,1119,0
2025-07-27,666,1121,0
2025-07-27,692,1093,0
2025-07-27,710,916,0
2025-07-27,716,923,0
2025-07-27,717,946,0
2025-07-27,719,952,0
2025-07-27,735,948,0
2025-07-27,757,952,0
2025-07-27,757,958,0
2025-07-27,704,1013,0
2025-07-27,710,1000,0
2025-07-27,710,1009,0
2025-07-27,716,1015,0
2025-07-27,717,975,0
2025-07-27,719,993,0
2025-07-27,730,1019,0
2025-07-27,736,967,0
2025-07-27,738,1002,0
2025-07-27,742,980,0
2025-07-27,743,975,0
2025-07-27,745,986,0
2025-07-27,755,967,0
2025-07-27,756,989,0
2025-07-27,759,971,0
2025-07-27,766,993,0
2025-07-27,723,1086,0
2025-07-27,726,1049,0
2025-07-27,734,1082,0
2025-07-27,739,1081,0
2025-07-27,741,1044,0
2025-07-27,743,1047,0
2025-07-27,745,1029,0
2025-07-27,749,1026,0
2025-07-27,750,1075,0
2025-07-27,751,1063,0
2025-07-27,751,1078,0
2025-07-27,758,1083,0
2025-07-27,763,1042,0
2025-07-27,723,1100,0
2025-07-27,747,1091,0
2025-07-27,749,1094,0
2025-07-27,754,1111,0
2025-07-27,756,1089,0
2025-07-27,759,1089,0
2025-07-27,771,961,0
2025-07-27,773,964,0
2025-07-27,782,984,0
2025-07-27,768,1065,0
2025-07-27,769,1071,0
2025-07-27,770,1038,0
2025-07-27,772,1068,0
2025-07-27,775,1037,0
2025-07-27,778,1063,0
2025-07-27,780,1047,0
2025-07-27,787,1043,0
2025-07-27,808,1086,0
2025-07-27,813,1052,0
2025-07-27,778,1096,0
2025-07-27,783,1107,0
2025-07-27,794,1099,0
2025-07-27,797,1097,0
2025-07-27,797,1099,0
2025-08-01,34,324,1
2025-08-01,34,325,1
2025-08-01,34,326,1
2025-08-01,34,327,1
2025-08-01,35,324,1
2025-08-01,35,325,1
2025-08-01,35,326,1
2025-08-01,35,327,1
2025-08-01,51,324,0
2025-08-01,53,325,0
2025-08-01,57,366,0
2025-08-01,64,353,0
2025-08-01,65,354,0
2025-08-01,71,378,0
2025-08-01,75,365,0
2025-08-01,99,358,0
2025-08-01,103,360,0
2025-08-01,103,370,0
2025-08-01,107,378,0
2025-08-01,108,320,0
2025-08-01,112,366,0
2025-08-01,97,401,0
2025-08-01,98,433,0
2025-08-01,101,417,0
2025-08-01,105,423,0
2025-08-01,109,388,0
2025-08-01,109,394,0
2025-08-01,112,404,0
2025-08-01,114,426,0
2025-08-01,121,392,0
2025-08-01,126,440,0
2025-08-01,104,469,0
2025-08-01,107,484,0
2025-08-01,119,510,0
2025-08-01,120,508,0
2025-08-01,127,462,0
2025-08-01,127,487,0
2025-08-01,127,524,0
2025-08-01,94,658,0
2025-08-01,104,699,0
2025-08-01,107,673,0
2025-08-01,109,667,0
2025-08-01,111,645,0
2025-08-01,111,683,0
2025-08-01,113,668,0
2025-08-01,119,687,0
2025-08-01,134,374,0
2025-08-01,148,371,0
2025-08-01,163,361,0
2025-08-01,171,381,0
2025-08-01,175,358,0
2025-08-01,181,375,0
2025-08-01,130,386,0
2025-08-01,135,418,0
2025-08-01,141,423,0
2025-08-01,142,401,0
2025-08-01,145,416,0
2025-08-01,151,414,0
2025-08-01,155,420,0
2025-08-01,158,390,0
2025-08-01,160,444,0
2025-08-01,176,408,0
2025-08-01,134,494,0
2025-08-01,139,458,0
2025-08-01,141,498,0
2025-08-01,142,468,0
2025-08-01,145,474,0
2025-08-01,146,459,0
2025-08-01,149,480,0
2025-08-01,150,493,0
2025-08-01,154,483,0
2025-08-01,156,500,0
2025-08-01,157,459,0
2025-08-01,158,501,0
2025-08-01,159,486,0
2025-08-01,162,501,0
2025-08-01,164,470,0
2025-08-01,166,471,0
2025-08-01,173,496,0
2025-08-01,179,490,0
2025-08-01,185,469,1
2025-08-01,186,474,1
2025-08-01,187,470,1
2025-08-01,191,479,1
2025-08-01,140,574,0
2025-08-01,146,542,0
2025-08-01,150,562,0
2025-08-01,165,566,0
2025-08-01,168,556,0
2025-08-01,169,571,0
2025-08-01,172,543,0
2025-08-01,174,513,0
2025-08-01,177,545,0
2025-08-01,183,524,0
2025-08-01,187,518,0
2025-08-01,187,566,0
2025-08-01,135,634,0
2025-08-01,157,577,0
2025-08-01,163,629,0
2025-08-01,166,619,0
2025-08-01,179,594,0
2025-08-01,189,630,0
2025-08-01,190,597,0
2025-08-01,130,687,0
2025-08-01,130,702,0
2025-08-01,146,644,0
2025-08-01,149,649,0
2025-08-01,167,643,0
2025-08-01,171,675,0
2025-08-01,172,671,0
2025-08-01,188,641,0
2025-08-01,189,643,0
2025-08-01,187,733,0
2025-08-01,193,362,0
2025-08-01,204,361,0
2025-08-01,204,365,0
2025-08-01,226,370,0
2025-08-01,227,370,0
2025-08-01,192,414,0
2025-08-01,194,403,0
2025-08-01,196,414,1
2025-08-01,197,414,1
2025-08-01,202,407,0
2025-08-01,208,447,0
2025-08-01,232,425,1
2025-08-01,232,428,1
2025-08-01,232,429,1
2025-08-01,232,430,1
2025-08-01,232,431,1
2025-08-01,232,432,1
2025-08-01,232,433,1
2025-08-01,233,425,1
2025-08-01,234,426,1
2025-08-01,234,438,1
2025-08-01,236,427,1
2025-08-01,236,428,1
2025-08-01,236,429,1
2025-08-01,237,429,1
2025-08-01,238,429,1
2025-08-01,192,472,1
2025-08-01,198,490,0
2025-08-01,200,506,0
2025-08-01,202,492,0
2025-08-01,203,448,1
2025-08-01,203,493,0
2025-08-01,204,456,1
2025-08-01,204,490,0
2025-08-01,205,455,1
2025-08-01,205,493,0
2025-08-01,206,449,1
2025-08-01,206,454,1
2025-08-01,213,496,0
2025-08-01,196,532,0
2025-08-01,203,555,0
2025-08-01,205,548,0
2025-08-01,214,530,0
2025-08-01,223,555,0
2025-08-01,226,557,0
2025-08-01,232,543,0
2025-08-01,234,540,0
2025-08-01,234,551,0
2025-08-01,238,539,0
2025-08-01,238,540,0
2025-08-01,239,571,0
2025-08-01,244,540,0
2025-08-01,192,618,0
2025-08-01,196,607,0
2025-08-01,200,580,0
2025-08-01,214,637,0
2025-08-01,221,606,0
2025-08-01,236,580,0
2025-08-01,238,616,0
2025-08-01,251,615,0
2025-08-01,251,631,0
2025-08-01,253,625,0
2025-08-01,201,642,0
2025-08-01,215,646,0
2025-08-01,216,685,0
2025-08-01,220,667,1
2025-08-01,222,651,0
2025-08-01,230,702,0
2025-08-01,244,643,0
2025-08-01,246,668,0
2025-08-01,251,657,0
2025-08-01,254,642,0
2025-08-01,272,567,0
2025-08-01,274,556,0
2025-08-01,277,574,0
2025-08-01,280,570,0
2025-08-01,262,630,0
2025-08-01,273,610,0
2025-08-01,275,605,0
2025-08-01,276,604,0
2025-08-01,276,638,0
2025-08-01,281,602,0
2025-08-01,282,580,0
2025-08-01,283,629,0
2025-08-01,284,623,0
2025-08-01,289,637,0
2025-08-01,292,608,0
2025-08-01,306,599,0
2025-08-01,308,584,0
2025-08-01,310,595,0
2025-08-01,316,612,0
2025-08-01,259,641,0
2025-08-01,260,652,0
2025-08-01,266,648,0
2025-08-01,276,693,0
2025-08-01,280,680,0
2025-08-01,312,663,0
2025-08-01,312,693,0
2025-08-01,317,673,0
2025-08-01,274,720,0
2025-08-01,288,730,0
2025-08-01,319,748,0
2025-08-01,325,555,0
2025-08-01,331,575,0
2025-08-01,332,614,0
2025-08-01,341,586,0
2025-08-01,360,581,0
2025-08-01,320,690,0
2025-08-01,341,702,0
2025-08-01,370,688,0
2025-08-01,370,701,0
2025-08-01,322,751,0
2025-08-01,331,763,0
2025-08-01,335,746,0
2025-08-01,348,741,0
2025-08-01,362,714,0
2025-08-01,363,760,0
2025-08-01,365,719,0
2025-08-01,366,726,0
2025-08-01,366,741,0
2025-08-01,374,754,0
2025-08-01,375,716,0
2025-08-01,381,763,0
2025-08-01,385,696,0
2025-08-01,407,703,0
2025-08-01,384,728,0
2025-08-01,391,764,0
2025-08-01,395,740,0
2025-08-01,396,727,0
2025-08-01,409,735,0
2025-08-01,413,748,0
2025-08-01,414,733,0
2025-08-01,415,737,0
2025-08-01,423,726,0
2025-08-01,425,758,0
2025-08-01,430,751,0
2025-08-01,430,754,0
2025-08-01,443,758,0
2025-08-01,414,791,0
2025-08-01,431,773,0
2025-08-01,432,779,0
2025-08-01,440,776,0
2025-08-01,443,785,0
2025-08-01,453,764,0
2025-08-01,455,782,0
2025-08-01,478,797,0
2025-08-01,481,812,0
2025-08-01,482,791,0
2025-08-01,484,815,0
2025-08-01,494,818,0
2025-08-01,497,828,0
2025-08-01,504,820,0
2025-08-01,473,868,0
2025-08-01,481,854,0
2025-08-01,485,863,0
2025-08-01,503,879,0
2025-08-01,514,802,0
2025-08-01,543,829,0
2025-08-01,514,837,0
2025-08-01,522,861,0
2025-08-01,530,893,0
2025-08-01,530,894,0
2025-08-01,532,866,0
2025-08-01,535,834,0
2025-08-01,545,891,0
2025-08-01,552,864,0
2025-08-01,562,885,0
2025-08-01,569,878,0
2025-08-01,575,855,0
2025-08-01,525,922,0
2025-08-01,540,958,0
2025-08-01,549,955,0
2025-08-01,565,959,0
2025-08-01,568,916,0
2025-08-01,569,939,0
2025-08-01,569,952,0
2025-08-01,569,955,0
2025-08-01,570,931,0
2025-08-01,544,1007,0
2025-08-01,554,1006,0
2025-08-01,571,992,0
2025-08-01,524,1069,0
2025-08-01,534,1051,0
2025-08-01,535,1077,0
2025-08-01,546,1067,0
2025-08-01,546,1077,0
2025-08-01,553,1062,0
2025-08-01,529,1092,0
2025-08-01,538,1108,0
2025-08-01,538,1150,0
2025-08-01,555,1123,0
2025-08-01,556,1106,0
2025-08-01,559,1121,0
2025-08-01,563,1139,0
2025-08-01,570,1093,0
2025-08-01,541,1156,0
2025-08-01,570,1170,0
2025-08-01,576,875,0
2025-08-01,586,877,0
2025-08-01,606,894,0
2025-08-01,614,889,0
2025-08-01,617,879,0
2025-08-01,585,920,0
2025-08-01,594,956,0
2025-08-01,595,944,0
2025-08-01,617,916,0
2025-08-01,617,945,0
2025-08-01,620,898,0
2025-08-01,620,953,0
2025-08-01,629,911,0
2025-08-01,630,935,0
2025-08-01,587,970,0
2025-08-01,601,1012,0
2025-08-01,606,981,0
2025-08-01,610,1023,0
2025-08-01,612,966,0
2025-08-01,618,981,0
2025-08-01,624,979,0
2025-08-01,579,1052,0
2025-08-01,592,1053,0
2025-08-01,617,1050,0
2025-08-01,635,1035,0
2025-08-01,636,1056,0
2025-08-01,636,1084,0
2025-08-01,639,1026,0
2025-08-01,577,1103,0
2025-08-01,582,1092,0
2025-08-01,587,1131,0
2025-08-01,592,1105,0
2025-08-01,595,1088,0
2025-08-01,613,1093,0
2025-08-01,623,1112,1
2025-08-01,623,1114,1
2025-08-01,625,1128,1
2025-08-01,625,1131,1
2025-08-01,625,1132,1
2025-08-01,626,1130,1
2025-08-01,626,1131,1
2025-08-01,626,1132,1
2025-08-01,626,1133,1
2025-08-01,627,1128,1
2025-08-01,627,1131,1
2025-08-01,629,1108,1
2025-08-01,629,1111,1
2025-08-01,629,1118,1
2025-08-01,629,1123,0
2025-08-01,630,1118,1
2025-08-01,632,1118,1
2025-08-01,633,1132,1
2025-08-01,634,1132,1
2025-08-01,635,1132,1
2025-08-01,636,1132,1
2025-08-01,637,1132,1
2025-08-01,637,1133,1
2025-08-01,646,893,0
2025-08-01,655,894,0
2025-08-01,668,889,0
2025-08-01,672,891,0
2025-08-01,703,892,0
2025-08-01,640,943,0
2025-08-01,656,943,0
2025-08-01,660,939,0
2025-08-01,664,908,0
2025-08-01,665,939,0
2025-08-01,667,950,0
2025-08-01,670,941,0
2025-08-01,676,903,0
2025-08-01,681,940,0
2025-08-01,682,947,0
2025-08-01,685,914,0
2025-08-01,685,949,0
2025-08-01,690,936,0
2025-08-01,692,941,0
2025-08-01,644,1003,0
2025-08-01,649,962,0
2025-08-01,663,1014,0
2025-08-01,673,980,0
2025-08-01,702,1020,0
2025-08-01,642,1033,0
2025-08-01,643,1031,0
2025-08-01,644,1025,0
2025-08-01,644,1070,0
2025-08-01,647,1031,0
2025-08-01,650,1032,0
2025-08-01,656,1039,0
2025-08-01,670,1080,0
2025-08-01,685,1073,0
2025-08-01,686,1024,0
2025-08-01,688,1031,0
2025-08-01,693,1072,0
2025-08-01,693,1086,0
2025-08-01,698,1083,0
2025-08-01,700,1044,0
2025-08-01,640,1127,0
2025-08-01,643,1125,1
2025-08-01,661,1098,0
2025-08-01,663,1116,1
2025-08-01,664,1116,1
2025-08-01,665,1101,0
2025-08-01,667,1100,0
2025-08-01,670,1112,1
2025-08-01,673,1117,1
2025-08-01,674,1117,0
2025-08-01,675,1093,0
2025-08-01,675,1120,1
2025-08-01,677,1115,1
2025-08-01,678,1115,1
2025-08-01,679,1115,1
2025-08-01,680,1115,1
2025-08-01,683,1116,1
2025-08-01,683,1117,1
2025-08-01,683,1118,1
2025-08-01,683,1119,1
2025-08-01,684,1116,1
2025-08-01,684,1118,1
2025-08-01,684,1119,1
2025-08-01,685,1116,1
2025-08-01,685,1118,1
2025-08-01,685,1121,1
2025-08-01,685,1123,1
2025-08-01,685,1125,1
2025-08-01,686,1116,1
2025-08-01,686,1117,1
2025-08-01,686,1118,1
2025-08-01,686,1119,1
2025-08-01,686,1120,1
2025-08-01,686,1121,1
2025-08-01,686,1123,1
2025-08-01,687,1123,1
2025-08-01,687,1124,0
2025-08-01,688,1123,1
2025-08-01,691,1112,1
2025-08-01,692,1113,1
2025-08-01,694,1113,1
2025-08-01,708,892,0
2025-08-01,710,895,0
2025-08-01,704,951,0
2025-08-01,719,970,0
2025-08-01,719,977,0
2025-08-01,729,990,0
2025-08-01,730,967,0
2025-08-01,730,995,0
2025-08-01,734,997,0
2025-08-01,738,975,0
2025-08-01,745,961,0
2025-08-01,747,976,0
2025-08-01,748,1007,0
2025-08-01,750,974,0
2025-08-01,765,962,0
2025-08-01,709,1032,0
2025-08-01,725,1041,0
2025-08-01,737,1079,0
2025-08-01,738,1077,0
2025-08-01,741,1069,0
2025-08-01,751,1034,0
2025-08-01,761,1061,0
2025-08-01,704,1100,0
2025-08-01,708,1091,0
2025-08-01,713,1089,0
2025-08-01,766,1099,0
2025-08-01,767,1090,0
2025-08-01,770,992,0
2025-08-01,770,1018,0
2025-08-01,771,987,0
2025-08-01,788,983,0
2025-08-01,793,1011,0
2025-08-01,768,1080,0
2025-08-01,775,1073,0
2025-08-01,778,1086,0
2025-08-01,782,1032,0
2025-08-01,807,1056,0
2025-08-01,774,1089,0
2025-08-01,779,1090,0
2025-08-01,785,1105,0
2025-08-01,785,1111,0
2025-08-01,793,1098,0
2025-08-01,796,1100,0
2025-08-01,801,1099,0
2025-08-01,803,1104,0
2025-08-13,43,311,0
2025-08-13,50,311,0
2025-08-13,53,360,0
2025-08-13,54,362,0
2025-08-13,57,347,0
2025-08-13,64,313,0
2025-08-13,87,307,0
2025-08-13,87,308,1
2025-08-13,89,315,0
2025-08-13,101,313,1
2025-08-13,102,313,1
2025-08-13,109,315,1
2025-08-13,111,317,1
2025-08-13,65,332,0
2025-08-13,67,351,0
2025-08-13,72,338,0
2025-08-13,85,346,0
2025-08-13,91,339,0
2025-08-13,101,358,0
2025-08-13,125,377,0
2025-08-13,92,395,0
2025-08-13,99,432,0
2025-08-13,103,393,0
2025-08-13,106,400,0
2025-08-13,115,401,0
2025-08-13,115,419,0
2025-08-13,121,426,0
2025-08-13,126,423,0
2025-08-13,107,472,0
2025-08-13,119,476,0
2025-08-13,127,514,0
2025-08-13,83,692,0
2025-08-13,89,697,0
2025-08-13,90,672,0
2025-08-13,101,695,0
2025-08-13,104,701,0
2025-08-13,105,653,0
2025-08-13,114,669,0
2025-08-13,115,660,0
2025-08-13,120,687,0
2025-08-13,121,647,0
2025-08-13,85,706,0
2025-08-13,131,353,0
2025-08-13,136,351,0
2025-08-13,138,371,0
2025-08-13,144,364,0
2025-08-13,171,357,0
2025-08-13,175,381,0
2025-08-13,187,364,0
2025-08-13,129,393,0
2025-08-13,138,440,0
2025-08-13,141,415,0
2025-08-13,141,421,0
2025-08-13,154,407,0
2025-08-13,159,433,0
2025-08-13,165,409,0
2025-08-13,165,418,0
2025-08-13,171,396,0
2025-08-13,171,435,0
2025-08-13,175,416,0
2025-08-13,129,495,0
2025-08-13,132,487,0
2025-08-13,139,453,0
2025-08-13,160,493,0
2025-08-13,163,492,0
2025-08-13,164,465,0
2025-08-13,164,493,1
2025-08-13,164,494,1
2025-08-13,165,493,1
2025-08-13,165,494,1
2025-08-13,166,494,1
2025-08-13,167,451,1
2025-08-13,167,453,1
2025-08-13,167,454,1
2025-08-13,167,456,1
2025-08-13,167,457,1
2025-08-13,167,460,1
2025-08-13,169,449,1
2025-08-13,169,451,1
2025-08-13,169,452,1
2025-08-13,169,453,1
2025-08-13,169,454,1
2025-08-13,169,455,1
2025-08-13,169,456,1
2025-08-13,169,457,1
2025-08-13,169,458,1
2025-08-13,169,459,1
2025-08-13,169,460,1
2025-08-13,169,461,1
2025-08-13,169,462,1
2025-08-13,169,463,1
2025-08-13,169,464,1
2025-08-13,169,465,1
2025-08-13,169,466,1
2025-08-13,169,493,1
2025-08-13,170,449,1
2025-08-13,170,451,1
2025-08-13,170,452,1
2025-08-13,170,453,1
2025-08-13,170,454,1
2025-08-13,170,455,1
2025-08-13,170,456,1
2025-08-13,170,458,1
2025-08-13,170,468,1
2025-08-13,171,451,1
2025-08-13,171,453,1
2025-08-13,171,454,1
2025-08-13,171,455,1
2025-08-13,171,456,1
2025-08-13,171,457,1
2025-08-13,171,458,1
2025-08-13,171,459,1
2025-08-13,171,460,1
2025-08-13,171,461,1
2025-08-13,171,462,1
2025-08-13,171,464,1
2025-08-13,171,465,1
2025-08-13,171,466,1
2025-08-13,171,488,1
2025-08-13,172,449,1
2025-08-13,172,451,1
2025-08-13,172,452,1
2025-08-13,172,453,1
2025-08-13,172,454,1
2025-08-13,172,455,1
2025-08-13,172,456,1
2025-08-13,172,457,1
2025-08-13,172,458,1
2025-08-13,172,459,1
2025-08-13,172,460,1
2025-08-13,172,461,1
2025-08-13,172,462,1
2025-08-13,172,463,1
2025-08-13,172,464,1
2025-08-13,172,465,1
2025-08-13,172,466,1
2025-08-13,172,468,1
2025-08-13,173,455,1
2025-08-13,173,456,1
2025-08-13,173,457,1
2025-08-13,173,458,1
2025-08-13,173,459,1
2025-08-13,173,460,1
2025-08-13,173,461,1
2025-08-13,173,462,1
2025-08-13,173,463,1
2025-08-13,173,464,1
2025-08-13,173,465,1
2025-08-13,173,466,1
2025-08-13,174,455,1
2025-08-13,174,456,1
2025-08-13,174,457,1
2025-08-13,174,458,1
2025-08-13,174,459,1
2025-08-13,174,460,1
2025-08-13,174,461,1
2025-08-13,174,462,1
2025-08-13,174,463,1
2025-08-13,174,464,1
2025-08-13,174,465,1
2025-08-13,174,466,1
2025-08-13,174,467,1
2025-08-13,174,468,1
2025-08-13,174,470,1
2025-08-13,175,459,1
2025-08-13,175,460,1
2025-08-13,175,461,1
2025-08-13,175,462,1
2025-08-13,175,463,1
2025-08-13,175,464,1
2025-08-13,175,465,1
2025-08-13,175,466,1
2025-08-13,175,467,1
2025-08-13,175,468,1
2025-08-13,176,459,1
2025-08-13,176,460,1
2025-08-13,176,461,1
2025-08-13,176,462,1
2025-08-13,176,463,1
2025-08-13,176,464,1
2025-08-13,176,465,1
2025-08-13,176,466,1
2025-08-13,176,467,1
2025-08-13,176,468,1
2025-08-13,176,470,1
2025-08-13,176,498,0
2025-08-13,177,464,1
2025-08-13,177,465,1
2025-08-13,177,466,1
2025-08-13,177,467,1
2025-08-13,177,468,1
2025-08-13,177,469,1
2025-08-13,177,470,1
2025-08-13,178,463,1
2025-08-13,178,464,1
2025-08-13,178,465,1
2025-08-13,178,466,1
2025-08-13,178,467,1
2025-08-13,178,468,1
2025-08-13,178,469,1
2025-08-13,178,470,1
2025-08-13,178,471,1
2025-08-13,178,472,1
2025-08-13,179,468,1
2025-08-13,179,470,1
2025-08-13,179,472,1
2025-08-13,179,473,0
2025-08-13,181,467,1
2025-08-13,181,468,1
2025-08-13,181,469,1
2025-08-13,181,470,1
2025-08-13,181,471,1
2025-08-13,181,472,1
2025-08-13,182,478,1
2025-08-13,186,493,0
2025-08-13,152,546,0
2025-08-13,154,548,0
2025-08-13,176,533,0
2025-08-13,187,542,0
2025-08-13,190,527,0
2025-08-13,191,526,0
2025-08-13,140,629,0
2025-08-13,145,583,0
2025-08-13,155,639,0
2025-08-13,161,582,0
2025-08-13,161,636,0
2025-08-13,163,595,0
2025-08-13,179,616,0
2025-08-13,179,620,0
2025-08-13,180,579,0
2025-08-13,180,605,0
2025-08-13,182,582,0
2025-08-13,184,606,0
2025-08-13,185,621,0
2025-08-13,143,658,0
2025-08-13,150,664,0
2025-08-13,154,666,0
2025-08-13,157,659,0
2025-08-13,176,657,0
2025-08-13,180,644,0
2025-08-13,181,677,0
2025-08-13,183,653,0
2025-08-13,183,670,0
2025-08-13,185,647,0
2025-08-13,180,728,0
2025-08-13,186,721,0
2025-08-13,194,374,0
2025-08-13,237,365,1
2025-08-13,237,366,1
2025-08-13,239,370,1
2025-08-13,192,403,0
2025-08-13,198,401,0
2025-08-13,218,444,0
2025-08-13,232,438,0
2025-08-13,210,504,0
2025-08-13,213,500,0
2025-08-13,221,508,0
2025-08-13,205,529,0
2025-08-13,225,562,0
2025-08-13,231,531,0
2025-08-13,231,575,0
2025-08-13,237,557,0
2025-08-13,251,541,0
2025-08-13,199,626,0
2025-08-13,219,626,0
2025-08-13,221,577,0
2025-08-13,224,607,0
2025-08-13,228,612,0
2025-08-13,233,601,0
2025-08-13,235,623,0
2025-08-13,245,603,0
2025-08-13,249,627,0
2025-08-13,196,640,0
2025-08-13,196,668,0
2025-08-13,209,654,0
2025-08-13,215,647,0
2025-08-13,222,702,0
2025-08-13,230,641,0
2025-08-13,231,671,0
2025-08-13,234,696,0
2025-08-13,236,687,0
2025-08-13,244,648,0
2025-08-13,192,711,0
2025-08-13,260,559,0
2025-08-13,262,554,1
2025-08-13,263,563,0
2025-08-13,265,570,0
2025-08-13,268,569,0
2025-08-13,282,575,1
2025-08-13,284,572,1
2025-08-13,284,575,1
2025-08-13,285,575,1
2025-08-13,286,568,1
2025-08-13,286,570,1
2025-08-13,286,571,1
2025-08-13,286,575,0
2025-08-13,287,568,1
2025-08-13,287,570,1
2025-08-13,287,571,1
2025-08-13,287,574,1
2025-08-13,290,567,1
2025-08-13,291,567,1
2025-08-13,305,556,0
2025-08-13,265,603,1
2025-08-13,266,604,0
2025-08-13,266,606,1
2025-08-13,266,608,1
2025-08-13,267,592,0
2025-08-13,268,603,1
2025-08-13,268,604,1
2025-08-13,271,588,1
2025-08-13,272,590,1
2025-08-13,272,591,1
2025-08-13,272,606,0
2025-08-13,274,601,0
2025-08-13,275,588,0
2025-08-13,278,583,1
2025-08-13,282,578,1
2025-08-13,283,590,0
2025-08-13,289,585,0
2025-08-13,289,628,0
2025-08-13,293,601,0
2025-08-13,295,593,0
2025-08-13,295,624,0
2025-08-13,296,587,0
2025-08-13,300,604,0
2025-08-13,311,632,0
2025-08-13,316,602,0
2025-08-13,319,594,0
2025-08-13,319,600,0
2025-08-13,257,655,0
2025-08-13,260,648,0
2025-08-13,267,675,0
2025-08-13,270,651,1
2025-08-13,271,644,0
2025-08-13,272,650,1
2025-08-13,272,651,1
2025-08-13,272,652,1
2025-08-13,273,650,1
2025-08-13,273,651,1
2025-08-13,273,653,1
2025-08-13,274,650,1
2025-08-13,275,650,1
2025-08-13,275,652,1
2025-08-13,275,653,1
2025-08-13,275,693,0
2025-08-13,276,653,1
2025-08-13,286,645,0
2025-08-13,287,653,1
2025-08-13,289,648,1
2025-08-13,291,650,1
2025-08-13,291,653,1
2025-08-13,293,656,0
2025-08-13,293,672,0
2025-08-13,295,655,1
2025-08-13,296,652,1
2025-08-13,303,666,0
2025-08-13,310,657,0
2025-08-13,313,693,0
2025-08-13,318,699,0
2025-08-13,319,679,0
2025-08-13,270,735,0
2025-08-13,274,708,0
2025-08-13,282,721,0
2025-08-13,284,704,0
2025-08-13,288,738,0
2025-08-13,301,706,0
2025-08-13,307,719,0
2025-08-13,309,737,0
2025-08-13,316,749,0
2025-08-13,310,772,0
2025-08-13,313,770,0
2025-08-13,340,569,0
2025-08-13,339,593,0
2025-08-13,341,607,0
2025-08-13,350,594,0
2025-08-13,322,693,0
2025-08-13,326,695,0
2025-08-13,333,682,1
2025-08-13,334,682,1
2025-08-13,341,684,1
2025-08-13,343,684,1
2025-08-13,322,765,0
2025-08-13,324,760,0
2025-08-13,327,725,0
2025-08-13,333,767,0
2025-08-13,352,738,0
2025-08-13,355,765,0
2025-08-13,367,742,0
2025-08-13,372,705,0
2025-08-13,375,717,0
2025-08-13,375,754,0
2025-08-13,328,768,0
2025-08-13,386,693,0
2025-08-13,388,697,0
2025-08-13,388,745,0
2025-08-13,389,740,0
2025-08-13,389,757,0
2025-08-13,409,731,0
2025-08-13,412,714,0
2025-08-13,423,766,0
2025-08-13,435,750,0
2025-08-13,442,756,0
2025-08-13,386,768,0
2025-08-13,429,803,0
2025-08-13,433,810,0
2025-08-13,436,771,0
2025-08-13,440,803,0
2025-08-13,442,809,0
2025-08-13,443,799,0
2025-08-13,458,759,1
2025-08-13,464,767,1
2025-08-13,452,769,0
2025-08-13,485,814,0
2025-08-13,493,813,0
2025-08-13,499,805,0
2025-08-13,466,855,0
2025-08-13,480,872,0
2025-08-13,481,847,0
2025-08-13,484,844,0
2025-08-13,499,860,0
2025-08-13,499,863,0
2025-08-13,522,873,0
2025-08-13,532,842,0
2025-08-13,532,862,0
2025-08-13,532,892,0
2025-08-13,534,868,0
2025-08-13,541,842,0
2025-08-13,541,888,0
2025-08-13,543,863,0
2025-08-13,547,875,0
2025-08-13,551,895,0
2025-08-13,554,869,0
2025-08-13,560,882,0
2025-08-13,565,883,0
2025-08-13,574,860,0
2025-08-13,519,925,0
2025-08-13,535,935,0
2025-08-13,536,921,0
2025-08-13,546,929,0
2025-08-13,550,906,0
2025-08-13,550,918,0
2025-08-13,553,946,0
2025-08-13,567,949,0
2025-08-13,574,928,0
2025-08-13,575,946,0
2025-08-13,549,1004,0
2025-08-13,550,1005,0
2025-08-13,556,1017,0
2025-08-13,560,993,0
2025-08-13,566,1016,0
2025-08-13,546,1083,0
2025-08-13,547,1037,0
2025-08-13,558,1025,0
2025-08-13,564,1086,0
2025-08-13,566,1053,0
2025-08-13,574,1067,0
2025-08-13,540,1111,0
2025-08-13,540,1120,0
2025-08-13,541,1124,0
2025-08-13,542,1104,0
2025-08-13,559,1135,0
2025-08-13,562,1108,0
2025-08-13,565,1131,0
2025-08-13,571,1114,0
2025-08-13,572,1093,0
2025-08-13,573,1149,0
2025-08-13,548,1169,0
2025-08-13,581,850,0
2025-08-13,581,857,0
2025-08-13,583,857,0
2025-08-13,585,875,0
2025-08-13,597,861,0
2025-08-13,608,886,0
2025-08-13,613,885,0
2025-08-13,616,877,0
2025-08-13,639,895,0
2025-08-13,581,927,0
2025-08-13,582,903,0
2025-08-13,593,936,0
2025-08-13,597,934,0
2025-08-13,598,919,0
2025-08-13,609,907,0
2025-08-13,613,942,0
2025-08-13,614,955,0
2025-08-13,615,950,0
2025-08-13,626,951,0
2025-08-13,637,920,0
2025-08-13,583,1019,0
2025-08-13,597,991,0
2025-08-13,602,967,0
2025-08-13,604,984,0
2025-08-13,608,1005,0
2025-08-13,625,984,0
2025-08-13,628,973,0
2025-08-13,632,974,0
2025-08-13,636,966,0
2025-08-13,581,1026,0
2025-08-13,611,1087,0
2025-08-13,624,1036,0
2025-08-13,629,1085,0
2025-08-13,631,1064,0
2025-08-13,635,1057,0
2025-08-13,639,1054,0
2025-08-13,577,1143,0
2025-08-13,579,1118,0
2025-08-13,580,1124,0
2025-08-13,604,1114,0
2025-08-13,617,1094,0
2025-08-13,617,1100,0
2025-08-13,633,1124,0
2025-08-13,639,1115,0
2025-08-13,644,895,0
2025-08-13,648,884,0
2025-08-13,690,889,0
2025-08-13,641,896,0
2025-08-13,647,958,0
2025-08-13,660,933,0
2025-08-13,661,905,0
2025-08-13,663,952,0
2025-08-13,667,952,0
2025-08-13,668,956,0
2025-08-13,669,955,0
2025-08-13,671,909,0
2025-08-13,672,923,0
2025-08-13,682,911,0
2025-08-13,687,932,0
2025-08-13,691,929,0
2025-08-13,695,930,0
2025-08-13,697,948,0
2025-08-13,640,983,0
2025-08-13,646,985,0
2025-08-13,653,965,0
2025-08-13,665,968,0
2025-08-13,675,999,0
2025-08-13,676,977,0
2025-08-13,677,1021,0
2025-08-13,680,1001,0
2025-08-13,681,971,0
2025-08-13,683,973,0
2025-08-13,684,1003,0
2025-08-13,692,1014,0
2025-08-13,641,1077,0
2025-08-13,644,1047,0
2025-08-13,660,1064,0
2025-08-13,667,1054,0
2025-08-13,675,1069,0
2025-08-13,694,1065,0
2025-08-13,698,1071,0
2025-08-13,641,1115,0
2025-08-13,645,1096,0
2025-08-13,705,949,0
2025-08-13,707,912,0
2025-08-13,716,905,0
2025-08-13,719,919,0
2025-08-13,719,945,0
2025-08-13,720,954,0
2025-08-13,722,931,0
2025-08-13,708,996,0
2025-08-13,709,984,0
2025-08-13,711,974,0
2025-08-13,722,971,0
2025-08-13,723,979,0
2025-08-13,724,989,0
2025-08-13,738,1002,0
2025-08-13,749,1017,0
2025-08-13,750,976,0
2025-08-13,754,974,0
2025-08-13,757,969,0
2025-08-13,758,1005,0
2025-08-13,709,1037,0
2025-08-13,711,1057,0
2025-08-13,719,1079,0
2025-08-13,722,1041,0
2025-08-13,726,1063,0
2025-08-13,728,1054,0
2025-08-13,752,1070,0
2025-08-13,767,1036,0
2025-08-13,753,1113,0
2025-08-13,759,1106,0
2025-08-13,760,1104,0
2025-08-13,771,979,0
2025-08-13,772,979,0
2025-08-13,773,1015,0
2025-08-13,786,1007,0
2025-08-13,796,987,0
2025-08-13,798,1009,0
2025-08-13,769,1054,0
2025-08-13,771,1056,0
2025-08-13,778,1043,0
2025-08-13,785,1065,0
2025-08-13,787,1041,0
2025-08-13,792,1043,0
2025-08-13,805,1026,0
2025-08-13,817,1068,0
2025-08-13,820,1078,0
2025-08-13,777,1106,0
2025-08-13,787,1100,0
2025-08-13,791,1113,0
2025-08-13,802,1096,0
2025-08-13,802,1104,0
2025-08-13,804,1104,0
